char	운목	평측	세부성조
風	東	평	上平
中	東	평	上平
空	東	평	上平
紅	東	평	上平
東	東	평	上平
同	東	평	上平
翁	東	평	上平
公	東	평	上平
宮	東	평	上平
通	東	평	上平
窮	東	평	上平
竆	東	평	上平
功	東	평	上平
雄	東	평	上平
工	東	평	上平
鴻	東	평	上平
叢	東	평	上平
蓬	東	평	上平
終	東	평	上平
融	東	평	上平
濛	東	평	上平
虹	東	평	上平
童	東	평	上平
桐	東	평	上平
蟲	東	평	上平
匆	東	평	上平
弓	東	평	上平
蒙	東	평	上平
戎	東	평	上平
忠	東	평	上平
瓏	東	평	上平
豐	東	평	上平
豊	東	평	上平
怱	東	평	上平
隆	東	평	上平
崇	東	평	上平
穹	東	평	上平
櫳	東	평	上平
篷	東	평	上平
躬	東	평	上平
攻	東	평	上平
驄	東	평	上平
騘	東	평	上平
蔥	東	평	上平
衷	東	평	上平
筒	東	평	上平
籠	東	평	上平
瞳	東	평	上平
楓	東	평	上平
聾	東	평	上平
銅	東	평	上平
聰	東	평	上平
充	東	평	上平
朧	東	평	上平
熊	東	평	上平
洪	東	평	上平
逢	東	평	上平
峒	東	평	上平
嵩	東	평	上平
忡	東	평	上平
烘	東	평	上平
礱	東	평	上平
窿	東	평	上平
曨	東	평	上平
菘	東	평	上平
僮	東	평	上平
沖	東	평	上平
癃	東	평	上平
幪	東	평	上平
茸	東	평	上平
嵷	東	평	上平
芃	東	평	上平
曈	東	평	上平
恫	東	평	上平
仝	東	평	上平
盅	東	평	上平
悤	東	평	上平
崧	東	평	上平
筩	東	평	上平
矇	東	평	上平
馮	東	평	上平
瀜	東	평	上平
夢	東	평	上平
絨	東	평	上平
䓗	東	평	上平
葱	東	평	上平
騣	東	평	上平
璁	東	평	上平
朦	東	평	上平
訌	東	평	上平
蘢	東	평	上平
艟	東	평	上平
衝	東	평	上平
螽	東	평	上平
潨	東	평	上平
瞢	東	평	上平
嚨	東	평	上平
狨	東	평	上平
谼	東	평	上平
侗	東	평	上平
翀	東	평	上平
藭	東	평	上平
棕	東	평	上平
霳	東	평	上平
潼	東	평	上平
葒	東	평	上平
鬉	東	평	上平
葓	東	평	上平
渢	東	평	上平
懵	東	평	上平
雺	東	평	上平
氃	東	평	上平
蠓	東	평	上平
豵	東	평	上平
豅	東	평	上平
潀	東	평	上平
攏	東	평	上平
䧺	東	평	上平
痌	東	평	上平
爞	東	평	上平
穜	東	평	上平
瘋	東	평	上平
罿	東	평	上平
烽	東	평	上平
酆	東	평	上平
巃	東	평	上平
種	東	평	上平
饛	東	평	上平
朣	東	평	上平
韸	東	평	上平
嵏	東	평	上平
艨	東	평	上平
芎	東	평	上平
螉	東	평	上平
總	東	평	上平
瀧	東	평	上平
曚	東	평	上平
崆	東	평	上平
蝀	東	평	上平
酮	東	평	上平
髳	東	평	上平
灃	東	평	上平
哄	東	평	上平
髼	東	평	上平
蚣	東	평	上平
駥	東	평	上平
葼	東	평	上平
篊	東	평	上平
逄	東	평	上平
獞	東	평	上平
漴	東	평	上平
肜	東	평	上平
硿	東	평	上平
悾	東	평	上平
娀	東	평	上平
珫	東	평	上平
茙	東	평	上平
犝	東	평	上平
渱	東	평	上平
玒	東	평	上平
緵	東	평	上平
堫	東	평	上平
汎	東	평	上平
懜	東	평	上平
鼨	東	평	上平
蓊	東	평	上平
衕	東	평	上平
菶	東	평	上平
涷	東	평	上平
烔	東	평	上平
鬷	東	평	上平
箜	東	평	上平
匑	東	평	上平
稯	東	평	上平
洚	東	평	上平
氋	東	평	上平
茼	東	평	上平
惾	東	평	上平
麷	東	평	上平
鍐	東	평	上平
愡	東	평	上平
靀	東	평	上平
鯼	東	평	上平
膧	東	평	上平
釭	東	평	上平
罞	東	평	上平
塳	東	평	上平
鬔	東	평	上平
埪	東	평	上平
篵	東	평	上平
龐	東	평	上平
艐	東	평	上平
懞	東	평	上平
橦	東	평	上平
嗡	東	평	上平
谾	東	평	上平
蠪	東	평	上平
倥	東	평	上平
囪	東	평	上平
漎	東	평	上平
哃	東	평	上平
蕫	東	평	上平
摓	東	평	上平
狪	東	평	上平
柊	東	평	上平
靇	東	평	上平
涳	東	평	上平
茺	東	평	上平
檬	東	평	上平
烿	東	평	上平
眮	東	평	上平
鏓	東	평	上平
憽	東	평	上平
絧	東	평	上平
倲	東	평	上平
叿	東	평	上平
鵼	東	평	上平
碽	東	평	上平
蔠	東	평	上平
詷	東	평	上平
浺	東	평	上平
檧	東	평	上平
鉷	東	평	上平
鶇	東	평	上平
魟	東	평	上平
猦	東	평	上平
靊	東	평	上平
鎓	東	평	上平
蝬	東	평	上平
菄	東	평	上平
霟	東	평	上平
蓪	東	평	上平
鮦	東	평	上平
爖	東	평	上平
龓	東	평	上平
蘴	東	평	上平
鄸	東	평	上平
檒	東	평	上平
鴤	東	평	上平
寷	東	평	上平
繱	東	평	上平
痋	東	평	上平
餇	東	평	上平
錝	東	평	上平
灴	東	평	上平
偑	東	평	上平
蕯	東	평	上平
埄	東	평	上平
揔	東	평	上平
秱	東	평	上平
堸	東	평	上平
襱	東	평	上平
杛	東	평	上平
仹	東	평	上平
娻	東	평	上平
崠	東	평	上平
屸	東	평	上平
徖	東	평	上平
樋	東	평	上平
爜	東	평	上平
汷	東	평	上平
樥	東	평	上平
熢	東	평	上平
碂	東	평	上平
熜	東	평	上平
愩	東	평	上平
粡	東	평	上平
囲	東	평	上平
鸗	東	평	上平
勭	東	평	上平
瓨	東	평	上平
浲	東	평	上平
鶲	東	평	上平
熥	東	평	上平
湰	東	평	上平
嵡	東	평	上平
焪	東	평	上平
葻	東	평	上平
糿	東	평	上平
艂	東	평	上平
朡	東	평	上平
篢	東	평	上平
粠	東	평	上平
嘃	東	평	上平
疘	東	평	上平
曧	東	평	上平
鯟	東	평	上平
仜	東	평	上平
棇	東	평	上平
楤	東	평	上平
娂	東	평	上平
翪	東	평	上平
濍	東	평	上平
猣	東	평	上平
漨	東	평	上平
赨	東	평	上平
焢	東	평	上平
闂	東	평	上平
幊	東	평	上平
鑨	東	평	上平
硹	東	평	上平
鸏	東	평	上平
埬	東	평	上平
熍	東	평	上平
漗	東	평	上平
㤝	東	평	上平
䃧	東	평	上平
䮾	東	평	上平
㰍	東	평	上平
㚇	東	평	上平
䧆	東	평	上平
䕺	東	평	上平
㹣	東	평	上平
䯷	東	평	上平
㴦	東	평	上平
㣉	東	평	上平
䀄	東	평	上平
䙦	東	평	上平
䤓	東	평	上平
䆍	東	평	上平
㒥	東	평	上平
㳘	東	평	上平
䥂	東	평	上平
䞑	東	평	上平
㸗	東	평	上平
䂫	東	평	上平
㠦	東	평	上平
㼿	東	평	上平
㼧	東	평	上平
䍶	東	평	上平
䩺	東	평	上平
䪦	東	평	上平
䆔	東	평	上平
㮬	東	평	上平
䈦	東	평	上平
䵄	東	평	上平
㦕	東	평	上平
䅝	東	평	上平
㥖	東	평	上平
䁓	東	평	上平
䰸	東	평	上平
䈵	東	평	上平
䫹	東	평	上平
䈡	東	평	上平
㲁	東	평	上平
䐋	東	평	上平
䗓	東	평	上平
䟥	東	평	上平
㩚	東	평	上平
㨑	東	평	上平
㝫	東	평	上平
㠮	東	평	上平
㚅	東	평	上平
㠉	東	평	上平
䡯	東	평	上平
㠓	東	평	上平
䏊	東	평	上平
䆪	東	평	上平
䆚	東	평	上平
䴀	東	평	上平
㓽	東	평	上平
㕼	東	평	上平
䖝	東	평	上平
㒶	東	평	上平
㢥	東	평	上平
䰒	東	평	上平
䉺	東	평	上平
㺋	東	평	上平
䰤	東	평	上平
䮵	東	평	上平
㝟	東	평	上平
䴶	東	평	上平
䈺	東	평	上平
㕬	東	평	上平
㵯	東	평	上平
㳞	東	평	上平
䲨	東	평	上平
䡫	東	평	上平
䴿	東	평	上平
䧷	東	평	上平
䱵	東	평	上平
㣝	東	평	上平
䤝	東	평	上平
㓚	東	평	上平
㭜	東	평	上平
䝦	東	평	上平
䪊	東	평	上平
㣭	東	평	上平
䲲	東	평	上平
䑃	東	평	上平
㖓	東	평	上平
㦀	東	평	上平
䘪	東	평	上平
㙹	東	평	上平
㜴	東	평	上平
䒠	東	평	上平
㝘	東	평	上平
𦨴	東	평	上平
𪔴	東	평	上平
𨍈	東	평	上平
𦏆	東	평	上平
𥵫	東	평	上平
𢃐	東	평	上平
𩐠	東	평	上平
𢫨	東	평	上平
𨾊	東	평	上平
𧠊	東	평	上平
𥭗	東	평	上平
𩅉	東	평	上平
𣌾	東	평	上平
𧙥	東	평	上平
𨍉	東	평	上平
𧳆	東	평	上平
𦮔	東	평	上平
𨏠	東	평	上平
𢊕	東	평	上平
𦿏	東	평	上平
𦯇	東	평	上平
𧱁	東	평	上平
峰	冬	평	上平
峯	冬	평	上平
龍	冬	평	上平
容	冬	평	上平
鍾	冬	평	上平
松	冬	평	上平
蹤	冬	평	上平
踪	冬	평	上平
重	冬	평	上平
濃	冬	평	上平
鐘	冬	평	上平
從	冬	평	上平
封	冬	평	上平
蓉	冬	평	上平
宗	冬	평	上平
逢	冬	평	上平
胸	冬	평	上平
胷	冬	평	上平
冬	冬	평	上平
農	冬	평	上平
慵	冬	평	上平
筇	冬	평	上平
鋒	冬	평	上平
庸	冬	평	上平
舂	冬	평	上平
儂	冬	평	上平
供	冬	평	上平
凶	冬	평	上平
恭	冬	평	上平
悰	冬	평	上平
雍	冬	평	上平
溶	冬	평	上平
蜂	冬	평	上平
蛩	冬	평	上平
墉	冬	평	上平
穠	冬	평	上平
鬆	冬	평	上平
茸	冬	평	上平
縫	冬	평	上平
鎔	冬	평	上平
醲	冬	평	上平
沖	冬	평	上平
烽	冬	평	上平
傭	冬	평	上平
鏞	冬	평	上平
兇	冬	평	上平
邛	冬	평	上平
淙	冬	평	上平
邕	冬	평	上平
忪	冬	평	上平
鼕	冬	평	上平
龔	冬	평	上平
淞	冬	평	上平
縱	冬	평	上平
琮	冬	평	上平
顒	冬	평	上平
憧	冬	평	上平
喁	冬	평	上平
彤	冬	평	上平
饔	冬	평	上平
籠	冬	평	上平
榕	冬	평	上平
豐	冬	평	上平
豊	冬	평	上平
癰	冬	평	上平
共	冬	평	上平
嗈	冬	평	上平
卭	冬	평	上平
洶	冬	평	上平
跫	冬	평	上平
鬃	冬	평	上平
葑	冬	평	上平
噰	冬	평	上平
廱	冬	평	上平
蛬	冬	평	上平
匈	冬	평	上平
賨	冬	평	上平
鱅	冬	평	上平
熔	冬	평	上平
蘢	冬	평	上平
訩	冬	평	上平
壅	冬	평	上平
艟	冬	평	上平
衝	冬	평	上平
禺	冬	평	上平
咚	冬	평	上平
鏦	冬	평	上平
憃	冬	평	上平
瑢	冬	평	上平
摏	冬	평	上平
嫞	冬	평	上平
樅	冬	평	上平
籦	冬	평	上平
鄘	冬	평	上平
鬞	冬	평	上平
褣	冬	평	上平
磫	冬	평	上平
膿	冬	평	上平
橦	冬	평	上平
恟	冬	평	上平
蓯	冬	평	上平
蹱	冬	평	上平
桻	冬	평	上平
瞛	冬	평	上平
蕹	冬	평	上平
彸	冬	평	上平
媶	冬	평	上平
庝	冬	평	上平
崶	冬	평	上平
澭	冬	평	上平
銎	冬	평	上平
憹	冬	평	上平
矓	冬	평	上平
齈	冬	평	上平
舼	冬	평	上平
噥	冬	평	上平
瑽	冬	평	上平
傛	冬	평	上平
伀	冬	평	上平
摓	冬	평	上平
躘	冬	평	上平
鏧	冬	평	上平
蝩	冬	평	上平
浵	冬	평	上平
臃	冬	평	上平
漨	冬	평	上平
凇	冬	평	上平
佟	冬	평	上平
妐	冬	평	上平
蚣	冬	평	上平
滽	冬	평	上平
徸	冬	평	上平
褈	冬	평	上平
妦	冬	평	上平
捀	冬	평	上平
驡	冬	평	上平
蕽	冬	평	上平
搈	冬	평	上平
犎	冬	평	上平
孮	冬	평	上平
鑫	冬	평	上平
鉵	冬	평	上平
浲	冬	평	上平
縙	冬	평	上平
郺	冬	평	上平
誴	冬	평	上平
鉖	冬	평	上平
襛	冬	평	上平
槦	冬	평	上平
炂	冬	평	上平
熧	冬	평	上平
欁	冬	평	上平
赨	冬	평	上平
倧	冬	평	上平
桏	冬	평	上平
龏	冬	평	上平
髶	冬	평	上平
禯	冬	평	上平
詾	冬	평	上平
緟	冬	평	上平
炵	冬	평	上平
緃	冬	평	上平
篈	冬	평	上平
隀	冬	평	上平
嵱	冬	평	上平
蹖	冬	평	上平
銿	冬	평	上平
笗	冬	평	上平
鰫	冬	평	上平
夆	冬	평	上平
榵	冬	평	上平
痋	冬	평	上平
鷛	冬	평	上平
衳	冬	평	上平
嫆	冬	평	上平
穁	冬	평	上平
堼	冬	평	上平
蚒	冬	평	上平
倯	冬	평	上平
鸗	冬	평	上平
暰	冬	평	上平
灉	冬	평	上平
賩	冬	평	上平
檂	冬	평	上平
媀	冬	평	上平
髸	冬	평	上平
苳	冬	평	上平
慒	冬	평	上平
鍶	冬	평	上平
刣	冬	평	上平
婃	冬	평	上平
䂌	冬	평	上平
㲨	冬	평	上平
䯳	冬	평	上平
䗤	冬	평	上平
㿈	冬	평	上平
䗦	冬	평	上平
䅃	冬	평	上平
䧡	冬	평	上平
㮪	冬	평	上平
㧭	冬	평	上平
㠽	冬	평	上平
䡮	冬	평	上平
㡣	冬	평	上平
䘬	冬	평	上平
䐫	冬	평	上平
䳷	冬	평	上平
㚵	冬	평	上平
䗥	冬	평	上平
䇀	冬	평	上平
䅊	冬	평	上平
㸼	冬	평	上平
䀱	冬	평	上平
㞱	冬	평	上平
䙂	冬	평	上平
㤏	冬	평	上平
㴩	冬	평	上平
㺎	冬	평	上平
䝑	冬	평	上平
㲇	冬	평	上平
䌬	冬	평	上平
䰌	冬	평	上平
䳋	冬	평	上平
䊄	冬	평	上平
䳯	冬	평	上平
㙡	冬	평	上平
㣑	冬	평	上平
㽫	冬	평	上平
䆹	冬	평	上平
䥢	冬	평	上平
㜂	冬	평	上平
䗬	冬	평	上平
䤊	冬	평	上平
䣏	冬	평	上平
䃔	冬	평	上平
㜉	冬	평	上平
䇯	冬	평	上平
㹐	冬	평	上平
㫒	冬	평	上平
䢉	冬	평	上平
㣠	冬	평	上平
䡴	冬	평	上平
㐯	冬	평	上平
䳉	冬	평	上平
䡥	冬	평	上平
㝐	冬	평	上平
㟾	冬	평	上平
䠜	冬	평	上平
㷭	冬	평	上平
䩼	冬	평	上平
䗸	冬	평	上平
䳍	冬	평	上平
䂈	冬	평	上平
䈶	冬	평	上平
㢕	冬	평	上平
㶻	冬	평	上平
㮤	冬	평	上平
㜡	冬	평	上平
䢼	冬	평	上平
㬝	冬	평	上平
㫡	冬	평	上平
䢨	冬	평	上平
㼸	冬	평	上平
㻾	冬	평	上平
䡆	冬	평	上平
䶱	冬	평	上平
䇗	冬	평	上平
𦨰	冬	평	上平
𩅽	冬	평	上平
𩘎	冬	평	上平
𨑊	冬	평	上平
𠟍	冬	평	上平
𥎂	冬	평	上平
𩥫	冬	평	上平
𨙔	冬	평	上平
𧝸	冬	평	上平
𦬘	冬	평	上平
𢪋	冬	평	上平
𧝎	冬	평	上平
𪔖	冬	평	上平
𩂓	冬	평	上平
𪔳	冬	평	上平
𥳎	冬	평	上平
𢧳	冬	평	上平
𪄻	冬	평	上平
𥍮	冬	평	上平
𢃓	冬	평	上平
𦭭	冬	평	上平
𪚝	冬	평	上平
𧘂	冬	평	上平
江	江	평	上平
窓	江	평	上平
窗	江	평	上平
囱	江	평	上平
窻	江	평	上平
牎	江	평	上平
䆫	江	평	上平
牕	江	평	上平
雙	江	평	上平
邦	江	평	上平
降	江	평	上平
缸	江	평	上平
幢	江	평	上平
腔	江	평	上平
龐	江	평	上平
撞	江	평	上平
扛	江	평	上平
艭	江	평	上平
厖	江	평	上平
淙	江	평	上平
釭	江	평	上平
矼	江	평	上平
瀧	江	평	上平
杠	江	평	上平
樁	江	평	上平
尨	江	평	上平
摐	江	평	上平
哤	江	평	上平
茳	江	평	上平
鏦	江	평	上平
憃	江	평	上平
逄	江	평	上平
駹	江	평	上平
跫	江	평	上平
瑽	江	평	上平
谾	江	평	上平
庬	江	평	上平
玒	江	평	上平
樅	江	평	上平
羫	江	평	上平
肛	江	평	上平
漎	江	평	上平
梆	江	평	上平
椌	江	평	上平
洚	江	평	上平
噇	江	평	上平
狵	江	평	上平
痝	江	평	上平
蛖	江	평	上平
橦	江	평	上平
豇	江	평	上平
刅	江	평	上平
悾	江	평	上平
舽	江	평	上平
娏	江	평	上平
鬃	江	평	上平
噥	江	평	上平
啌	江	평	上平
囪	江	평	上平
涳	江	평	上平
跭	江	평	上平
栙	江	평	上平
魟	江	평	上平
愯	江	평	上平
胦	江	평	上平
憹	江	평	上平
峕	江	평	上平
垹	江	평	上平
浝	江	평	上平
牻	江	평	上平
膧	江	평	上平
佭	江	평	上平
孇	江	평	上平
堫	江	평	上平
鸏	江	평	上平
瓨	江	평	上平
欆	江	평	上平
訌	江	평	上平
㟅	江	평	上平
䉶	江	평	上平
䎫	江	평	上平
䵨	江	평	上平
㼻	江	평	上平
䜫	江	평	上平
䝄	江	평	上平
䁸	江	평	上平
䢶	江	평	上平
㼹	江	평	上平
䚒	江	평	上平
䄝	江	평	上平
䤸	江	평	上平
㟌	江	평	上平
䚎	江	평	上平
㾤	江	평	上平
䜶	江	평	上平
㤶	江	평	上平
㒕	江	평	上平
䉘	江	평	上平
䚗	江	평	上平
䓼	江	평	上平
䭚	江	평	上平
㧿	江	평	上平
䃥	江	평	上平
𢥠	江	평	上平
𨇯	江	평	上平
𩐨	江	평	上平
𥆙	江	평	上平
𥎋	江	평	上平
𤵸	江	평	上平
𧊑	江	평	上平
時	支	평	上平
旹	支	평	上平
詩	支	평	上平
知	支	평	上平
枝	支	평	上平
期	支	평	上平
朞	支	평	上平
遲	支	평	上平
遅	支	평	上平
之	支	평	上平
奇	支	평	上平
悲	支	평	上平
絲	支	평	上平
師	支	평	上平
池	支	평	上平
姿	支	평	上平
思	支	평	上平
移	支	평	上平
垂	支	평	上平
離	支	평	上平
宜	支	평	上平
疑	支	평	上平
眉	支	평	上平
辭	支	평	上平
誰	支	평	上平
隨	支	평	上平
持	支	평	上平
爲	支	평	上平
馳	支	평	上平
詞	支	평	上平
衰	支	평	上平
癡	支	평	上平
痴	支	평	上平
兒	支	평	上平
卮	支	평	上平
碑	支	평	上平
旗	支	평	上平
夷	支	평	上平
吹	支	평	上平
儀	支	평	上平
危	支	평	上平
祠	支	평	上平
籬	支	평	上平
私	支	평	上平
欺	支	평	上平
滋	支	평	上平
支	支	평	上平
棋	支	평	上平
棊	支	평	上平
碁	支	평	上平
巵	支	평	上平
遺	支	평	上平
湄	支	평	上平
窺	支	평	上平
闚	支	평	上平
披	支	평	上平
茲	支	평	上平
斯	支	평	上平
墀	支	평	上平
嬉	支	평	上平
帷	支	평	上平
漪	支	평	上平
芝	支	평	上平
疲	支	평	上平
追	支	평	上平
規	支	평	上平
槼	支	평	上平
䂓	支	평	上平
資	支	평	上平
施	支	평	上平
頤	支	평	上平
卑	支	평	上平
差	支	평	上平
基	支	평	上平
羈	支	평	上平
涯	支	평	上平
饑	支	평	上平
飢	支	평	上平
虧	支	평	上平
岐	支	평	上平
脂	支	평	上平
炊	支	평	上平
怡	支	평	上平
皮	支	평	上平
熙	支	평	上平
煕	支	평	上平
嗤	支	평	上平
麾	支	평	上平
肌	支	평	上平
陲	支	평	上平
維	支	평	上平
陂	支	평	上平
慈	支	평	上平
璃	支	평	上平
漓	支	평	上平
伊	支	평	上平
醫	支	평	上平
茨	支	평	上平
螭	支	평	上平
曦	支	평	上平
蕤	支	평	上平
龜	支	평	上平
司	支	평	上平
累	支	평	上平
纍	支	평	上平
姬	支	평	上平
咨	支	평	上平
錐	支	평	上平
緇	支	평	上平
脾	支	평	上平
葵	支	평	上平
其	支	평	上平
歧	支	평	上平
髭	支	평	上平
雌	支	평	上平
欹	支	평	上平
彝	支	평	上平
屍	支	평	上平
釐	支	평	上平
飴	支	평	上平
疵	支	평	上平
颸	支	평	上平
巇	支	평	上平
痍	支	평	上平
推	支	평	上平
迤	支	평	上平
尼	支	평	上平
糜	支	평	上平
縻	支	평	上平
羆	支	평	上平
攲	支	평	上平
騎	支	평	上平
夔	支	평	上平
貲	支	평	上平
隳	支	평	上平
羸	支	평	上平
狸	支	평	上平
箕	支	평	上平
貽	支	평	上平
篪	支	평	上平
肢	支	평	上平
治	支	평	上平
逵	支	평	上平
而	支	평	上平
蘺	支	평	上平
萎	支	평	上平
鴟	支	평	上平
彌	支	평	上平
綏	支	평	上平
楣	支	평	上平
麋	支	평	上平
羲	支	평	上平
笞	支	평	上平
鸝	支	평	上平
澌	支	평	上平
椎	支	평	上平
醨	支	평	上平
鷀	支	평	上平
媸	支	평	上平
洟	支	평	上平
噫	支	평	上平
綦	支	평	上平
陴	支	평	上平
嘻	支	평	上平
梨	支	평	上平
崎	支	평	上平
蛇	支	평	上平
洏	支	평	上平
匙	支	평	上平
嫠	支	평	上平
胝	支	평	上平
罳	支	평	上平
裨	支	평	上平
醾	支	평	上平
咿	支	평	上平
猗	支	평	上平
貔	支	평	上平
毗	支	평	上平
罹	支	평	上平
淄	支	평	上平
惟	支	평	上平
萁	支	평	上平
禧	支	평	上平
瀰	支	평	上平
鶿	支	평	上平
孜	支	평	上平
嵫	支	평	上平
蓍	支	평	上平
榱	支	평	上平
嵋	支	평	上平
比	支	평	上平
菑	支	평	上平
蚩	支	평	上平
緌	支	평	上平
錘	支	평	上平
鬐	支	평	上平
姨	支	평	上平
獅	支	평	上平
蘼	支	평	上平
犧	支	평	上平
隋	支	평	上平
絺	支	평	上平
祺	支	평	上平
鷥	支	평	上平
居	支	평	上平
祇	支	평	上平
耆	支	평	上平
麗	支	평	上平
怩	支	평	上平
坻	支	평	上平
訾	支	평	上平
甆	支	평	上平
瓷	支	평	上平
騅	支	평	上平
祁	支	평	上平
圯	支	평	上平
扅	支	평	上平
嶷	支	평	上平
眵	支	평	上平
魑	支	평	上平
氏	支	평	上平
耔	支	평	上平
敧	支	평	上平
齊	支	평	上平
書	支	평	上平
縭	支	평	上平
褷	支	평	上平
輀	支	평	上平
丕	支	평	上平
孳	支	평	上平
僛	支	평	上平
犁	支	평	上平
槌	支	평	上平
蜊	支	평	上平
祗	支	평	上平
琦	支	평	上平
驪	支	평	上平
篩	支	평	上平
崖	支	평	上平
邳	支	평	上平
凘	支	평	上平
坯	支	평	上平
摛	支	평	上平
黐	支	평	上平
蜞	支	평	上平
葹	支	평	上平
熹	支	평	上平
鎚	支	평	上平
提	支	평	上平
埤	支	평	上平
梔	支	평	上平
倕	支	평	上平
匜	支	평	上平
跜	支	평	上平
禆	支	평	上平
氂	支	평	上平
踦	支	평	上平
鰭	支	평	上平
玼	支	평	上平
瓻	支	평	上平
撝	支	평	上平
塒	支	평	上平
畸	支	평	上平
漦	支	평	上平
罷	支	평	上平
厘	支	평	上平
廝	支	평	上平
粢	支	평	上平
錙	支	평	上平
馗	支	평	上平
磁	支	평	上平
蠡	支	평	上平
睢	支	평	上平
琪	支	평	上平
菭	支	평	上平
痿	支	평	上平
輜	支	평	上平
娭	支	평	上平
犄	支	평	上平
淇	支	평	上平
僖	支	평	上平
嚱	支	평	上平
齎	支	평	上平
詒	支	평	上平
紕	支	평	上平
騏	支	평	上平
鈹	支	평	上平
脽	支	평	上平
鮞	支	평	上平
戲	支	평	上平
戯	支	평	上平
戱	支	평	上平
麒	支	평	上平
眙	支	평	上平
伾	支	평	上平
坨	支	평	上平
媯	支	평	上平
鸃	支	평	上平
玆	支	평	上平
偲	支	평	上平
厓	支	평	上平
茈	支	평	上平
踟	支	평	上平
黟	支	평	上平
禕	支	평	上平
戣	支	평	上平
鰣	支	평	上平
庳	支	평	上平
褫	支	평	上平
箠	支	평	上平
縲	支	평	上平
蚳	支	평	上平
蓰	支	평	上平
諆	支	평	上平
簃	支	평	上平
鼒	支	평	上平
壘	支	평	上平
泜	支	평	上平
寅	支	평	上平
埼	支	평	上平
觿	支	평	上平
妮	支	평	上平
釃	支	평	上平
栭	支	평	上平
倛	支	평	上平
胹	支	평	上平
甤	支	평	上平
觺	支	평	上平
髵	支	평	上平
鴯	支	평	上平
耛	支	평	上平
纚	支	평	上平
蘄	支	평	上平
絁	支	평	上平
壝	支	평	上平
餈	支	평	上平
虒	支	평	上平
騤	支	평	上平
椸	支	평	上平
鵻	支	평	上平
椅	支	평	上平
呞	支	평	上平
犠	支	평	上平
咦	支	평	上平
榿	支	평	上平
台	支	평	上平
呢	支	평	上平
逶	支	평	上平
雖	支	평	上平
椑	支	평	上平
獼	支	평	上平
骴	支	평	上平
宧	支	평	上平
魌	支	평	上平
鎡	支	평	上平
郿	支	평	上平
稘	支	평	上平
委	支	평	上平
翍	支	평	上平
錤	支	평	上平
罙	支	평	上平
犛	支	평	上平
貤	支	평	上平
濉	支	평	上平
劘	支	평	上平
黧	支	평	上平
琵	支	평	上平
黴	支	평	上平
趑	支	평	上平
酏	支	평	上平
唲	支	평	上平
耏	支	평	上平
峗	支	평	上平
溈	支	평	上平
鉟	支	평	上平
荽	支	평	上平
劙	支	평	上平
蔂	支	평	上平
爢	支	평	上平
郫	支	평	上平
鯔	支	평	上平
秠	支	평	上平
熺	支	평	上平
陑	支	평	上平
丌	支	평	上平
劑	支	평	上平
錡	支	평	上平
蚭	支	평	上平
薋	支	평	上平
阰	支	평	上平
濰	支	평	上平
腄	支	평	上平
跂	支	평	上平
唯	支	평	上平
觜	支	평	上平
被	支	평	上平
緦	支	평	上平
枱	支	평	上平
訑	支	평	上平
狉	支	평	上平
饎	支	평	上平
鈚	支	평	上平
齍	支	평	上平
襹	支	평	上平
剞	支	평	上平
蛦	支	평	上平
觭	支	평	上平
榰	支	평	上平
駓	支	평	上平
嗞	支	평	上平
禔	支	평	上平
禠	支	평	上平
覗	支	평	上平
鍉	支	평	上平
娸	支	평	上平
鳷	支	평	上平
椔	支	평	上平
螄	支	평	上平
蜲	支	평	上平
衼	支	평	上平
噅	支	평	上平
甀	支	평	上平
倠	支	평	上平
轜	支	평	上平
偨	支	평	上平
蚾	支	평	上平
恞	支	평	上平
誺	支	평	上平
頯	支	평	上平
虆	支	평	上平
跠	支	평	上平
豾	支	평	上平
欙	支	평	上平
齹	支	평	上平
媐	支	평	上平
陭	支	평	上平
岯	支	평	上平
頄	支	평	上平
峓	支	평	上平
芓	支	평	上平
阺	支	평	上平
嵯	支	평	上平
鈈	支	평	上平
樆	支	평	上平
旇	支	평	上平
瓵	支	평	上平
疧	支	평	上平
鶥	支	평	上平
洢	支	평	上平
摫	支	평	上平
梩	支	평	上平
箷	支	평	上平
厜	支	평	上平
仳	支	평	上平
仔	支	평	上平
吱	支	평	上平
茬	支	평	上平
詖	支	평	上平
蚑	支	평	上平
蚍	支	평	上平
栘	支	평	上平
胰	支	평	上平
蜘	支	평	上平
謻	支	평	上平
呲	支	평	上平
剺	支	평	上平
枇	支	평	上平
蠵	支	평	上平
踑	支	평	上平
觶	支	평	上平
螷	支	평	上平
孋	支	평	上平
蜱	支	평	上平
鵯	支	평	上平
呸	支	평	上平
躨	支	평	上平
鮧	支	평	上平
鵹	支	평	上平
鳲	支	평	上平
圌	支	평	上平
嫢	支	평	上平
腝	支	평	上平
蟣	支	평	上平
甾	支	평	上平
禗	支	평	上平
鮍	支	평	上平
蟕	支	평	上平
簛	支	평	上平
縒	支	평	上平
齝	支	평	上平
夊	支	평	上平
誒	支	평	上平
犪	支	평	上平
孷	支	평	上平
膍	支	평	上平
瞡	支	평	上平
姕	支	평	上平
嗺	支	평	上平
鴺	支	평	上平
栺	支	평	上平
蠀	支	평	上平
姼	支	평	上平
苤	支	평	上平
鬾	支	평	上平
狓	支	평	上平
愢	支	평	上平
桋	支	평	上平
悂	支	평	上平
髬	支	평	上平
隹	支	평	上平
謘	支	평	上平
齜	支	평	上平
蘪	支	평	上平
萓	支	평	上平
璂	支	평	上平
蕬	支	평	上平
沶	支	평	上平
鶅	支	평	上平
鰦	支	평	上平
婎	支	평	上平
滖	支	평	上平
羠	支	평	上平
楑	支	평	上平
鐁	支	평	上平
毞	支	평	上平
蓶	支	평	上平
鰤	支	평	上平
軝	支	평	上平
掑	支	평	上平
桸	支	평	上平
蠝	支	평	上平
廲	支	평	上平
磃	支	평	上平
柂	支	평	上平
荾	支	평	上平
彽	支	평	上平
拸	支	평	上平
醚	支	평	上平
琟	支	평	上平
柌	支	평	上平
蛜	支	평	上平
熪	支	평	上平
銔	支	평	上平
轙	支	평	上平
燍	支	평	上平
攗	支	평	上平
荎	支	평	上平
謧	支	평	上平
荋	支	평	上平
爔	支	평	上平
浬	支	평	上平
鈭	支	평	上平
譩	支	평	上平
肶	支	평	上平
鯬	支	평	上平
芪	支	평	上平
鯕	支	평	上平
鼺	支	평	上平
袘	支	평	上平
嫘	支	평	上平
厶	支	평	上平
榹	支	평	上平
糦	支	평	上平
螔	支	평	上平
篃	支	평	上平
蜤	支	평	上平
擟	支	평	上平
芕	支	평	上平
瓃	支	평	上平
騩	支	평	上平
堳	支	평	上平
槻	支	평	上平
筣	支	평	上平
蟖	支	평	上平
桵	支	평	上平
嫛	支	평	上平
蟍	支	평	上平
娺	支	평	上平
犤	支	평	上平
纗	支	평	上平
暿	支	평	上平
濝	支	평	上平
紎	支	평	上平
郪	支	평	上平
秪	支	평	上平
衹	支	평	上平
鄬	支	평	上平
鸓	支	평	上平
諰	支	평	上平
崥	支	평	上平
攠	支	평	上平
眱	支	평	上平
倁	支	평	上平
璾	支	평	上平
稵	支	평	上平
篅	支	평	上平
蚔	支	평	上平
澬	支	평	上平
戂	支	평	上平
藣	支	평	上平
鶳	支	평	上平
魾	支	평	上平
袻	支	평	上平
魮	支	평	上平
讉	支	평	上平
耚	支	평	上平
檹	支	평	上平
啙	支	평	上平
艃	支	평	上平
箈	支	평	上平
菞	支	평	上平
洈	支	평	上平
杘	支	평	上平
蘳	支	평	上平
萆	支	평	上平
柅	支	평	上平
巙	支	평	上平
脪	支	평	上平
鉹	支	평	上平
怌	支	평	上平
猍	支	평	上平
娞	支	평	上平
錍	支	평	上平
鵸	支	평	上平
蔩	支	평	上平
薺	支	평	上平
巸	支	평	上平
倭	支	평	上平
侕	支	평	上平
飺	支	평	上平
穲	支	평	上平
怟	支	평	上平
恑	支	평	上平
妛	支	평	上平
眭	支	평	上平
諀	支	평	上平
徛	支	평	上平
瞦	支	평	上平
鶀	支	평	上平
瞝	支	평	上平
邿	支	평	上平
蒒	支	평	上平
悘	支	평	上平
騦	支	평	上平
媊	支	평	上平
欐	支	평	上平
怶	支	평	上平
抾	支	평	上平
愭	支	평	上平
垐	支	평	上平
貾	支	평	上平
敮	支	평	上平
鈶	支	평	上平
抳	支	평	上平
鑴	支	평	上平
顀	支	평	上平
屔	支	평	上平
搋	支	평	上平
鴲	支	평	上平
鄈	支	평	上平
杒	支	평	上平
鬶	支	평	上平
麎	支	평	上平
猸	支	평	上平
剘	支	평	上平
陏	支	평	上平
嬨	支	평	上平
猚	支	평	上平
峏	支	평	上平
槜	支	평	上平
睝	支	평	上平
鄑	支	평	上平
瓍	支	평	上平
蚽	支	평	上平
鋖	支	평	上平
寪	支	평	上平
秓	支	평	上平
恖	支	평	上平
躸	支	평	上平
鮨	支	평	上平
錅	支	평	上平
鼶	支	평	上平
猈	支	평	上平
諅	支	평	上平
徥	支	평	上平
泀	支	평	上平
葿	支	평	上平
鳺	支	평	上平
籾	支	평	上平
狏	支	평	上平
萑	支	평	上平
葰	支	평	上平
蓷	支	평	上平
浽	支	평	上平
綥	支	평	上平
婑	支	평	上平
糸	支	평	上平
覹	支	평	上平
呰	支	평	上平
旖	支	평	上平
矖	支	평	上平
瑡	支	평	上平
嚟	支	평	上平
訵	支	평	上平
槣	支	평	上平
馶	支	평	上平
珆	支	평	上平
鑗	支	평	上平
趍	支	평	上平
惢	支	평	上平
聏	支	평	上平
魳	支	평	上平
湤	支	평	上平
簊	支	평	上平
亓	支	평	上平
苼	支	평	上平
湷	支	평	上平
墮	支	평	上平
矀	支	평	上平
濨	支	평	上平
寲	支	평	上平
臸	支	평	上平
秖	支	평	上平
藄	支	평	上平
抷	支	평	上平
秛	支	평	上平
瞴	支	평	上平
鵧	支	평	上平
焁	支	평	上平
跢	支	평	上平
荲	支	평	上平
醀	支	평	上平
胂	支	평	上平
鏔	支	평	上平
忯	支	평	上平
綨	支	평	上平
暆	支	평	上平
鶗	支	평	上平
鍦	支	평	上平
溡	支	평	上平
楒	支	평	上平
秜	支	평	上平
狋	支	평	上平
刕	支	평	上平
伎	支	평	上平
胔	支	평	上平
夂	支	평	上平
覣	支	평	上平
她	支	평	上平
鼭	支	평	上平
炋	支	평	上平
瑂	支	평	上平
瓕	支	평	上平
奞	支	평	上平
篺	支	평	上平
榯	支	평	上平
栥	支	평	上平
溮	支	평	上平
汖	支	평	上平
趀	支	평	上平
羛	支	평	上平
鋫	支	평	上平
鸍	支	평	上平
鳾	支	평	上平
隓	支	평	上平
乁	支	평	上平
侇	支	평	上平
孖	支	평	上平
汥	支	평	上平
箄	支	평	上平
扺	支	평	上平
誃	支	평	上平
駍	支	평	上平
焷	支	평	上平
禌	支	평	上平
袲	支	평	上平
欈	支	평	上平
粸	支	평	上平
酈	支	평	上平
猉	支	평	上平
沘	支	평	上平
䍦	支	평	上平
㕒	支	평	上平
㜷	支	평	上平
㒧	支	평	上平
㕧	支	평	上平
㒿	支	평	上平
䧅	支	평	上平
䲭	支	평	上平
䙰	支	평	上平
䴊	支	평	上平
㮰	支	평	上平
㶟	支	평	上平
㱦	支	평	上平
䬐	支	평	上平
㔣	支	평	上平
䤈	支	평	上平
䕻	支	평	上平
䱌	支	평	上平
䔟	支	평	上平
䨨	支	평	上平
䳢	支	평	上平
㬢	支	평	上平
㖇	支	평	上平
㠌	支	평	上平
㺔	支	평	上平
䔮	支	평	上平
䜔	支	평	上平
䡋	支	평	上平
㞴	支	평	上平
㤵	支	평	上平
䬜	支	평	上平
䧳	支	평	上平
䴽	支	평	上平
䥴	支	평	上平
㝖	支	평	上平
㿲	支	평	上平
䱘	支	평	上平
䩟	支	평	上平
䇪	支	평	上平
䀵	支	평	上平
㮛	支	평	上平
㾨	支	평	上平
䮊	支	평	上平
䈘	支	평	上平
䝷	支	평	上平
䲑	支	평	上平
䂀	支	평	上平
䓡	支	평	上平
㷰	支	평	上平
㥓	支	평	上平
䛴	支	평	上平
㽧	支	평	上平
䊷	支	평	上平
䇁	支	평	上平
㞿	支	평	上平
䴧	支	평	上平
㫅	支	평	上平
䳠	支	평	上平
㰨	支	평	上平
㺇	支	평	上平
㴯	支	평	上平
㽡	支	평	上平
䝝	支	평	上平
㨢	支	평	上平
䉻	支	평	上平
㲠	支	평	上平
䚿	支	평	上平
䊳	支	평	上平
㢑	支	평	上平
䅲	支	평	上平
䲉	支	평	上平
䧌	支	평	上平
䙹	支	평	上平
䂣	支	평	上平
䌤	支	평	上平
㣍	支	평	上平
㯄	支	평	上平
㠼	支	평	上平
䅔	支	평	上平
䊍	支	평	上平
䍘	支	평	上平
䓋	支	평	上平
㟚	支	평	上平
䇫	支	평	上平
䴻	支	평	上平
㯦	支	평	上平
䌳	支	평	上平
㹫	支	평	上平
䅑	支	평	上平
㐌	支	평	上平
䝴	支	평	上平
䥯	支	평	上平
䪹	支	평	上平
㞢	支	평	上平
㦾	支	평	上平
㫷	支	평	上平
㙓	支	평	上平
䯱	支	평	上平
䐖	支	평	上平
䖽	支	평	上平
䣽	支	평	上平
䖪	支	평	上平
䘒	支	평	上平
䲬	支	평	上平
䶔	支	평	上平
䎩	支	평	上平
䶴	支	평	上平
䧝	支	평	上平
䔆	支	평	上平
䞅	支	평	上平
䳄	支	평	上平
㚝	支	평	上平
㚦	支	평	上平
䕳	支	평	上平
㔭	支	평	上平
㗓	支	평	上平
䆅	支	평	上平
㩼	支	평	上平
㔻	支	평	上平
䅻	支	평	上平
㿳	支	평	上平
䮔	支	평	上平
䭨	支	평	上平
㞾	支	평	上平
䎟	支	평	上平
㠿	支	평	上平
䎠	支	평	上平
䬮	支	평	上平
䙙	支	평	上平
㺿	支	평	上平
䮆	支	평	上平
䋩	支	평	上平
㱆	支	평	上平
䞚	支	평	上平
㰎	支	평	上平
㲤	支	평	上平
㮃	支	평	上平
䧶	支	평	上平
䳫	支	평	上平
㸏	支	평	上平
䫠	支	평	上平
䶵	支	평	上平
䫏	支	평	上平
䛐	支	평	上平
䝚	支	평	上平
䩓	支	평	上平
㧫	支	평	上平
㺨	支	평	上平
㩽	支	평	上平
㣦	支	평	上平
䡳	支	평	上平
䈕	支	평	上平
䣎	支	평	上平
㴲	支	평	上平
䮈	支	평	上平
䶆	支	평	上平
䖒	支	평	上平
䫑	支	평	上平
䭶	支	평	上平
㺰	支	평	上平
䪧	支	평	上平
䑴	支	평	上平
㘂	支	평	上平
㰘	支	평	上平
㗪	支	평	上平
㮕	支	평	上平
䊚	支	평	上平
㖢	支	평	上平
㺈	支	평	上平
㸟	支	평	上平
䌕	支	평	上平
䜅	支	평	上平
㹎	支	평	上平
䟀	支	평	上平
䄬	支	평	上平
㰻	支	평	上平
䵹	支	평	上平
㽻	支	평	上平
㨳	支	평	上平
䫋	支	평	上平
䞾	支	평	上平
㰞	支	평	上平
㻟	支	평	上平
䐅	支	평	上平
䄜	支	평	上平
䩭	支	평	上平
㰚	支	평	上平
䣫	支	평	上平
䋥	支	평	上平
䧴	支	평	上平
㖷	支	평	上平
䓜	支	평	上平
䶞	支	평	上平
䎱	支	평	上平
䥸	支	평	上平
㯅	支	평	上平
䟚	支	평	上平
䪎	支	평	上平
䱈	支	평	上平
䙾	支	평	上平
㬐	支	평	上平
㜯	支	평	上平
䭣	支	평	上平
䧦	支	평	上平
㩾	支	평	上平
䖿	支	평	上平
㷢	支	평	上平
䲹	支	평	上平
㚀	支	평	上平
㒋	支	평	上平
䣡	支	평	上平
䛂	支	평	上平
㮅	支	평	上平
䕤	支	평	上平
䗐	支	평	上平
㲍	支	평	上平
㽄	支	평	上平
㘹	支	평	上平
㺣	支	평	上平
䲿	支	평	上平
䑊	支	평	上平
䳡	支	평	上平
㛓	支	평	上平
䉲	支	평	上平
㚸	支	평	上平
䨏	支	평	上平
䬁	支	평	上平
䫢	支	평	上平
䭼	支	평	上平
䟸	支	평	上平
㶨	支	평	上平
㓟	支	평	上平
䢫	支	평	上平
㼢	支	평	上平
𩅰	支	평	上平
𤪌	支	평	上平
𧧺	支	평	上平
𥰭	支	평	上平
𥯨	支	평	上平
𧹛	支	평	上平
𦑡	支	평	上平
𨾚	支	평	上平
𩆂	支	평	上平
𧔍	支	평	上平
𠠍	支	평	上平
𣮉	支	평	上平
𧦧	支	평	上平
𧪡	支	평	上平
𣢑	支	평	上平
𪗋	支	평	上平
𪎫	支	평	上平
𧩹	支	평	上平
𠈩	支	평	上平
𩓠	支	평	上平
𦝢	支	평	上平
𢤂	支	평	上平
𨵎	支	평	上平
𥁼	支	평	上平
𤱍	支	평	上平
𤇴	支	평	上平
𩁌	支	평	上平
𩄚	支	평	上平
𩆵	支	평	上平
𣚂	支	평	上平
𠻗	支	평	上平
𩣚	支	평	上平
𢓡	支	평	上平
𦗕	支	평	上平
𦃇	支	평	上平
𦉈	支	평	上平
𧥤	支	평	上平
𧢦	支	평	上平
𧕯	支	평	上平
𧡺	支	평	上平
𢹍	支	평	上平
𢻹	支	평	上平
𤸬	支	평	上平
𦳈	支	평	上平
𦐉	支	평	上平
𤿎	支	평	上平
𪋩	支	평	上平
𪘫	支	평	上平
𥍋	支	평	上平
𡖂	支	평	上平
𢜽	支	평	上平
𪆁	支	평	上平
歸	微	평	上平
㱕	微	평	上平
飛	微	평	上平
衣	微	평	上平
微	微	평	上平
稀	微	평	上平
非	微	평	上平
機	微	평	上平
扉	微	평	上平
違	微	평	上平
暉	微	평	上平
机	微	평	上平
肥	微	평	上平
依	微	평	上平
輝	微	평	上平
圍	微	평	上平
磯	微	평	上平
威	微	평	上平
霏	微	평	上平
闈	微	평	上平
薇	微	평	上平
揮	微	평	上平
菲	微	평	上平
幃	微	평	上平
希	微	평	上平
畿	微	평	上平
妃	微	평	上平
晞	微	평	上平
徽	微	평	上平
璣	微	평	上平
幾	微	평	上平
譏	微	평	上平
饑	微	평	上平
飢	微	평	上平
旂	微	평	上平
欷	微	평	上平
祈	微	평	上平
騑	微	평	上平
圻	微	평	上平
鞿	微	평	上平
緋	微	평	上平
韋	微	평	上平
腓	微	평	上平
沂	微	평	上平
巍	微	평	上平
翬	微	평	上平
睎	微	평	上平
唏	微	평	上平
淝	微	평	上平
馡	微	평	上平
頎	微	평	上平
豨	微	평	上平
囗	微	평	上平
煇	微	평	上平
蜚	微	평	上平
葳	微	평	上平
蝛	微	평	上平
誹	微	평	上平
狶	微	평	上平
褘	微	평	上平
痱	微	평	上平
嘰	微	평	上平
埼	微	평	上平
皈	微	평	上平
禨	微	평	上平
溰	微	평	上平
俙	微	평	上平
譩	微	평	上平
巋	微	평	上平
婓	微	평	上平
鵗	微	평	上平
耭	微	평	上平
厞	微	평	上平
悕	微	평	上平
溦	微	평	上平
湋	微	평	上平
騩	微	평	上平
騛	微	평	上平
犩	微	평	上平
浠	微	평	上平
郗	微	평	上平
蜰	微	평	上平
鬿	微	평	上平
烯	微	평	上平
裶	微	평	上平
蟣	微	평	上平
鐖	微	평	上平
蚚	微	평	上平
莃	微	평	上平
楲	微	평	上平
刏	微	평	上平
僟	微	평	上平
楎	微	평	上平
婔	微	평	上平
肵	微	평	上平
鰴	微	평	上平
魕	微	평	上平
靟	微	평	上平
奜	微	평	上平
媁	微	평	上平
琋	微	평	上平
灳	微	평	上平
椲	微	평	上平
喡	微	평	上平
鍏	微	평	上平
潿	微	평	上平
媙	微	평	上平
岓	微	평	上平
癓	微	평	上平
渄	微	평	上平
媈	微	평	上平
蟦	微	평	上平
鯡	微	평	上平
飝	微	평	上平
瀈	微	평	上平
隇	微	평	上平
覹	微	평	上平
屄	微	평	上平
玂	微	평	上平
矀	微	평	上平
鰄	微	평	上平
猆	微	평	上平
郼	微	평	上平
餥	微	평	上平
禈	微	평	上平
㣲	微	평	上平
䢜	微	평	上平
㟪	微	평	上平
㚻	微	평	上平
㹆	微	평	上平
䩁	微	평	上平
䇵	微	평	上平
㙨	微	평	上平
䧇	微	평	上平
㳖	微	평	上平
㹷	微	평	上平
㟓	微	평	上平
㩣	微	평	上平
䓅	微	평	上平
㫵	微	평	上平
䟇	微	평	上平
䒾	微	평	上平
䪰	微	평	上平
䈈	微	평	上平
㵟	微	평	上平
㥋	微	평	上平
㫎	微	평	上平
㙎	微	평	上平
䬠	微	평	上平
䥩	微	평	上平
䉠	微	평	上平
䖷	微	평	上平
䙟	微	평	上平
㠻	微	평	上平
㛄	微	평	上平
𨵈	微	평	上平
𢾁	微	평	上平
𠨚	微	평	上平
𥰙	微	평	上平
𧰙	微	평	上平
𠂣	微	평	上平
𤟤	微	평	上平
𧗇	微	평	上平
𦠄	微	평	上平
𩇯	微	평	上平
書	魚	평	上平
餘	魚	평	上平
魚	魚	평	上平
居	魚	평	上平
如	魚	평	上平
疏	魚	평	上平
疎	魚	평	上平
䟽	魚	평	上平
踈	魚	평	上平
廬	魚	평	上平
初	魚	평	上平
虛	魚	평	上平
虗	魚	평	上平
虚	魚	평	上平
車	魚	평	上平
除	魚	평	上平
舒	魚	평	上平
渠	魚	평	上平
裾	魚	평	上平
墟	魚	평	上平
鋤	魚	평	上平
閭	魚	평	上平
余	魚	평	上平
蔬	魚	평	上平
漁	魚	평	上平
予	魚	평	上平
輿	魚	평	上平
徐	魚	평	上平
胥	魚	평	上平
躇	魚	평	上平
儲	魚	평	上平
諸	魚	평	上平
驢	魚	평	上平
蕖	魚	평	上平
梳	魚	평	上平
歟	魚	평	上平
噓	魚	평	上平
歔	魚	평	上平
琚	魚	평	上平
㞐	魚	평	上平
蜍	魚	평	上平
璵	魚	평	上平
攄	魚	평	上平
譽	魚	평	上平
鉏	魚	평	上平
旟	魚	평	上平
蘧	魚	평	上平
畬	魚	평	上平
豬	魚	평	上平
樗	魚	평	上平
狙	魚	평	上平
袪	魚	평	上平
於	魚	평	上平
趄	魚	평	上平
與	魚	평	上平
祛	魚	평	上平
于	魚	평	上平
菹	魚	평	上平
蛆	魚	평	上平
紓	魚	평	上平
篨	魚	평	上平
瀦	魚	평	上平
臚	魚	평	上平
且	魚	평	上平
苴	魚	평	上平
據	魚	평	上平
雎	魚	평	上平
沮	魚	평	上平
茹	魚	평	上平
淤	魚	평	上平
櫚	魚	평	上平
疽	魚	평	上平
鶋	魚	평	上平
滁	魚	평	上平
袽	魚	평	上平
蒢	魚	평	上平
妤	魚	평	上平
磲	魚	평	上平
洳	魚	평	上平
驉	魚	평	上平
挐	魚	평	上平
魖	魚	평	上平
砠	魚	평	上平
綀	魚	평	上平
箊	魚	평	上平
帤	魚	평	上平
櫧	魚	평	上平
鴽	魚	평	上平
佘	魚	평	上平
糈	魚	평	上平
璩	魚	평	上平
呿	魚	평	上平
藘	魚	평	上平
蝫	魚	평	上平
岨	魚	평	上平
咀	魚	평	上平
屠	魚	평	上平
慮	魚	평	上平
舁	魚	평	上平
諝	魚	평	上平
阹	魚	평	上平
鋙	魚	평	上平
醵	魚	평	上平
胠	魚	평	上平
櫫	魚	평	上平
塗	魚	평	上平
藷	魚	평	上平
湑	魚	평	上平
腒	魚	평	上平
蝑	魚	평	上平
伃	魚	평	上平
鸒	魚	평	上平
雓	魚	평	上平
疋	魚	평	上平
耝	魚	평	上平
衙	魚	평	上平
齬	魚	평	上平
瘀	魚	평	上平
鐻	魚	평	上平
摴	魚	평	上平
籧	魚	평	上平
鴡	魚	평	上平
蒘	魚	평	上平
蚷	魚	평	上平
椐	魚	평	上平
憈	魚	평	上平
璷	魚	평	上平
艅	魚	평	上平
爈	魚	평	上平
楈	魚	평	上平
蜛	魚	평	上平
抾	魚	평	上平
蕠	魚	평	上平
匷	魚	평	上平
崌	魚	평	上平
淭	魚	평	上平
螶	魚	평	上平
狳	魚	평	上平
豦	魚	평	上平
俆	魚	평	上平
鵌	魚	평	上平
嬩	魚	평	上平
坥	魚	평	上平
唹	魚	평	上平
懙	魚	평	上平
鵨	魚	평	上平
菃	魚	평	上平
侞	魚	평	上平
捓	魚	평	上平
婮	魚	평	上平
曥	魚	평	上平
伹	魚	평	上平
硢	魚	평	上平
捈	魚	평	上平
捒	魚	평	上平
涺	魚	평	上平
鮽	魚	평	上平
鱋	魚	평	上平
櫖	魚	평	上平
筎	魚	평	上平
麆	魚	평	上平
謯	魚	평	上平
筡	魚	평	上平
瑹	魚	평	上平
偦	魚	평	上平
籅	魚	평	上平
蒣	魚	평	上平
桇	魚	평	上平
豠	魚	평	上平
娪	魚	평	上平
邚	魚	평	上平
稌	魚	평	上平
劯	魚	평	上平
藇	魚	평	上平
蕏	魚	평	上平
魼	魚	평	上平
揟	魚	평	上平
鷠	魚	평	上平
郚	魚	평	上平
紶	魚	평	上平
㠊	魚	평	上平
䃴	魚	평	上平
䕡	魚	평	上平
䱬	魚	평	上平
䈝	魚	평	上平
䠧	魚	평	上平
䱉	魚	평	上平
㭬	魚	평	上平
䝻	魚	평	上平
㺞	魚	평	上平
䥚	魚	평	上平
㧧	魚	평	上平
䔡	魚	평	上平
䪶	魚	평	上平
㝒	魚	평	上平
䈌	魚	평	上平
䣰	魚	평	上平
䍱	魚	평	上平
䱷	魚	평	上平
䡤	魚	평	上平
㯫	魚	평	上平
㾒	魚	평	上平
䟊	魚	평	上平
䰻	魚	평	上平
䢸	魚	평	上平
䧾	魚	평	上平
䋈	魚	평	上平
䏣	魚	평	上平
㡹	魚	평	上平
㠠	魚	평	上平
㥠	魚	평	上平
䝣	魚	평	上平
䘫	魚	평	上平
㶛	魚	평	上平
䣷	魚	평	上平
㭕	魚	평	上平
䮉	魚	평	上平
䐳	魚	평	上平
䅕	魚	평	上平
䁩	魚	평	上平
㱺	魚	평	上平
㣄	魚	평	上平
㯉	魚	평	上平
䓚	魚	평	上平
㽰	魚	평	上平
䬔	魚	평	上平
䊰	魚	평	上平
䆽	魚	평	上平
䂛	魚	평	上平
䒧	魚	평	上平
㻬	魚	평	上平
㶆	魚	평	上平
䐗	魚	평	上平
䗨	魚	평	上平
䰕	魚	평	上平
𡨢	魚	평	上平
𪅰	魚	평	上平
𨛭	魚	평	上平
𪆂	魚	평	上平
𥿇	魚	평	上平
𧓻	魚	평	上平
無	虞	평	上平
圖	虞	평	上平
湖	虞	평	上平
夫	虞	평	上平
孤	虞	평	上平
珠	虞	평	上平
都	虞	평	上平
隅	虞	평	上平
壺	虞	평	上平
徒	虞	평	上平
殊	虞	평	上平
途	虞	평	上平
枯	虞	평	上平
須	虞	평	上平
鬚	虞	평	上平
儒	虞	평	上平
呼	虞	평	上平
娛	虞	평	上平
蘇	虞	평	上平
俱	虞	평	上平
蕪	虞	평	上平
符	虞	평	上平
愚	虞	평	上平
扶	虞	평	上平
衢	虞	평	上平
烏	虞	평	上平
趨	虞	평	上平
軀	虞	평	上平
吳	虞	평	上平
奴	虞	평	上平
株	虞	평	上平
雛	虞	평	上平
虞	虞	평	上平
蒲	虞	평	上平
爐	虞	평	上平
區	虞	평	上平
腴	虞	평	上平
駒	虞	평	上平
糊	虞	평	上平
梧	虞	평	上平
驅	虞	평	上平
膚	虞	평	上平
徂	虞	평	上平
胡	虞	평	上平
紆	虞	평	上平
姑	虞	평	上平
臾	虞	평	上平
躕	虞	평	上平
蹰	虞	평	上平
吾	虞	평	上平
鳧	虞	평	上平
籲	虞	평	上平
吁	虞	평	上平
迂	虞	평	上平
塗	虞	평	上平
乎	虞	평	上平
沽	虞	평	上平
廚	虞	평	上平
厨	虞	평	上平
敷	虞	평	上平
模	虞	평	上平
朱	虞	평	上平
拘	虞	평	上平
謨	虞	평	上平
壚	虞	평	上平
鑪	虞	평	上平
襦	虞	평	上平
誅	虞	평	上平
盧	虞	평	上平
濡	虞	평	上平
蘆	虞	평	上平
樞	虞	평	上平
誣	虞	평	上平
臒	虞	평	上平
逋	虞	평	上平
鋪	虞	평	上平
租	虞	평	上平
榆	虞	평	上平
楡	虞	평	上平
鱸	虞	평	上平
姝	虞	평	上平
渝	虞	평	上平
竽	虞	평	上平
酥	虞	평	上平
瑚	虞	평	上平
晡	虞	평	上平
臞	虞	평	上平
狐	虞	평	上平
辜	虞	평	上平
嶇	虞	평	上平
鴣	虞	평	上平
弧	虞	평	上平
盂	虞	평	上平
粗	虞	평	上平
麤	虞	평	上平
麁	虞	평	上平
顱	虞	평	上平
銖	虞	평	上平
輸	虞	평	上平
孥	虞	평	上平
摹	虞	평	上平
需	虞	평	上平
艫	虞	평	上平
劬	虞	평	上平
芻	虞	평	上平
蒭	虞	평	上平
汙	虞	평	上平
孚	虞	평	上平
嗚	虞	평	上平
趺	虞	평	上平
愉	虞	평	上平
癯	虞	평	上平
毹	虞	평	上平
諛	虞	평	上平
巫	虞	평	上平
轤	虞	평	上平
屠	虞	평	上平
於	虞	평	上平
醐	虞	평	上平
踰	虞	평	上平
觚	虞	평	上平
萸	虞	평	上平
俞	虞	평	上平
菟	虞	평	上平
瑜	虞	평	上平
逾	虞	평	上平
揄	虞	평	上平
殳	虞	평	上平
雩	虞	평	上平
酤	虞	평	上平
桴	虞	평	上平
泭	虞	평	上平
俘	虞	평	上平
菰	虞	평	上平
苽	虞	평	上平
痡	虞	평	上平
繻	虞	평	上平
歈	虞	평	上平
郛	虞	평	上平
盱	虞	평	上平
蛛	虞	평	上平
蟵	虞	평	上平
殂	虞	평	上平
鼯	虞	평	上平
嚅	虞	평	上平
駑	虞	평	上平
貙	虞	평	上平
嵎	虞	평	上平
蛄	虞	평	上平
呱	虞	평	上平
刳	虞	평	上平
蒱	虞	평	上平
玞	虞	평	上平
蚨	虞	평	上平
餔	虞	평	上平
窬	虞	평	上平
荼	虞	평	上平
禺	虞	평	上平
瘏	虞	평	上平
酺	虞	평	上平
覦	虞	평	上平
矑	虞	평	上平
苻	虞	평	上平
鈇	虞	평	上平
鏤	虞	평	上平
洙	虞	평	上平
櫨	虞	평	上平
罛	虞	평	上平
幮	虞	평	上平
趍	虞	평	上平
瀘	虞	평	上平
褕	虞	평	上平
牾	虞	평	上平
圩	虞	평	上平
纑	虞	평	上平
莩	虞	평	上平
瓠	虞	평	上平
跗	虞	평	上平
鶘	虞	평	上平
駼	虞	평	上平
唔	虞	평	上平
媭	虞	평	上平
櫥	虞	평	上平
闍	虞	평	上平
柎	虞	평	上平
笯	虞	평	上平
喁	虞	평	上平
枹	虞	평	上平
瞿	虞	평	上平
穌	虞	평	上平
旴	虞	평	上平
圬	虞	평	上平
毋	虞	평	上平
芙	虞	평	上平
麩	虞	평	上平
絇	虞	평	上平
罦	虞	평	上平
玗	虞	평	上平
摸	虞	평	上平
菇	虞	평	上平
邾	虞	평	上平
硃	虞	평	上平
蝓	虞	평	上平
荂	虞	평	上平
稃	虞	평	上平
懦	虞	평	上平
孺	虞	평	上平
葫	虞	평	上平
茱	虞	평	上平
莆	虞	평	上平
于	虞	평	上平
蒩	虞	평	上平
瘉	虞	평	上平
陬	虞	평	上平
膜	虞	평	上平
諏	虞	평	上平
蔞	虞	평	上平
杅	虞	평	上平
鴝	虞	평	上平
娵	虞	평	上平
瓿	虞	평	上平
軥	虞	평	上平
氍	虞	평	上平
鰅	虞	평	上平
羭	虞	평	上平
戵	虞	평	上平
帑	虞	평	上平
邘	虞	평	上平
洿	虞	평	上平
箍	虞	평	上平
鸕	虞	평	上平
姁	虞	평	上平
齬	虞	평	上平
酴	虞	평	上平
猢	虞	평	上平
鼩	虞	평	上平
浯	虞	평	上平
嫫	虞	평	上平
箛	虞	평	上平
痀	虞	평	上平
醹	虞	평	上平
鋘	虞	평	上平
玈	虞	평	上平
軱	虞	평	上平
騟	虞	평	上平
嵞	虞	평	上平
趎	虞	평	上平
顬	虞	평	上平
惡	虞	평	上平
婁	虞	평	上平
句	虞	평	上平
母	虞	평	上平
喻	虞	평	上平
趣	虞	평	上平
嘟	虞	평	上平
嘑	虞	평	上平
蝴	虞	평	上平
匍	虞	평	上平
稌	虞	평	上平
軲	虞	평	上平
齵	虞	평	上平
跦	虞	평	上平
跔	虞	평	上平
鮬	虞	평	上平
睮	虞	평	上平
呋	虞	평	上平
朐	虞	평	上平
獹	虞	평	上平
峬	虞	평	上平
珸	虞	평	上平
釪	虞	평	上平
柧	虞	평	上平
瓐	虞	평	上平
粰	虞	평	上平
獳	虞	평	上平
苸	虞	평	上平
邞	虞	평	上平
癒	虞	평	上平
峹	虞	평	上平
膴	虞	평	上平
殍	虞	평	上平
澞	虞	평	上平
腢	虞	평	上平
幠	虞	평	上平
鄜	虞	평	上平
楰	虞	평	上平
媀	虞	평	上平
湡	虞	평	上平
雽	虞	평	上平
嘔	虞	평	上平
鑺	虞	평	上平
咕	虞	평	上平
蠕	虞	평	上平
蝡	虞	평	上平
菩	虞	평	上平
葡	虞	평	上平
侏	虞	평	上平
喣	虞	평	上平
隃	虞	평	上平
謼	虞	평	上平
虖	虞	평	上平
胊	虞	평	上平
歍	虞	평	上平
鎢	虞	평	上平
砮	虞	평	上平
孵	虞	평	上平
謣	虞	평	上平
滹	虞	평	上平
榑	虞	평	上平
慺	虞	평	上平
扜	虞	평	上平
蠼	虞	평	上平
牏	虞	평	上平
欨	虞	평	上平
欋	虞	평	上平
攎	虞	평	上平
鰞	虞	평	上平
庯	虞	평	上平
鑐	虞	평	上平
荴	虞	평	上平
犓	虞	평	上平
鱬	虞	평	上平
蠦	虞	평	上平
堣	虞	평	上平
媰	虞	평	上平
冔	虞	평	上平
氀	虞	평	上平
廔	虞	평	上平
膢	虞	평	上平
袾	虞	평	上平
蘛	虞	평	上平
櫯	虞	평	上平
鯆	虞	평	上平
鸆	虞	평	上平
蜈	虞	평	上平
鈲	虞	평	上平
氁	虞	평	上平
枎	虞	평	上平
魱	虞	평	上平
躣	虞	평	上平
楜	虞	평	上平
薷	虞	평	上平
箶	虞	평	上平
絑	虞	평	上平
螐	虞	평	上平
柨	虞	평	上平
跿	虞	평	上平
陓	虞	평	上平
莁	虞	평	上平
鮢	虞	평	上平
橭	虞	평	上平
陠	虞	평	上平
斪	虞	평	上平
萮	虞	평	上平
鵌	虞	평	上平
鷜	虞	평	上平
鍝	虞	평	上平
虶	虞	평	上平
窏	虞	평	上平
骷	虞	평	上平
歑	虞	평	上平
衧	虞	평	上平
瞜	虞	평	上平
胕	虞	평	上平
懯	虞	평	上平
軤	虞	평	上平
鴮	虞	평	上平
蕍	虞	평	上平
鷵	虞	평	上平
鷡	虞	평	上平
怤	虞	평	上平
泒	虞	평	上平
橾	虞	평	上平
醏	虞	평	上平
漊	虞	평	上平
嬬	虞	평	上平
鵏	虞	평	上平
庩	虞	평	上平
嶀	虞	평	上平
鳺	虞	평	上平
鷋	虞	평	上平
譕	虞	평	上平
鵐	虞	평	上平
曘	虞	평	上平
禂	虞	평	上平
眗	虞	평	上平
豧	虞	평	上平
駯	虞	평	上平
箁	虞	평	上平
盓	虞	평	上平
糐	虞	평	上平
荹	虞	평	上平
畉	虞	평	上平
綒	虞	평	上平
媩	虞	평	上平
墲	虞	평	上平
杸	虞	평	上平
誧	虞	평	上平
蒤	虞	평	上平
灈	虞	평	上平
咮	虞	평	上平
垀	虞	평	上平
虍	虞	평	上平
葄	虞	평	上平
翑	虞	평	上平
鴸	虞	평	上平
廜	虞	평	上平
弙	虞	평	上平
堬	虞	평	上平
貗	虞	평	上平
鶦	虞	평	上平
蜅	虞	평	上平
跍	虞	평	上平
郚	虞	평	上平
鮕	虞	평	上平
蕦	虞	평	上平
酑	虞	평	上平
袧	虞	평	上平
挎	虞	평	上平
洖	虞	평	上平
麆	虞	평	上平
救	虞	평	上平
鯂	虞	평	上平
祦	虞	평	上平
枸	虞	평	上平
彋	虞	평	上平
潳	虞	평	上平
恗	虞	평	上平
燸	虞	평	上平
緰	虞	평	上平
妋	虞	평	上平
墿	虞	평	上平
瑦	虞	평	上平
祩	虞	평	上平
扝	虞	평	上平
衭	虞	평	上平
紑	虞	평	上平
芋	虞	평	上平
桍	虞	평	上平
鵵	虞	평	上平
抭	虞	평	上平
瑹	虞	평	上平
捗	虞	평	上平
緅	虞	평	上平
踙	虞	평	上平
伮	虞	평	上平
憮	虞	평	上平
嚧	虞	평	上平
豠	虞	평	上平
嫴	虞	평	上平
臑	虞	평	上平
姇	虞	평	上平
崳	虞	평	上平
娐	虞	평	上平
陎	虞	평	上平
郙	虞	평	上平
岣	虞	평	上平
玸	虞	평	上平
雐	虞	평	上平
桙	虞	평	上平
騶	虞	평	上平
胍	虞	평	上平
釫	虞	평	上平
娪	虞	평	上平
幁	虞	평	上平
鈽	虞	평	上平
鈷	虞	평	上平
黸	虞	평	上平
捈	虞	평	上平
垺	虞	평	上平
秼	虞	평	上平
紨	虞	평	上平
颫	虞	평	上平
喖	虞	평	上平
葋	虞	평	上平
筟	虞	평	上平
忂	虞	평	上平
軗	虞	평	上平
晇	虞	평	上平
聥	虞	평	上平
穻	虞	평	上平
梌	虞	평	上平
馟	虞	평	上平
愈	虞	평	上平
淲	虞	평	上平
骬	虞	평	上平
譃	虞	평	上平
瘺	虞	평	上平
茣	虞	평	上平
裯	虞	평	上平
鰸	虞	평	上平
瞴	虞	평	上平
郀	虞	평	上平
璷	虞	평	上平
蓃	虞	평	上平
翵	虞	평	上平
邭	虞	평	上平
瓳	虞	평	上平
麌	虞	평	上平
鄃	虞	평	上平
蛷	虞	평	上平
螸	虞	평	上平
萭	虞	평	上平
鮈	虞	평	上平
璑	虞	평	上平
檡	虞	평	上平
籚	虞	평	上平
㬰	虞	평	上平
㪺	虞	평	上平
䧢	虞	평	上平
䒀	虞	평	上平
䱐	虞	평	上平
㢝	虞	평	上平
䅳	虞	평	上平
䖘	虞	평	上平
䛕	虞	평	上平
㥚	虞	평	上平
䈻	虞	평	上平
䵾	虞	평	上平
䩱	虞	평	上平
㼶	虞	평	上平
䓵	虞	평	上平
䣯	虞	평	上平
䎍	虞	평	上平
㻌	虞	평	上平
㹳	虞	평	上平
䧸	虞	평	上平
㕊	虞	평	上平
䏏	虞	평	上平
㪀	虞	평	上平
㢳	虞	평	上平
㡏	虞	평	上平
䇕	虞	평	上平
䆰	虞	평	上平
㿖	虞	평	上平
䠒	虞	평	上平
䰰	虞	평	上平
䫱	虞	평	上平
䇓	虞	평	上平
䮃	虞	평	上平
㺏	虞	평	上平
䝒	虞	평	上平
㸖	虞	평	上平
㭸	虞	평	上平
㣘	虞	평	上平
䖚	虞	평	上平
㝼	虞	평	上平
䩣	虞	평	上平
䎁	虞	평	上平
㭰	虞	평	上平
㠸	虞	평	上平
㭪	虞	평	上平
㖩	虞	평	上平
䩲	虞	평	上平
㷻	虞	평	上平
䍢	虞	평	上平
㸡	虞	평	上平
㯛	虞	평	上平
㲎	虞	평	上平
毺	虞	평	上平
㜹	虞	평	上平
㧣	虞	평	上平
㽳	虞	평	上平
㼋	虞	평	上平
䭅	虞	평	上平
䰅	虞	평	上平
䂂	虞	평	上平
䰧	虞	평	上平
䟞	虞	평	上平
䴸	虞	평	上平
㱠	虞	평	上平
䞛	虞	평	上平
䜽	虞	평	上平
䄮	虞	평	上平
㦆	虞	평	上平
㗅	虞	평	上平
㟺	虞	평	上平
㢏	虞	평	上平
㺮	虞	평	上平
㚥	虞	평	上平
䭍	虞	평	上平
㗙	虞	평	上平
䔕	虞	평	上平
㥥	虞	평	上平
䄨	虞	평	上平
䭌	虞	평	上平
䎔	虞	평	上平
㰭	虞	평	上平
㷒	虞	평	上平
䩴	虞	평	上平
䞤	虞	평	上平
㳛	虞	평	上平
䡍	虞	평	上平
㻍	虞	평	上平
䢓	虞	평	上平
䢐	虞	평	上平
㮧	虞	평	上平
㩤	虞	평	上平
㪭	虞	평	上平
䋶	虞	평	上平
䣄	虞	평	上平
㲗	虞	평	上平
䮒	虞	평	上平
㾰	虞	평	上平
䉑	虞	평	上平
䞮	虞	평	上平
䃿	虞	평	上平
䦜	虞	평	上平
䵶	虞	평	上平
㻯	虞	평	上平
䮏	虞	평	上平
䓏	虞	평	上平
䩒	虞	평	上平
㦵	虞	평	上平
䅷	虞	평	上平
䇬	虞	평	上平
㚢	虞	평	上平
䉿	虞	평	上平
䈬	虞	평	上平
䞕	虞	평	上平
㬂	虞	평	上平
䊿	虞	평	上平
䊸	虞	평	上平
㻀	虞	평	上平
䣿	虞	평	上平
㫙	虞	평	上平
䣚	虞	평	上平
䓊	虞	평	上平
䐻	虞	평	上平
㔧	虞	평	上平
䉉	虞	평	上平
䴣	虞	평	上平
㭔	虞	평	上平
㐡	虞	평	上平
㼡	虞	평	上平
䉐	虞	평	上平
㓬	虞	평	上平
𨵦	虞	평	上平
𨁏	虞	평	上平
𨬟	虞	평	上平
𦘴	虞	평	上平
𦩞	虞	평	上平
𢋅	虞	평	上平
𧦝	虞	평	上平
𩿧	虞	평	上平
𪋯	虞	평	上平
𢖳	虞	평	上平
𦄼	虞	평	上平
𧻷	虞	평	上平
𤝹	虞	평	上平
𥱻	虞	평	上平
𧍪	虞	평	上平
𩶭	虞	평	上平
𦐛	虞	평	上平
𣂐	虞	평	上平
𧾱	虞	평	上平
𧪮	虞	평	上平
𤿚	虞	평	上平
𤬛	虞	평	上平
西	齊	평	上平
啼	齊	평	上平
低	齊	평	上平
溪	齊	평	上平
磎	齊	평	上平
迷	齊	평	上平
兮	齊	평	上平
棲	齊	평	上平
栖	齊	평	上平
泥	齊	평	上平
齊	齊	평	上平
題	齊	평	上平
雞	齊	평	上平
鷄	齊	평	上平
堤	齊	평	上平
隄	齊	평	上平
攜	齊	평	上平
携	齊	평	上平
擕	齊	평	上平
蹄	齊	평	上平
蹏	齊	평	上平
梯	齊	평	上平
淒	齊	평	上平
凄	齊	평	上平
嘶	齊	평	上平
藜	齊	평	上平
蹊	齊	평	上平
畦	齊	평	上平
萋	齊	평	上平
稽	齊	평	上平
閨	齊	평	上平
鼙	齊	평	上平
躋	齊	평	上平
黎	齊	평	上平
霓	齊	평	上平
圭	齊	평	上平
妻	齊	평	上平
犀	齊	평	上平
倪	齊	평	上平
悽	齊	평	上平
提	齊	평	上平
犁	齊	평	上平
齏	齊	평	上平
臍	齊	평	上平
荑	齊	평	上平
鷖	齊	평	上平
鯢	齊	평	上平
猊	齊	평	上平
暌	齊	평	上平
笄	齊	평	上平
鞮	齊	평	上平
瓈	齊	평	上平
梨	齊	평	上平
奎	齊	평	上平
睽	齊	평	上平
奚	齊	평	上平
篦	齊	평	上平
羝	齊	평	上平
稊	齊	평	上平
隮	齊	평	上平
齎	齊	평	上平
蜺	齊	평	上平
醯	齊	평	上平
嵇	齊	평	上平
擠	齊	평	上平
綈	齊	평	上平
鸝	齊	평	上平
麛	齊	평	上平
兒	齊	평	上平
鵜	齊	평	上平
騠	齊	평	上平
麑	齊	평	上平
刲	齊	평	上平
鞞	齊	평	上平
撕	齊	평	上平
黳	齊	평	上平
批	齊	평	上平
鎞	齊	평	上平
氐	齊	평	上平
韲	齊	평	上平
臡	齊	평	上平
齯	齊	평	上平
袿	齊	평	上平
狴	齊	평	上平
粞	齊	평	上平
輗	齊	평	上平
坭	齊	평	上平
黧	齊	평	上平
磾	齊	평	上平
鼷	齊	평	上平
蠐	齊	평	上平
驪	齊	평	上平
枅	齊	평	上平
樨	齊	평	上平
詆	齊	평	上平
澌	齊	평	上平
觿	齊	평	上平
恓	齊	평	上平
烓	齊	평	上平
折	齊	평	上平
蠡	齊	평	上平
罤	齊	평	上平
瑿	齊	평	上平
緹	齊	평	上平
傒	齊	평	上平
徯	齊	평	上平
乩	齊	평	上平
蠵	齊	평	上平
窐	齊	평	上平
繄	齊	평	上平
霋	齊	평	上平
懠	齊	평	上平
褆	齊	평	上平
醍	齊	평	上平
銻	齊	평	上平
媞	齊	평	上平
巂	齊	평	上平
鑴	齊	평	上平
締	齊	평	上平
鮭	齊	평	上平
柢	齊	평	上平
禔	齊	평	上平
婗	齊	평	上平
瑅	齊	평	上平
緀	齊	평	上平
遆	齊	평	上平
桋	齊	평	上平
邽	齊	평	上平
郳	齊	평	上平
椑	齊	평	上平
偍	齊	평	上平
酅	齊	평	上平
鮧	齊	평	上平
鶗	齊	평	上平
蝭	齊	평	上平
鵹	齊	평	上平
鸂	齊	평	上平
崥	齊	평	上平
螇	齊	평	上平
砒	齊	평	上平
趧	齊	평	上平
邌	齊	평	上平
膍	齊	평	上平
屖	齊	평	上平
崹	齊	평	上平
鷉	齊	평	上平
忚	齊	평	上平
棿	齊	평	上平
袛	齊	평	上平
嫛	齊	평	上平
騱	齊	평	上平
藈	齊	평	上平
榽	齊	평	上平
橀	齊	평	上平
彽	齊	평	上平
蝰	齊	평	上平
麡	齊	평	上平
肶	齊	평	上平
謧	齊	평	上平
盠	齊	평	上平
廲	齊	평	上平
豍	齊	평	上平
艩	齊	평	上平
鶈	齊	평	上平
厗	齊	평	上平
胿	齊	평	上平
貕	齊	평	上平
蒾	齊	평	上平
湀	齊	평	上平
鑗	齊	평	上平
錍	齊	평	上平
亝	齊	평	上平
郪	齊	평	上平
玭	齊	평	上平
纗	齊	평	上平
淣	齊	평	上平
聧	齊	평	上平
觬	齊	평	上平
鑙	齊	평	上平
笓	齊	평	上平
鼶	齊	평	上平
啙	齊	평	上平
燍	齊	평	上平
齌	齊	평	上平
睼	齊	평	上平
屔	齊	평	上平
鴺	齊	평	上平
斊	齊	평	上平
奃	齊	평	上平
猰	齊	평	上平
儶	齊	평	上平
豯	齊	평	上平
蒵	齊	평	上平
黊	齊	평	上平
鬶	齊	평	上平
鍗	齊	평	上平
卟	齊	평	上平
焍	齊	평	上平
殹	齊	평	上平
刕	齊	평	上平
渧	齊	평	上平
眱	齊	평	上平
瓗	齊	평	上平
蛂	齊	평	上平
錅	齊	평	上平
徆	齊	평	上平
禵	齊	평	上平
櫅	齊	평	上平
鷤	齊	평	上平
梋	齊	평	上平
眭	齊	평	上平
鑇	齊	평	上平
趆	齊	평	上平
茥	齊	평	上平
珶	齊	평	上平
磃	齊	평	上平
鍷	齊	평	上平
睳	齊	평	上平
惿	齊	평	上平
徲	齊	평	上平
嗘	齊	평	上平
謑	齊	평	上平
驨	齊	평	上平
楏	齊	평	上平
媂	齊	평	上平
銈	齊	평	上平
腣	齊	평	上平
檕	齊	평	上平
釮	齊	평	上平
碮	齊	평	上平
螕	齊	평	上平
梐	齊	평	上平
郋	齊	평	上平
䃜	齊	평	上平
䬾	齊	평	上平
䨑	齊	평	上平
㙠	齊	평	上平
㩦	齊	평	上平
㜎	齊	평	上平
䉫	齊	평	上平
㼰	齊	평	上平
䄢	齊	평	上平
䅅	齊	평	上平
䚣	齊	평	上平
㢴	齊	평	上平
㖒	齊	평	上平
䒊	齊	평	上平
㡙	齊	평	上平
䮘	齊	평	上平
㨒	齊	평	上平
䶒	齊	평	上平
䬫	齊	평	上平
㯇	齊	평	上平
㓳	齊	평	上平
䍕	齊	평	上平
䪢	齊	평	上平
䝴	齊	평	上平
䚷	齊	평	上平
㾷	齊	평	上平
㕃	齊	평	上平
䵩	齊	평	上平
䚜	齊	평	上平
䀘	齊	평	上平
㴝	齊	평	上平
䫣	齊	평	上平
㦒	齊	평	上平
㯕	齊	평	上平
䙵	齊	평	上平
䔶	齊	평	上平
㡗	齊	평	上平
㫝	齊	평	上平
䛊	齊	평	上平
㔒	齊	평	上平
㿽	齊	평	上平
㰿	齊	평	上平
㮷	齊	평	上平
䯓	齊	평	上平
㸄	齊	평	上平
䛱	齊	평	上平
㣢	齊	평	上平
䐎	齊	평	上平
䤍	齊	평	上平
㛷	齊	평	上平
䛏	齊	평	上平
㰀	齊	평	上平
㽯	齊	평	上平
䐡	齊	평	上平
䱱	齊	평	上平
䧑	齊	평	上平
䗗	齊	평	上平
㩗	齊	평	上平
䄺	齊	평	上平
䪡	齊	평	上平
䳶	齊	평	上平
㓾	齊	평	上平
䠁	齊	평	上平
䖙	齊	평	上平
䘽	齊	평	上平
㔸	齊	평	上平
䂑	齊	평	上平
䔣	齊	평	上平
𧋘	齊	평	上平
𨻼	齊	평	上平
𠜱	齊	평	上平
𦎣	齊	평	上平
𥌛	齊	평	上平
𥏠	齊	평	上平
𧡨	齊	평	上平
𣢍	齊	평	上平
𥝌	齊	평	上平
𧬊	齊	평	上平
𨥦	齊	평	上平
𤮰	齊	평	上平
𩧋	齊	평	上平
𥉘	齊	평	上平
𨏳	齊	평	上平
懷	佳	평	上平
佳	佳	평	上平
階	佳	평	上平
堦	佳	평	上平
齋	佳	평	上平
諧	佳	평	上平
乖	佳	평	上平
排	佳	평	上平
埋	佳	평	上平
淮	佳	평	上平
釵	佳	평	上平
骸	佳	평	上平
鞋	佳	평	上平
街	佳	평	上平
偕	佳	평	上平
崖	佳	평	上平
涯	佳	평	上平
儕	佳	평	上平
霾	佳	평	上平
柴	佳	평	上平
牌	佳	평	上平
槐	佳	평	上平
喈	佳	평	上平
揩	佳	평	上平
豺	佳	평	上平
俳	佳	평	上平
挨	佳	평	上平
荄	佳	평	上平
皆	佳	평	上平
差	佳	평	上平
鮭	佳	평	上平
歪	佳	평	上平
捱	佳	평	上平
篩	佳	평	上平
薶	佳	평	上平
楷	佳	평	上平
徘	佳	평	上平
齊	佳	평	上平
秸	佳	평	上平
褢	佳	평	上平
箄	佳	평	上平
螷	佳	평	上平
痎	佳	평	上平
稭	佳	평	上平
湝	佳	평	上平
啀	佳	평	上平
櫰	佳	평	上平
膎	佳	평	上平
瀤	佳	평	上平
崽	佳	평	上平
睚	佳	평	上平
齜	佳	평	上平
搋	佳	평	上平
祡	佳	평	上平
榸	佳	평	上平
蘹	佳	평	上平
徍	佳	평	上平
摨	佳	평	上平
喍	佳	평	上平
媘	佳	평	上平
誽	佳	평	上平
夈	佳	평	上平
瑎	佳	평	上平
棑	佳	평	上平
娾	佳	평	上平
捚	佳	평	上平
犤	佳	평	上平
掜	佳	평	上平
薢	佳	평	上平
煯	佳	평	上平
膗	佳	평	上平
榽	佳	평	上平
擓	佳	평	上平
徥	佳	평	上平
蝔	佳	평	上平
鶛	佳	평	上平
啡	佳	평	上平
猈	佳	평	上平
諰	佳	평	上平
輫	佳	평	上平
篺	佳	평	上平
猅	佳	평	上平
唻	佳	평	上平
麡	佳	평	上平
淣	佳	평	上平
腉	佳	평	上平
慀	佳	평	上平
溾	佳	평	上平
䕸	佳	평	上平
㠢	佳	평	上平
䡨	佳	평	上平
㗨	佳	평	上平
㪓	佳	평	上平
㥟	佳	평	上平
㦟	佳	평	上平
㔞	佳	평	上平
㪰	佳	평	上平
㾹	佳	평	上平
㜥	佳	평	上平
䁲	佳	평	上平
䔝	佳	평	上平
䃶	佳	평	上平
㾩	佳	평	上平
㨤	佳	평	上平
䍲	佳	평	上平
㨙	佳	평	上平
䨪	佳	평	上平
㗍	佳	평	上平
㼮	佳	평	上平
䓙	佳	평	上平
䓱	佳	평	上平
䴜	佳	평	上平
㜳	佳	평	上平
䙎	佳	평	上平
䯐	佳	평	上平
䳸	佳	평	上平
䂷	佳	평	上平
㩄	佳	평	上平
䬩	佳	평	上平
㾬	佳	평	上平
䃈	佳	평	上平
䡡	佳	평	上平
䚑	佳	평	上平
䱝	佳	평	上平
䠹	佳	평	上平
𥱼	佳	평	上平
𩘅	佳	평	上平
𥳧	佳	평	上平
𦂄	佳	평	上平
𢶀	佳	평	上平
𩑢	佳	평	上平
𢰇	佳	평	上平
𧱾	佳	평	上平
𢔡	佳	평	上平
厓	佳	평	上平
蛙	佳	평	上平
娃	佳	평	上平
哇	佳	평	上平
媧	佳	평	上平
蝸	佳	평	上平
騧	佳	평	上平
靫	佳	평	上平
緺	佳	평	上平
猚	佳	평	上平
唲	佳	평	上平
芆	佳	평	上平
䦱	佳	평	上平
㰪	佳	평	上平
𦶎	佳	평	上平
來	灰	평	上平
開	灰	평	上平
台	灰	평	上平
臺	灰	평	上平
㙜	灰	평	上平
坮	灰	평	上平
才	灰	평	上平
哀	灰	평	上平
苔	灰	평	上平
埃	灰	평	上平
哉	灰	평	上平
萊	灰	평	上平
材	灰	평	上平
猜	灰	평	上平
裁	灰	평	上平
栽	灰	평	上平
胎	灰	평	上平
災	灰	평	上平
灾	灰	평	上平
烖	灰	평	上平
垓	灰	평	上平
腮	灰	평	上平
顋	灰	평	上平
孩	灰	평	上平
財	灰	평	上平
咍	灰	평	上平
皚	灰	평	上平
該	灰	평	上平
荄	灰	평	上平
駘	灰	평	上平
毸	灰	평	上平
陔	灰	평	上平
呆	灰	평	上平
獃	灰	평	上平
徠	灰	평	上平
抬	灰	평	上平
擡	灰	평	上平
鰓	灰	평	上平
纔	灰	평	上平
能	灰	평	上平
鮐	灰	평	上平
炱	灰	평	上平
儓	灰	평	上平
崍	灰	평	上平
賅	灰	평	上平
騋	灰	평	上平
侅	灰	평	上平
邰	灰	평	上平
頦	灰	평	上平
挼	灰	평	上平
菑	灰	평	上平
薹	灰	평	上平
唉	灰	평	上平
祴	灰	평	上平
思	灰	평	上平
峐	灰	평	上平
騃	灰	평	上平
偲	灰	평	上平
郲	灰	평	上平
欸	灰	평	上平
咳	灰	평	上平
檯	灰	평	上平
剴	灰	평	上平
胲	灰	평	上平
倈	灰	평	上平
毢	灰	평	上平
絯	灰	평	上平
麳	灰	평	上平
郂	灰	평	上平
敱	灰	평	上平
隑	灰	평	上平
鶆	灰	평	上平
籉	灰	평	上平
跆	灰	평	上平
愢	灰	평	上平
懛	灰	평	上平
棶	灰	평	上平
毐	灰	평	上平
颱	灰	평	上平
鯠	灰	평	上平
揌	灰	평	上平
嵦	灰	평	上平
斄	灰	평	上平
烗	灰	평	上平
淶	灰	평	上平
旲	灰	평	上平
珆	灰	평	上平
啋	灰	평	上平
磑	灰	평	上平
睵	灰	평	上平
渽	灰	평	上平
婡	灰	평	上平
溾	灰	평	上平
箂	灰	평	上平
孻	灰	평	上平
賳	灰	평	上平
唻	灰	평	上平
猍	灰	평	上平
琜	灰	평	上平
箈	灰	평	上平
庲	灰	평	上平
俫	灰	평	上平
輫	灰	평	上平
豥	灰	평	上平
奒	灰	평	上平
嬯	灰	평	上平
䑓	灰	평	上平
䰄	灰	평	上平
㶼	灰	평	上平
䐩	灰	평	上平
㜾	灰	평	上平
㬃	灰	평	上平
㯁	灰	평	上平
䋱	灰	평	上平
䚡	灰	평	上平
䴭	灰	평	上平
䠕	灰	평	上平
䠽	灰	평	上平
䱺	灰	평	上平
䪱	灰	평	上平
㸀	灰	평	上平
㰩	灰	평	上平
㰧	灰	평	上平
㨟	灰	평	上平
䅘	灰	평	上平
㙵	灰	평	上平
㾍	灰	평	上平
㾂	灰	평	上平
䬵	灰	평	上平
䤤	灰	평	上平
㒲	灰	평	上平
㱾	灰	평	上平
䞗	灰	평	上平
㚊	灰	평	上平
㷘	灰	평	上平
䧒	灰	평	上平
㱼	灰	평	上平
䶣	灰	평	上平
䯮	灰	평	上平
㱯	灰	평	上平
䀭	灰	평	上平
𪒴	灰	평	上平
𨸜	灰	평	上平
𤸳	灰	평	上平
𤗏	灰	평	上平
𪑚	灰	평	上平
𤘑	灰	평	上平
𧻲	灰	평	上平
回	灰	평	上平
廻	灰	평	上平
杯	灰	평	上平
盃	灰	평	上平
桮	灰	평	上平
梅	灰	평	上平
催	灰	평	上平
雷	灰	평	上平
灰	灰	평	上平
徊	灰	평	上平
堆	灰	평	上平
嵬	灰	평	上平
隈	灰	평	上平
摧	灰	평	上平
陪	灰	평	上平
媒	灰	평	上平
頹	灰	평	上平
罍	灰	평	上平
魁	灰	평	上平
瑰	灰	평	上平
枚	灰	평	上平
醅	灰	평	上平
培	灰	평	上平
洄	灰	평	上平
槐	灰	평	上平
豗	灰	평	上平
推	灰	평	上平
煤	灰	평	上平
恢	灰	평	上平
隤	灰	평	上平
桅	灰	평	上平
偎	灰	평	上平
煨	灰	평	上平
巍	灰	평	上平
裴	灰	평	上平
詼	灰	평	上平
崔	灰	평	上平
莓	灰	평	上平
胚	灰	평	上平
壞	灰	평	上平
禖	灰	평	上平
佪	灰	평	上平
隗	灰	평	上平
搥	灰	평	上平
縗	灰	평	上平
漼	灰	평	上平
尵	灰	평	上平
黴	灰	평	上平
抔	灰	평	上平
魋	灰	평	上平
鋂	灰	평	上平
虺	灰	평	上平
衃	灰	평	上平
啡	灰	평	上平
賠	灰	평	上平
玫	灰	평	上平
傀	灰	평	上平
崴	灰	평	上平
脢	灰	평	上平
塺	灰	평	上平
磓	灰	평	上平
敦	灰	평	上平
嗺	灰	평	上平
焞	灰	평	上平
盔	灰	평	上平
酶	灰	평	上平
轠	灰	평	上平
蘈	灰	평	上平
悝	灰	평	上平
紑	灰	평	上平
頧	灰	평	上平
慛	灰	평	上平
蓷	灰	평	上平
鎚	灰	평	上平
櫑	灰	평	上平
柸	灰	평	上平
擂	灰	평	上平
蛔	灰	평	上平
恛	灰	평	上平
噅	灰	평	上平
腜	灰	평	上平
羧	灰	평	上平
鐳	灰	평	上平
畾	灰	평	上平
墔	灰	평	上平
毰	灰	평	上平
誒	灰	평	上平
僓	灰	평	上平
弚	灰	평	上平
茴	灰	평	上平
捼	灰	평	上平
鏙	灰	평	上平
蹪	灰	평	上平
痦	灰	평	上平
彽	灰	평	上平
檑	灰	평	上平
鑘	灰	평	上平
椳	灰	평	上平
凗	灰	평	上平
瓃	灰	평	上平
渨	灰	평	上平
愄	灰	평	上平
熣	灰	평	上平
陫	灰	평	上平
荋	灰	평	上平
葨	灰	평	上平
磪	灰	평	上平
錑	灰	평	上平
螚	灰	평	上平
妚	灰	평	上平
陮	灰	평	上平
阫	灰	평	上平
鞼	灰	평	上平
湈	灰	평	上平
燘	灰	평	上平
簂	灰	평	上平
詴	灰	평	上平
鐜	灰	평	上平
烠	灰	평	上平
繢	灰	평	上平
櫆	灰	평	上平
鸓	灰	평	上平
顝	灰	평	上平
鮠	灰	평	上平
棓	灰	평	上平
碨	灰	평	上平
晆	灰	평	上平
揋	灰	평	上平
藬	灰	평	上平
藱	灰	평	上平
鼿	灰	평	上平
鰃	灰	평	上平
廆	灰	평	上平
洃	灰	평	上平
脧	灰	평	上平
坆	灰	평	上平
讉	灰	평	上平
阢	灰	평	上平
儡	灰	평	上平
鴭	灰	평	上平
膭	灰	평	上平
痽	灰	평	上平
謘	灰	평	上平
橔	灰	평	上平
槯	灰	평	上平
䍙	灰	평	上平
䭔	灰	평	上平
㿉	灰	평	上平
䋿	灰	평	上平
㕍	灰	평	上平
㟴	灰	평	上平
㢈	灰	평	上平
䝅	灰	평	上平
䙑	灰	평	上平
㟝	灰	평	上平
䊈	灰	평	上平
䀃	灰	평	上平
㵢	灰	평	上平
㛱	灰	평	上平
㜠	灰	평	上平
㞜	灰	평	上平
䂙	灰	평	上平
㻁	灰	평	上平
䨓	灰	평	上平
䣙	灰	평	上平
䖶	灰	평	上平
䝇	灰	평	上平
㷇	灰	평	上平
䤂	灰	평	上平
䜃	灰	평	上平
㿗	灰	평	上平
䍣	灰	평	上平
㷟	灰	평	上平
㺳	灰	평	上平
㚰	灰	평	上平
㾯	灰	평	上平
㮎	灰	평	上平
䫊	灰	평	上平
㙁	灰	평	上平
𩌃	灰	평	上平
𤳳	灰	평	上平
𧝋	灰	평	上平
𨛬	灰	평	上平
𨻵	灰	평	上平
人	眞	평	上平
春	眞	평	上平
塵	眞	평	上平
新	眞	평	上平
身	眞	평	上平
眞	眞	평	上平
神	眞	평	上平
親	眞	평	上平
臣	眞	평	上平
鄰	眞	평	上平
隣	眞	평	上平
貧	眞	평	上平
津	眞	평	上平
頻	眞	평	上平
民	眞	평	上平
巾	眞	평	上平
辰	眞	평	上平
輪	眞	평	上平
賓	眞	평	上平
珍	眞	평	上平
濱	眞	평	上平
秦	眞	평	上平
鱗	眞	평	上平
陳	眞	평	上平
倫	眞	평	上平
仁	眞	평	上平
因	眞	평	上平
辛	眞	평	上平
麟	眞	평	上平
晨	眞	평	上平
淪	眞	평	上平
伸	眞	평	上平
嗔	眞	평	上平
巡	眞	평	上平
宸	眞	평	上平
旬	眞	평	上平
綸	眞	평	上平
勻	眞	평	上平
匀	眞	평	上平
紳	眞	평	上平
薪	眞	평	上平
茵	眞	평	上平
顰	眞	평	上平
銀	眞	평	上平
均	眞	평	上平
鈞	眞	평	上平
蘋	眞	평	上平
馴	眞	평	上平
峋	眞	평	上平
醇	眞	평	上平
旻	眞	평	上平
申	眞	평	上平
淳	眞	평	上平
唇	眞	평	上平
榛	眞	평	上平
論	眞	평	上平
闉	眞	평	上平
循	眞	평	上平
閩	眞	평	上平
筠	眞	평	上平
蓴	眞	평	上平
粼	眞	평	上平
椿	眞	평	上平
囷	眞	평	上平
緡	眞	평	上平
屯	眞	평	上平
臻	眞	평	上平
瑉	眞	평	上平
純	眞	평	上平
詢	眞	평	上平
垠	眞	평	上平
皴	眞	평	上平
磷	眞	평	上平
振	眞	평	上平
呻	眞	평	上平
遵	眞	평	上平
諄	眞	평	上平
嚬	眞	평	上平
姻	眞	평	上平
寅	眞	평	上平
瞋	眞	평	上平
岷	眞	평	上平
湮	眞	평	上平
裀	眞	평	上平
禋	眞	평	上平
恂	眞	평	上平
漘	眞	평	上平
鶉	眞	평	上平
瀕	眞	평	上平
堙	眞	평	上平
紉	眞	평	上平
踆	眞	평	上平
迍	眞	평	上平
泯	眞	평	上平
嬪	眞	평	上平
彬	眞	평	上平
甄	眞	평	上平
莘	眞	평	上平
燐	眞	평	上平
嚚	眞	평	上平
轔	眞	평	上平
蓁	眞	평	上平
詵	眞	평	上平
珣	眞	평	上平
荀	眞	평	上平
掄	眞	평	上平
璘	眞	평	上平
信	眞	평	上平
齗	眞	평	上平
豳	眞	평	上平
狺	眞	평	上平
潾	眞	평	上平
驎	眞	평	上平
畇	眞	평	上平
貞	眞	평	上平
氤	眞	평	上平
氲	眞	평	上平
逡	眞	평	上平
駪	眞	평	上平
駰	眞	평	上平
繽	眞	평	上平
矉	眞	평	上平
歅	眞	평	上平
絪	眞	평	上平
麇	眞	평	上平
麕	眞	평	上平
輴	眞	평	上平
夤	眞	평	上平
紃	眞	평	上平
嶙	眞	평	上平
溱	眞	평	上平
甡	眞	평	上平
殷	眞	평	上平
畛	眞	평	上平
肫	眞	평	上平
邠	眞	평	上平
奫	眞	평	上平
洵	眞	평	上平
螓	眞	평	上平
菌	眞	평	上平
訚	眞	평	上平
竣	眞	평	上平
玢	眞	평	上平
侁	眞	평	上平
犉	眞	평	上平
窀	眞	평	上平
豩	眞	평	上平
鄞	眞	평	上平
矜	眞	평	上平
誾	眞	평	上平
斌	眞	평	上平
郇	眞	평	上平
兟	眞	평	上平
諲	眞	평	上平
蠙	眞	평	上平
殥	眞	평	上平
錞	眞	평	上平
僎	眞	평	上平
娠	眞	평	上平
忞	眞	평	上平
鑌	眞	평	上平
蜦	眞	평	上平
墐	眞	평	上平
轃	眞	평	上平
罠	眞	평	上平
珢	眞	평	上平
翷	眞	평	上平
塡	眞	평	上平
填	眞	평	上平
檳	眞	평	上平
瞵	眞	평	上平
袀	眞	평	上平
抻	眞	평	上平
籸	眞	평	上平
旼	眞	평	上平
圇	眞	평	上平
栒	眞	평	上平
桭	眞	평	上平
茞	眞	평	上平
輑	眞	평	上平
鷷	眞	평	上平
笢	眞	평	上平
霦	眞	평	上平
禛	眞	평	上平
筃	眞	평	上平
圳	眞	평	上平
贇	眞	평	上平
朲	眞	평	上平
壣	眞	평	上平
瞤	眞	평	上平
螾	眞	평	上平
繗	眞	평	上平
侲	眞	평	上平
麐	眞	평	上平
橁	眞	평	上平
儐	眞	평	上平
盹	眞	평	上平
箘	眞	평	上平
玭	眞	평	上平
捘	眞	평	上平
汃	眞	평	上平
眒	眞	평	上平
瑸	眞	평	上平
礥	眞	평	上平
碅	眞	평	上平
訔	眞	평	上平
玟	眞	평	上平
鞇	眞	평	上平
嗪	眞	평	上平
獜	眞	평	上平
暋	眞	평	上平
盿	眞	평	上平
蔯	眞	평	上平
鶞	眞	평	上平
碖	眞	평	上平
驞	眞	평	上平
緸	眞	평	上平
鷐	眞	평	上平
莙	眞	평	上平
洇	眞	평	上平
衠	眞	평	上平
峮	眞	평	上平
螴	眞	평	上平
峾	眞	평	上平
頵	眞	평	上平
痻	眞	평	上平
棆	眞	평	上平
厸	眞	평	上平
鋆	眞	평	上平
蛝	眞	평	上平
嫃	眞	평	上平
囩	眞	평	上平
壿	眞	평	上平
膞	眞	평	上平
錀	眞	평	上平
搸	眞	평	上平
耣	眞	평	上平
蔩	眞	평	上平
姰	眞	평	上平
駗	眞	평	上平
苠	眞	평	上平
怋	眞	평	上平
砏	眞	평	上平
扟	眞	평	上平
忳	眞	평	上平
栶	眞	평	上平
阠	眞	평	上平
揗	眞	평	上平
閺	眞	평	上平
鷏	眞	평	上平
咰	眞	평	上平
魜	眞	평	上平
鯙	眞	평	上平
憌	眞	평	上平
檈	眞	평	上平
盷	眞	평	上平
凐	眞	평	上平
瀙	眞	평	上平
燊	眞	평	上平
帪	眞	평	上平
裑	眞	평	上平
柛	眞	평	上平
秵	眞	평	上平
瑃	眞	평	上平
瑧	眞	평	上平
鏔	眞	평	上平
曟	眞	평	上平
敒	眞	평	上平
敐	眞	평	上平
胂	眞	평	上平
竴	眞	평	上平
杶	眞	평	上平
鴖	眞	평	上平
慇	眞	평	上平
攽	眞	평	上平
馪	眞	평	上平
搷	眞	평	上平
甐	眞	평	上平
斴	眞	평	上平
陯	眞	평	上平
泿	眞	평	上平
鰆	眞	평	上平
猌	眞	평	上平
毥	眞	평	上平
宒	眞	평	上平
椕	眞	평	上平
陙	眞	평	上平
珒	眞	평	上平
湣	眞	평	上平
疄	眞	평	上平
腀	眞	평	上平
峷	眞	평	上平
蚐	眞	평	上平
杊	眞	평	上平
踚	眞	평	上平
穦	眞	평	上平
堻	眞	평	上平
覠	眞	평	上平
訷	眞	평	上平
夋	眞	평	上平
璡	眞	평	上平
荺	眞	평	上平
姺	眞	평	上平
姄	眞	평	上平
份	眞	평	上平
檭	眞	평	上平
妽	眞	평	上平
狋	眞	평	上平
眴	眞	평	上平
鵢	眞	평	上平
璌	眞	평	上平
鈱	眞	평	上平
芢	眞	평	上平
屾	眞	평	上平
浾	眞	평	上平
籈	眞	평	上平
暙	眞	평	上平
磌	眞	평	上平
馻	眞	평	上平
鯩	眞	평	上平
鳼	眞	평	上平
偱	眞	평	上平
槙	眞	평	上平
殝	眞	평	上平
訰	眞	평	上平
屒	眞	평	上平
薽	眞	평	上平
汮	眞	평	上平
駨	眞	평	上平
顮	眞	평	上平
礗	眞	평	上平
蜠	眞	평	上平
鏻	眞	평	上平
蒖	眞	평	上平
敃	眞	평	上平
縜	眞	평	上平
圁	眞	평	上平
灥	眞	평	上平
囜	眞	평	上平
猵	眞	평	上平
迿	眞	평	上平
莀	眞	평	上平
薼	眞	평	上平
暽	眞	평	上平
欭	眞	평	上平
秂	眞	평	上平
閿	眞	평	上平
昀	眞	평	上平
抿	眞	평	上平
捪	眞	평	上平
嫀	眞	평	上平
樄	眞	평	上平
媋	眞	평	上平
麎	眞	평	上平
珅	眞	평	上平
鍲	眞	평	上平
㕙	眞	평	上平
䑳	眞	평	上平
䞭	眞	평	上平
䄄	眞	평	上平
㻞	眞	평	上平
㲀	眞	평	上平
䰠	眞	평	上平
䟴	眞	평	上平
䖜	眞	평	上平
㡦	眞	평	上平
䍰	眞	평	上平
㡄	眞	평	上平
䥎	眞	평	上平
㝄	眞	평	上平
㧢	眞	평	上平
䋸	眞	평	上平
㝇	眞	평	上平
䆣	眞	평	上平
㵮	眞	평	上平
䣩	眞	평	上平
㛛	眞	평	上平
㙬	眞	평	上平
㔂	眞	평	上平
䁕	眞	평	上平
䙉	眞	평	上平
㟩	眞	평	上平
㝙	眞	평	上平
㵌	眞	평	上平
㟗	眞	평	上平
䯂	眞	평	上平
䮼	眞	평	上平
㰋	眞	평	上平
䎙	眞	평	上平
㘦	眞	평	上平
䈯	眞	평	上平
䝧	眞	평	上平
䓐	眞	평	上平
䠳	眞	평	上平
䇹	眞	평	上平
䢻	眞	평	上平
䚬	眞	평	上平
㰉	眞	평	上平
㨉	眞	평	上平
㭄	眞	평	上平
䋋	眞	평	上平
䃌	眞	평	上平
䀼	眞	평	上平
䖲	眞	평	上平
䈁	眞	평	上平
䣅	眞	평	上平
䐜	眞	평	上平
䡑	眞	평	上平
䘩	眞	평	上平
㑗	眞	평	上平
䡅	眞	평	上平
䳲	眞	평	上平
䘜	眞	평	上平
㫩	眞	평	上平
䓰	眞	평	上平
䧣	眞	평	上平
㞶	眞	평	上平
䞺	眞	평	上平
㥲	眞	평	上平
㡒	眞	평	上平
㰬	眞	평	上平
䔚	眞	평	上平
䊁	眞	평	上平
䨈	眞	평	上平
䅸	眞	평	上平
䪸	眞	평	上平
㖘	眞	평	上平
㚬	眞	평	上平
㫳	眞	평	上平
䢅	眞	평	上平
㾕	眞	평	上平
䧬	眞	평	上平
㽦	眞	평	上平
䐇	眞	평	上平
㛙	眞	평	上平
𦟘	眞	평	上平
𪛊	眞	평	上平
𡣎	眞	평	上平
𢗋	眞	평	上平
𡊹	眞	평	上平
𡈳	眞	평	上平
𣘘	眞	평	上平
𣐽	眞	평	上平
𧓍	眞	평	上平
𠬍	眞	평	上平
𥎊	眞	평	上平
𧲂	眞	평	上平
𩴱	眞	평	上平
𧾝	眞	평	上平
雲	文	평	上平
云	文	평	上平
君	文	평	上平
聞	文	평	上平
文	文	평	上平
分	文	평	上平
群	文	평	上平
羣	文	평	上平
軍	文	평	上平
紛	文	평	上平
勤	文	평	上平
曛	文	평	上平
勳	文	평	上平
勲	文	평	上平
勛	文	평	上平
氛	文	평	上平
裙	文	평	上平
墳	文	평	上平
芬	文	평	上平
薰	文	평	上平
焚	文	평	上平
氳	文	평	上平
紋	文	평	上平
醺	文	평	上平
欣	文	평	上平
濆	文	평	上平
熏	文	평	上平
紜	文	평	上平
耘	文	평	上平
斤	文	평	上平
芹	文	평	上平
蚊	文	평	上平
汾	文	평	上平
芸	文	평	上平
懃	文	평	上平
葷	文	평	上平
筋	文	평	上平
沄	文	평	上平
澐	文	평	上平
忻	文	평	上平
殷	文	평	上平
棼	文	평	上平
雯	文	평	上平
縕	文	평	上平
蕡	文	평	上平
枌	文	평	上平
垠	文	평	上平
昕	文	평	上平
纁	文	평	上平
雰	文	평	上平
齦	文	평	上平
皸	文	평	上平
麇	文	평	上平
麕	文	평	上平
賁	文	평	上平
員	文	평	上平
貟	文	평	上平
矄	文	평	上平
煴	文	평	上平
狺	文	평	上平
鼢	文	평	上平
焄	文	평	上平
帉	文	평	上平
羵	文	평	上平
饙	文	평	上平
筠	文	평	上平
鼖	文	평	上平
觔	文	평	上平
廑	文	평	上平
慬	文	평	上平
蒀	文	평	上平
獯	文	평	上平
幩	文	평	上平
翂	文	평	上平
炘	文	평	上平
筼	文	평	上平
磤	文	평	上平
棻	文	평	上平
豶	文	평	上平
釿	文	평	上平
餴	文	평	上平
鄞	文	평	上平
瘽	文	평	上平
慇	文	평	上平
瘟	文	평	上平
鄖	文	평	上平
黂	文	평	上平
蝹	文	평	上平
彣	文	평	上平
轒	文	평	上平
馧	文	평	上平
妘	文	평	上平
熉	文	평	上平
蒶	文	평	上平
昐	文	평	上平
臐	文	평	上平
羒	文	평	上平
汶	文	평	上平
馩	文	평	上平
誾	文	평	上平
萉	文	평	上平
衯	文	평	上平
濦	文	평	上平
鴍	文	평	上平
岎	文	평	上平
溵	文	평	上平
馚	文	평	上平
眃	文	평	上平
鍕	文	평	上平
溳	文	평	上平
橨	文	평	上平
芠	文	평	上平
桾	文	평	上平
妢	文	평	上平
揾	文	평	上平
肦	文	평	上平
妏	文	평	上平
蒑	文	평	上平
魰	文	평	上平
秎	文	평	上平
煇	文	평	上平
斦	文	평	上平
鳼	文	평	上平
愪	文	평	上平
蒷	文	평	上平
懄	文	평	上平
閺	文	평	上平
馼	文	평	上平
耺	文	평	上平
囩	文	평	上平
菫	文	평	上平
炆	文	평	上平
鼤	文	평	上平
畃	文	평	上平
妡	文	평	上平
鴖	文	평	上平
橒	文	평	上平
敃	文	평	上平
蕓	文	평	上平
梤	文	평	上平
弅	文	평	上平
宭	文	평	上平
葐	文	평	上平
嚑	文	평	上平
歏	文	평	上平
邤	文	평	上平
鳻	文	평	上平
堇	文	평	上平
蚚	文	평	上平
縜	文	평	上平
蘄	文	평	上平
玟	文	평	上平
盺	文	평	上平
訜	文	평	上平
隫	文	평	上平
鐼	文	평	上平
拚	文	평	上平
閿	文	평	上平
砏	文	평	上平
朌	文	평	上平
鮶	文	평	上平
錀	文	평	上平
魵	文	평	上平
鈖	文	평	上平
䈥	文	평	上平
㜏	文	평	上平
㪊	文	평	上平
䘇	文	평	上平
䙧	文	평	上平
㶏	文	평	上平
䰚	文	평	上平
㷊	文	평	上平
㥯	文	평	上平
䴦	文	평	上平
䩿	文	평	上平
䦩	文	평	上平
㯣	文	평	上平
䌲	文	평	上平
㹞	文	평	上平
䢵	文	평	上平
䉙	文	평	上平
䎹	文	평	上平
㹜	文	평	上平
㸮	文	평	上平
䭻	文	평	上平
㮗	文	평	上平
䈽	文	평	上平
㚃	文	평	上平
䭽	文	평	上平
䒺	文	평	上平
䓄	文	평	上平
䖐	文	평	上平
䗼	文	평	上平
㞣	文	평	上平
䵫	文	평	上平
𣬩	文	평	上平
𦐈	文	평	上平
𪛊	文	평	上平
𥎊	文	평	上平
𣯻	文	평	上平
𤖘	文	평	上平
𨳚	文	평	上平
言	元	평	上平
園	元	평	上平
源	元	평	上平
原	元	평	上平
喧	元	평	上平
軒	元	평	上平
翻	元	평	上平
飜	元	평	上平
繙	元	평	上平
繁	元	평	上平
元	元	평	上平
垣	元	평	上平
猿	元	평	上平
煩	元	평	上平
冤	元	평	上平
寃	元	평	上平
轅	元	평	上平
暄	元	평	上平
藩	元	평	上平
樊	元	평	上平
蕃	元	평	上平
幡	元	평	上平
援	元	평	上平
萱	元	평	上平
鶱	元	평	上平
諼	元	평	上平
轓	元	평	上平
璠	元	평	上平
燔	元	평	上平
掀	元	평	上平
諠	元	평	上平
番	元	평	上平
黿	元	평	上平
鴛	元	평	上平
蘩	元	평	上平
反	元	평	上平
湲	元	평	上平
鵷	元	평	上平
鞬	元	평	上平
袁	元	평	上平
沅	元	평	上平
宛	元	평	上平
媛	元	평	上平
蹯	元	평	上平
墦	元	평	上平
膰	元	평	上平
礬	元	평	上平
爰	元	평	上平
袢	元	평	上平
籓	元	평	上平
蚖	元	평	上平
怨	元	평	上平
蜿	元	평	上平
嫄	元	평	上平
眢	元	평	上平
洹	元	평	上平
攑	元	평	上平
犍	元	평	上平
薠	元	평	上平
煊	元	평	上平
芫	元	평	上平
晅	元	평	上平
騵	元	평	上平
蠜	元	평	上平
笲	元	평	上平
拚	元	평	上平
阮	元	평	上平
喛	元	평	上平
暖	元	평	上平
槾	元	평	上平
甗	元	평	上平
螈	元	평	上平
裷	元	평	上平
貆	元	평	上平
僠	元	평	上平
樠	元	평	上平
咺	元	평	上平
鐇	元	평	上平
謜	元	평	上平
杬	元	평	上平
榞	元	평	上平
襎	元	평	上平
犿	元	평	上平
蒝	元	평	上平
瀪	元	평	上平
蒬	元	평	上平
鶢	元	평	上平
楥	元	평	上平
蓒	元	평	上平
娮	元	평	上平
昍	元	평	上平
喰	元	평	上平
臗	元	평	上平
笎	元	평	上平
瀿	元	평	上平
愃	元	평	上平
攐	元	평	上平
惌	元	평	上平
鷭	元	평	上平
琂	元	평	上平
箮	元	평	上平
喯	元	평	上平
靬	元	평	上平
豲	元	평	上平
帵	元	평	上平
佡	元	평	上平
睷	元	평	上平
榬	元	평	上平
蝖	元	평	上平
羱	元	평	上平
勫	元	평	上平
褑	元	평	上平
瀳	元	평	上平
橎	元	평	上平
媴	元	평	上平
葾	元	평	上平
翧	元	평	上平
噃	元	평	上平
溒	元	평	上平
鎱	元	평	上平
吅	元	평	上平
摱	元	평	上平
梡	元	평	上平
妴	元	평	上平
羳	元	평	上平
袸	元	평	上平
邧	元	평	上平
駌	元	평	上平
愋	元	평	上平
鱕	元	평	上平
抃	元	평	上平
嬎	元	평	上平
媗	元	평	上平
㠾	元	평	上平
䁔	元	평	上平
㟲	元	평	上平
䭈	元	평	上平
䊟	元	평	上平
䞿	元	평	上平
䚙	元	평	上平
㸋	元	평	上平
䓂	元	평	上平
䋦	元	평	上平
䪤	元	평	上平
䠝	元	평	上平
䉒	元	평	上平
㹇	元	평	上平
䖠	元	평	上平
㱪	元	평	上平
䋣	元	평	上平
䥉	元	평	上平
㓩	元	평	上平
䕰	元	평	上平
㨜	元	평	上平
㦥	元	평	上平
䮳	元	평	上平
䪛	元	평	上平
䇾	元	평	上平
㤋	元	평	上平
㹉	元	평	上平
䖤	元	평	上平
㪟	元	평	上平
䊕	元	평	上平
㥳	元	평	上平
䳦	元	평	上平
䲮	元	평	上平
䪃	元	평	上平
㓺	元	평	上平
㩮	元	평	上平
䚭	元	평	上平
䫶	元	평	上平
㺕	元	평	上平
䩩	元	평	上平
䡝	元	평	上平
𤄜	元	평	上平
𧔞	元	평	上平
𢬵	元	평	上平
𥂦	元	평	上平
𡍦	元	평	上平
𢐲	元	평	上平
𩛟	元	평	上平
𩔉	元	평	上平
𧑒	元	평	上平
𣘖	元	평	上平
𢅼	元	평	上平
𩐏	元	평	上平
門	元	평	上平
存	元	평	上平
昏	元	평	上平
昬	元	평	上平
曛	元	평	上平
魂	元	평	上平
村	元	평	上平
邨	元	평	上平
尊	元	평	上平
孫	元	평	上平
根	元	평	上平
痕	元	평	上平
恩	元	평	上平
論	元	평	上平
溫	元	평	上平
樽	元	평	上平
罇	元	평	上平
坤	元	평	上平
吞	元	평	上平
呑	元	평	上平
奔	元	평	上平
盆	元	평	上平
閽	元	평	上平
渾	元	평	上平
昆	元	평	上平
暾	元	평	上平
屯	元	평	上平
崙	元	평	上平
豚	元	평	上平
捫	元	평	上平
蓀	元	평	上平
蹲	元	평	上平
飧	元	평	上平
敦	元	평	上平
墩	元	평	上平
鯤	元	평	上平
髡	元	평	上平
婚	元	평	上平
侖	元	평	上平
褌	元	평	上平
琨	元	평	上平
塤	元	평	上平
鶤	元	평	上平
鵾	元	평	上平
惇	元	평	上平
跟	元	평	上平
噴	元	평	上平
賁	元	평	上平
惛	元	평	上平
垠	元	평	上平
黁	元	평	上平
燉	元	평	上平
沄	元	평	上平
澐	元	평	上平
掄	元	평	上平
臀	元	평	上平
璊	元	평	上平
猻	元	평	上平
啍	元	평	上平
轀	元	평	上平
焞	元	평	上平
湓	元	평	上平
飩	元	평	上平
拫	元	평	上平
縕	元	평	上平
芚	元	평	上平
亹	元	평	上平
們	元	평	上平
瘟	元	평	上平
魨	元	평	上平
虋	元	평	上平
鼲	元	평	上平
嶟	元	평	上平
軘	元	평	上平
蜳	元	평	上平
棔	元	평	上平
純	元	평	上平
囤	元	평	上平
焜	元	평	上平
噸	元	평	上平
蘊	元	평	上平
蜫	元	평	上平
餛	元	평	上平
憣	元	평	上平
搎	元	평	上平
穈	元	평	上平
殙	元	평	上平
弴	元	평	上平
忳	元	평	上平
渀	元	평	上平
混	元	평	上平
汶	元	평	上平
吩	元	평	上平
涒	元	평	上平
錕	元	평	上平
錛	元	평	上平
涽	元	평	上平
騉	元	평	上平
豱	元	평	上平
繜	元	평	上平
噋	元	평	上平
驐	元	평	上平
菎	元	평	上平
墫	元	평	上平
旽	元	평	上平
葐	元	평	上平
殟	元	평	上平
槂	元	평	上平
瓫	元	평	上平
猑	元	평	上平
鷷	元	평	上平
惀	元	평	上平
瑥	元	평	上平
倴	元	평	上平
瘒	元	평	上平
撴	元	평	上平
蒽	元	평	上平
薞	元	평	上平
睯	元	평	上平
菛	元	평	上平
蟦	元	평	上平
庉	元	평	上平
貇	元	평	上平
鐼	元	평	上平
餫	元	평	上平
朜	元	평	上平
踚	元	평	上平
坉	元	평	上平
鞎	元	평	上平
霕	元	평	上平
怋	元	평	上平
芲	元	평	上平
棞	元	평	上平
禤	元	평	上平
犜	元	평	上平
溷	元	평	上平
暋	元	평	上平
澊	元	평	上平
黗	元	평	上平
訰	元	평	上平
緷	元	평	上平
轋	元	평	上平
惃	元	평	上平
韞	元	평	上平
婨	元	평	上平
湣	元	평	上平
琿	元	평	上平
闦	元	평	上平
橔	元	평	上平
囩	元	평	上平
泍	元	평	上平
煾	元	평	上平
玧	元	평	上平
忶	元	평	上平
拵	元	평	上平
陯	元	평	上平
痻	元	평	上平
泿	元	평	上平
憞	元	평	上平
婫	元	평	上平
顐	元	평	上平
睧	元	평	上平
䑳	元	평	上平
䰟	元	평	上平
㹠	元	평	上平
䫒	元	평	上平
㖧	元	평	上平
䟂	元	평	上平
䐊	元	평	上平
㡓	元	평	上平
䴷	元	평	上平
㒭	元	평	上平
㮯	元	평	上平
㑮	元	평	上平
㱎	元	평	上平
䖵	元	평	上平
㬿	元	평	上平
㼔	元	평	上平
䴅	元	평	上平
㖹	元	평	上平
䗕	元	평	上平
䎜	元	평	上平
䕖	元	평	上平
䮝	元	평	上平
䡣	元	평	上平
䝠	元	평	上平
㛰	元	평	上平
㩔	元	평	上平
㯊	元	평	上平
䆭	元	평	上平
䵍	元	평	上平
䊐	元	평	上平
㸑	元	평	上平
㢯	元	평	上平
䃦	元	평	上平
㬈	元	평	上平
㻊	元	평	上平
㻹	元	평	上平
㼊	元	평	上平
䊩	元	평	上平
䔻	元	평	上平
𤟤	元	평	上平
𩒱	元	평	上平
𩖤	元	평	上平
𧢜	元	평	上平
𩌑	元	평	上平
𡿕	元	평	上平
𪙲	元	평	上平
寒	寒	평	上平
看	寒	평	上平
安	寒	평	上平
難	寒	평	上平
歡	寒	평	上平
懽	寒	평	上平
殘	寒	평	上平
寬	寒	평	上平
官	寒	평	上平
端	寒	평	上平
闌	寒	평	上平
䦨	寒	평	上平
盤	寒	평	上平
冠	寒	평	上平
幹	寒	평	上平
丹	寒	평	上平
餐	寒	평	上平
蘭	寒	평	上平
竿	寒	평	上平
欄	寒	평	上平
乾	寒	평	上平
干	寒	평	上平
鸞	寒	평	上平
鞍	寒	평	上平
酸	寒	평	上平
團	寒	평	上平
觀	寒	평	上平
壇	寒	평	上平
彈	寒	평	上平
巒	寒	평	上平
玕	寒	평	上平
肝	寒	평	上平
湍	寒	평	上平
瀾	寒	평	上平
漫	寒	평	上平
蟠	寒	평	上平
桓	寒	평	上平
灘	寒	평	上平
丸	寒	평	上平
珊	寒	평	上平
完	寒	평	上平
翰	寒	평	上平
攢	寒	평	上平
單	寒	평	上平
歎	寒	평	上平
嘆	寒	평	上平
韓	寒	평	上平
鑾	寒	평	上平
槃	寒	평	上平
岏	寒	평	上平
欒	寒	평	上平
刊	寒	평	上平
殫	寒	평	上平
般	寒	평	上平
紈	寒	평	上平
摶	寒	평	上平
棺	寒	평	上平
漙	寒	평	上平
檀	寒	평	上平
瞞	寒	평	上平
鄲	寒	평	上平
跚	寒	평	上平
圞	寒	평	上平
簞	寒	평	上平
瘢	寒	평	上平
杆	寒	평	上平
驩	寒	평	上平
刓	寒	평	上平
繁	寒	평	上平
潘	寒	평	上平
磐	寒	평	上平
鑽	寒	평	上平
汗	寒	평	上平
謾	寒	평	上平
姍	寒	평	上平
剜	寒	평	上平
攔	寒	평	上平
讙	寒	평	上平
胖	寒	평	上平
鞶	寒	평	上平
襴	寒	평	上平
柈	寒	평	上平
曼	寒	평	上平
奸	寒	평	上平
磻	寒	평	上平
拚	寒	평	上平
攤	寒	평	上平
巑	寒	평	上平
鼾	寒	평	上平
髖	寒	평	上平
狻	寒	평	上平
獾	寒	평	上平
嘽	寒	평	上平
番	寒	평	上平
絙	寒	평	上平
汍	寒	평	上平
慱	寒	평	上平
頇	寒	평	上平
墁	寒	평	上平
鰻	寒	평	上平
倌	寒	평	上平
芄	寒	평	上平
判	寒	평	上平
癱	寒	평	上平
讕	寒	평	上平
癉	寒	평	上平
莞	寒	평	上平
灤	寒	평	上平
襌	寒	평	上平
敦	寒	평	上平
峘	寒	평	上平
鑚	寒	평	上平
鏝	寒	평	上平
邗	寒	평	上平
萑	寒	평	上平
媻	寒	평	上平
囒	寒	평	上平
鞔	寒	평	上平
貆	寒	평	上平
饅	寒	평	上平
顢	寒	평	上平
鏄	寒	평	上平
羱	寒	평	上平
弁	寒	평	上平
搬	寒	평	上平
剸	寒	평	上平
撣	寒	평	上平
蹣	寒	평	上平
洹	寒	평	上平
涫	寒	평	上平
眢	寒	평	上平
樠	寒	평	上平
剬	寒	평	上平
渜	寒	평	上平
荁	寒	평	上平
迀	寒	평	上平
幋	寒	평	上平
拌	寒	평	上平
槫	寒	평	上平
攛	寒	평	上平
嬗	寒	평	上平
桉	寒	평	上平
釺	寒	평	上平
皖	寒	평	上平
抏	寒	평	上平
酇	寒	평	上平
嚾	寒	평	上平
豻	寒	평	上平
驒	寒	평	上平
垸	寒	평	上平
悗	寒	평	上平
鳱	寒	평	上平
烷	寒	평	上平
羉	寒	평	上平
豲	寒	평	上平
痑	寒	평	上平
睕	寒	평	上平
豌	寒	평	上平
慲	寒	평	上平
躝	寒	평	上平
鴅	寒	평	上平
捖	寒	평	上平
獌	寒	평	上平
縏	寒	평	上平
跘	寒	평	上平
婠	寒	평	上平
鷒	寒	평	上平
驙	寒	평	上平
籣	寒	평	上平
忓	寒	평	上平
槾	寒	평	上平
貚	寒	평	上平
灓	寒	평	上平
耑	寒	평	上平
灡	寒	평	上平
帵	寒	평	上平
忨	寒	평	上平
貒	寒	평	上平
韊	寒	평	上平
檲	寒	평	上平
褍	寒	평	上平
喰	寒	평	上平
灒	寒	평	上平
窤	寒	평	上平
萈	寒	평	上平
繟	寒	평	上平
竱	寒	평	上平
攼	寒	평	上平
梡	寒	평	上平
羦	寒	평	上平
嫨	寒	평	上平
犿	寒	평	上平
瓛	寒	평	上平
芉	寒	평	上平
塼	寒	평	上平
砃	寒	평	上平
犴	寒	평	上平
酄	寒	평	上平
篅	寒	평	上平
荌	寒	평	上平
搫	寒	평	上平
毌	寒	평	上平
椯	寒	평	上平
繵	寒	평	上平
雗	寒	평	上平
螌	寒	평	上平
鍴	寒	평	上平
蠸	寒	평	上平
褩	寒	평	上平
寏	寒	평	上平
曫	寒	평	上平
臗	寒	평	上平
鱄	寒	평	上平
吅	寒	평	上平
嬏	寒	평	上平
媏	寒	평	上平
雃	寒	평	上平
綄	寒	평	上平
嫥	寒	평	上平
鷤	寒	평	上平
臤	寒	평	上平
矕	寒	평	上平
蒰	寒	평	上平
偳	寒	평	上平
靬	寒	평	上平
聅	寒	평	上平
鬗	寒	평	上平
馯	寒	평	上平
虷	寒	평	上平
鋑	寒	평	上平
帴	寒	평	上平
瀊	寒	평	上平
欗	寒	평	上平
煓	寒	평	上平
穳	寒	평	上平
唌	寒	평	上平
糷	寒	평	上平
暕	寒	평	上平
匰	寒	평	上平
躦	寒	평	上平
雈	寒	평	上平
㡩	寒	평	上平
㨏	寒	평	上平
䜱	寒	평	上平
㙔	寒	평	上平
䕊	寒	평	上平
㠆	寒	평	上平
㒼	寒	평	上平
㣋	寒	평	上平
䖂	寒	평	上平
䐷	寒	평	上平
㐤	寒	평	上平
䪍	寒	평	上平
䴟	寒	평	上平
䵎	寒	평	上平
㽃	寒	평	上平
䀂	寒	평	上平
㫨	寒	평	上平
㗄	寒	평	上平
䊡	寒	평	上平
㟨	寒	평	上平
䐽	寒	평	上平
㥇	寒	평	上平
䝎	寒	평	上平
䃲	寒	평	上平
䵊	寒	평	上平
䙁	寒	평	上平
㙢	寒	평	上平
䃪	寒	평	上平
㿻	寒	평	上平
㸩	寒	평	上平
㱚	寒	평	上平
㗈	寒	평	上平
㶥	寒	평	上平
䒥	寒	평	上平
䉔	寒	평	上平
䦡	寒	평	上平
䮧	寒	평	上平
䝔	寒	평	上平
䧲	寒	평	上平
䱗	寒	평	上平
䯈	寒	평	上平
䗙	寒	평	上平
䗕	寒	평	上平
䝜	寒	평	上平
䆺	寒	평	上平
䡽	寒	평	上平
㛽	寒	평	上平
㠝	寒	평	上平
䢿	寒	평	上平
㘓	寒	평	上平
䈲	寒	평	上平
㢖	寒	평	上平
㱍	寒	평	上平
䊜	寒	평	上平
䬧	寒	평	上平
㿪	寒	평	上平
䜌	寒	평	上平
䑌	寒	평	上平
䒟	寒	평	上平
㩛	寒	평	上平
䝳	寒	평	上平
䈀	寒	평	上平
𩆓	寒	평	上平
𢬵	寒	평	上平
𧪙	寒	평	上平
𥮚	寒	평	上平
𦼉	寒	평	上平
𣎅	寒	평	上平
𪄿	寒	평	上平
𡷗	寒	평	上平
𧯡	寒	평	上平
𡘍	寒	평	上平
𥈼	寒	평	上平
𡅻	寒	평	上平
𤳖	寒	평	上平
山	刪	평	上平
間	刪	평	上平
關	刪	평	上平
還	刪	평	上平
顏	刪	평	上平
顔	刪	평	上平
閑	刪	평	上平
閒	刪	평	上平
攀	刪	평	上平
斑	刪	평	上平
斒	刪	평	上平
環	刪	평	上平
班	刪	평	上平
灣	刪	평	上平
艱	刪	평	上平
寰	刪	평	上平
慳	刪	평	上平
鬟	刪	평	上平
蠻	刪	평	上平
頑	刪	평	上平
刪	刪	평	上平
彎	刪	평	上平
潺	刪	평	上平
湲	刪	평	上平
殷	刪	평	上平
菅	刪	평	上平
潸	刪	평	上平
頒	刪	평	上平
鷳	刪	평	上平
患	刪	평	上平
奸	刪	평	上平
姦	刪	평	上平
扳	刪	평	上平
闤	刪	평	上平
斕	刪	평	上平
鐶	刪	평	上平
孱	刪	평	上平
鰥	刪	평	上平
瘝	刪	평	上平
癏	刪	평	上平
嫻	刪	평	上平
綸	刪	평	上平
鬘	刪	평	上平
般	刪	평	上平
訕	刪	평	上平
鍰	刪	평	上平
跧	刪	평	上平
蕳	刪	평	上平
黫	刪	평	上平
圜	刪	평	上平
瞷	刪	평	上平
澴	刪	평	上平
閂	刪	평	上平
擐	刪	평	上平
獌	刪	평	上平
憪	刪	평	上平
嬛	刪	평	上平
狦	刪	평	上平
虨	刪	평	上平
癇	刪	평	上平
僝	刪	평	上平
豻	刪	평	上平
鬝	刪	평	上平
虤	刪	평	上平
攽	刪	평	上平
矕	刪	평	上平
狠	刪	평	上平
轘	刪	평	上平
鳻	刪	평	上平
螌	刪	평	上平
眅	刪	평	上平
詽	刪	평	上平
矜	刪	평	上平
澖	刪	평	上平
掔	刪	평	上平
羴	刪	평	上平
朌	刪	평	上平
臤	刪	평	上平
肦	刪	평	上平
葌	刪	평	上平
覵	刪	평	上平
馯	刪	평	上平
曫	刪	평	上平
睔	刪	평	上平
譠	刪	평	上平
羥	刪	평	上平
瞯	刪	평	上平
顅	刪	평	上平
靬	刪	평	上平
黰	刪	평	上平
楌	刪	평	上平
藖	刪	평	上平
邖	刪	평	上平
糫	刪	평	上平
婜	刪	평	上平
漹	刪	평	上平
蛝	刪	평	上平
硍	刪	평	上平
㘖	刪	평	上平
䰉	刪	평	上平
㦨	刪	평	上平
㻞	刪	평	上平
㡲	刪	평	上平
䚪	刪	평	上平
䭴	刪	평	上平
䃑	刪	평	上平
䤽	刪	평	上平
䅼	刪	평	上平
䴉	刪	평	上平
㘤	刪	평	上平
㹕	刪	평	上平
䡲	刪	평	上平
㺗	刪	평	上平
䓸	刪	평	上平
㸶	刪	평	上平
㰑	刪	평	上平
㶎	刪	평	上平
䦥	刪	평	上平
䔵	刪	평	上平
㗴	刪	평	上平
㐴	刪	평	上平
㯗	刪	평	上平
䚲	刪	평	上平
䂅	刪	평	上平
䰋	刪	평	上平
㣶	刪	평	上平
䘎	刪	평	上平
𠴨	刪	평	上平
𤸷	刪	평	上平
𪈿	刪	평	上平
𪈮	刪	평	上平
𤡥	刪	평	上平
𧢞	刪	평	上平
年	先	평	下平
䄵	先	평	下平
天	先	평	下平
然	先	평	下平
烟	先	평	下平
前	先	평	下平
邊	先	평	下平
仙	先	평	下平
仚	先	평	下平
船	先	평	下平
舩	先	평	下平
舡	先	평	下平
眠	先	평	下平
泉	先	평	下平
賢	先	평	下平
贒	先	평	下平
煙	先	평	下平
傳	先	평	下平
田	先	평	下平
憐	先	평	下平
川	先	평	下平
篇	先	평	下平
錢	先	평	下平
緣	先	평	下平
圓	先	평	下平
弦	先	평	下平
連	先	평	下平
妍	先	평	下平
姸	先	평	下平
懸	先	평	下平
筵	先	평	下平
全	先	평	下平
絃	先	평	下平
先	先	평	下平
顛	先	평	下平
顚	先	평	下平
禪	先	평	下平
偏	先	평	下平
鮮	先	평	下平
鞭	先	평	下平
遷	先	평	下平
蓮	先	평	下平
編	先	평	下平
千	先	평	下平
堅	先	평	下平
肩	先	평	下平
綿	先	평	下平
緜	先	평	下平
巔	先	평	下平
巓	先	평	下平
旋	先	평	下平
玄	先	평	下平
娟	先	평	下平
淵	先	평	下平
蟬	先	평	下平
箋	先	평	下平
牋	先	평	下平
翩	先	평	下平
牽	先	평	下平
宣	先	평	下平
權	先	평	下平
捐	先	평	下平
氈	先	평	下平
氊	先	평	下平
椽	先	평	下平
延	先	평	下平
鵑	先	평	下平
穿	先	평	下平
聯	先	평	下平
便	先	평	下平
煎	先	평	下平
拳	先	평	下平
廛	先	평	下平
騫	先	평	下平
阡	先	평	下平
鐫	先	평	下平
涎	先	평	下平
專	先	평	下平
旃	先	평	下平
焉	先	평	下平
漣	先	평	下平
燕	先	평	下平
鷰	先	평	下平
纏	先	평	下平
躔	先	평	下平
愆	先	평	下平
僊	先	평	下平
虔	先	평	下平
膻	先	평	下平
羶	先	평	下平
羴	先	평	下平
涓	先	평	下平
鳶	先	평	下平
韉	先	평	下平
燃	先	평	下平
還	先	평	下平
鈿	先	평	下平
筌	先	평	下平
躚	先	평	下平
詮	先	평	下平
芊	先	평	下平
鉛	先	평	下平
壖	先	평	下平
湲	先	평	下平
蜒	先	평	下平
痊	先	평	下平
研	先	평	下平
舷	先	평	下平
鋋	先	평	下平
邅	先	평	下平
埏	先	평	下平
蠲	先	평	下平
磚	先	평	下平
甎	先	평	下平
沿	先	평	下平
闐	先	평	下平
甄	先	평	下平
填	先	평	下平
濺	先	평	下平
荃	先	평	下平
員	先	평	下平
乾	先	평	下平
干	先	평	下平
攣	先	평	下平
韆	先	평	下平
鸇	先	평	下平
堧	先	평	下平
悁	先	평	下平
銓	先	평	下平
棉	先	평	下平
籩	先	평	下平
鱣	先	평	下平
湔	先	평	下平
鯿	先	평	下平
褰	先	평	下平
悛	先	평	下平
軿	先	평	下平
翾	先	평	下平
縣	先	평	下平
瀍	先	평	下平
饘	先	평	下平
咽	先	평	下平
駢	先	평	下平
佺	先	평	下平
蔫	先	평	下平
癲	先	평	下平
遄	先	평	下平
搴	先	평	下平
平	先	평	下平
嫣	先	평	下平
畋	先	평	下平
戔	先	평	下平
圈	先	평	下平
滇	先	평	下平
顴	先	평	下平
蚿	先	평	下平
蜷	先	평	下平
棬	先	평	下平
篯	先	평	下平
儇	先	평	下平
圜	先	평	下平
顓	先	평	下平
漩	先	평	下平
牷	先	평	下平
胼	先	평	下平
惓	先	평	下平
卷	先	평	下平
璿	先	평	下平
朘	先	평	下平
篿	先	평	下平
鬈	先	평	下平
孱	先	평	下平
挻	先	평	下平
弮	先	평	下平
揎	先	평	下平
潺	先	평	下平
綖	先	평	下平
蝝	先	평	下平
楩	先	평	下平
犍	先	평	下平
湮	先	평	下平
萹	先	평	下平
箯	先	평	下平
塼	先	평	下平
肰	先	평	下平
蠙	先	평	下平
跧	先	평	下平
蹎	先	평	下平
佃	先	평	下平
鼘	先	평	下平
菸	先	평	下平
瘨	先	평	下平
褼	先	평	下平
櫋	先	평	下平
眩	先	평	下平
蜎	先	평	下平
秈	先	평	下平
嬛	先	평	下平
鍵	先	평	下平
扇	先	평	下平
攧	先	평	下平
扁	先	평	下平
汧	先	평	下平
梴	先	평	下平
鋗	先	평	下平
獧	先	평	下平
鏈	先	평	下平
煽	先	평	下平
諞	先	평	下平
蠉	先	평	下平
諓	先	평	下平
睊	先	평	下平
豜	先	평	下平
譞	先	평	下平
嬋	先	평	下平
拴	先	평	下平
澶	先	평	下平
蝙	先	평	下平
撋	先	평	下平
櫞	先	평	下平
沺	先	평	下平
蹁	先	평	下平
瑄	先	평	下平
零	先	평	下平
嘕	先	평	下平
剸	先	평	下平
歅	先	평	下平
瓀	先	평	下平
濱	先	평	下平
輇	先	평	下平
仟	先	평	下平
單	先	평	下平
鰱	先	평	下平
篅	先	평	下平
懁	先	평	下平
幵	先	평	下平
駽	先	평	下平
岍	先	평	下平
鬋	先	평	下平
廯	先	평	下平
燀	先	평	下平
猭	先	평	下平
瞑	先	평	下平
駩	先	평	下平
祆	先	평	下平
扡	先	평	下平
楄	先	평	下平
竣	先	평	下平
胭	先	평	下平
儃	先	평	下平
窴	先	평	下平
婘	先	평	下平
甂	先	평	下平
孿	先	평	下平
狿	先	평	下平
騝	先	평	下平
噒	先	평	下平
枅	先	평	下平
蜁	先	평	下平
潫	先	평	下平
栴	先	평	下平
媊	先	평	下平
蟺	先	평	下平
碝	先	평	下平
絟	先	평	下平
捲	先	평	下平
輧	先	평	下平
玹	先	평	下平
勌	先	평	下平
烻	先	평	下平
鱄	先	평	下平
磌	先	평	下平
莚	先	평	下平
鐉	先	평	下平
媔	先	평	下平
攐	先	평	下平
栓	先	평	下平
嗹	先	평	下平
攓	先	평	下平
鞙	先	평	下平
唌	先	평	下平
餰	先	평	下平
耑	先	평	下平
骿	先	평	下平
蝒	先	평	下平
琁	先	평	下平
緶	先	평	下平
猵	先	평	下平
輲	先	평	下平
謰	先	평	下平
縓	先	평	下平
矎	先	평	下平
觠	先	평	下平
嫥	先	평	下平
矊	先	평	下平
翴	先	평	下平
蠸	先	평	下平
蹥	先	평	下平
琕	先	평	下平
閼	先	평	下平
鷏	先	평	下平
巏	先	평	下平
驙	先	평	下平
鶣	先	평	下平
鵳	先	평	下平
楥	先	평	下平
馢	先	평	下平
苮	先	평	下平
蟤	先	평	下平
媥	先	평	下平
葲	先	평	下平
縺	先	평	下平
犏	先	평	下平
僆	先	평	下平
茾	先	평	下平
蚈	先	평	下平
諯	先	평	下平
湶	先	평	下平
齤	先	평	下平
鰹	先	평	下平
盷	先	평	下平
鄢	先	평	下平
脠	先	평	下平
孉	先	평	下平
梋	先	평	下平
掔	先	평	下平
梿	先	평	下平
齻	先	평	下平
帴	先	평	下平
硟	先	평	下平
屇	先	평	下平
貚	先	평	下平
賆	先	평	下平
葥	先	평	下平
珗	先	평	下平
錕	先	평	下平
嫙	先	평	下平
鍹	先	평	下平
灒	先	평	下平
辿	先	평	下平
錈	先	평	下平
嫾	先	평	下平
鍽	先	평	下平
鰬	先	평	下平
腃	先	평	下平
奱	先	평	下平
玧	先	평	下平
璳	先	평	下平
瑔	先	평	下平
胘	先	평	下平
槫	先	평	下平
肙	先	평	下平
妶	先	평	下平
鷒	先	평	下平
漹	先	평	下平
惤	先	평	下平
厧	先	평	下平
玭	先	평	下平
詽	先	평	下平
純	先	평	下平
愃	先	평	下平
裫	先	평	下平
颴	先	평	下平
玆	先	평	下平
娫	先	평	下平
謜	先	평	下平
椯	先	평	下平
臤	先	평	下平
雃	先	평	下平
宀	先	평	下平
吅	先	평	下平
圌	先	평	下平
縳	先	평	下平
焆	先	평	下平
繵	先	평	下平
犈	先	평	下平
媗	先	평	下平
豣	先	평	下平
篶	先	평	下平
鰁	先	평	下平
臱	先	평	下平
虇	先	평	下平
暷	先	평	下平
槙	先	평	下平
碊	先	평	下平
箞	先	평	下平
姾	先	평	下平
摼	先	평	下平
鄟	先	평	下平
銒	先	평	下平
橪	先	평	下平
頨	先	평	下平
酀	先	평	下平
籈	先	평	下平
揙	先	평	下平
檈	先	평	下平
繎	先	평	下平
忓	先	평	下平
峑	先	평	下平
剈	先	평	下平
娹	先	평	下平
冿	先	평	下平
弲	先	평	下平
閍	先	평	下平
顅	先	평	下平
驠	先	평	下平
牑	先	평	下平
瑼	先	평	下平
鋑	先	평	下平
搷	先	평	下平
鯅	先	평	下平
垠	先	평	下平
瓹	先	평	下平
騚	先	평	下平
囨	先	평	下平
瀳	先	평	下平
剶	先	평	下平
杄	先	평	下平
汘	先	평	下平
鶰	先	평	下平
繟	先	평	下平
絭	先	평	下平
圱	先	평	下平
矏	先	평	下平
酄	先	평	下平
痃	先	평	下平
奾	先	평	下平
棩	先	평	下平
暶	先	평	下平
瞤	先	평	下平
熞	先	평	下平
瞏	先	평	下平
黇	先	평	下平
裐	先	평	下平
瑸	先	평	下平
翧	先	평	下平
矔	先	평	下平
菺	先	평	下平
姩	先	평	下平
誸	先	평	下平
糄	先	평	下平
珚	先	평	下平
狋	先	평	下平
叀	先	평	下平
芇	先	평	下平
恮	先	평	下平
跰	先	평	下平
薽	先	평	下平
膞	先	평	下平
稨	先	평	下平
鋻	先	평	下平
傿	先	평	下平
脧	先	평	下平
奷	先	평	下平
檰	先	평	下平
郔	先	평	下平
癴	先	평	下平
瑏	先	평	下平
嬵	先	평	下平
葏	先	평	下平
㫋	先	평	下平
㾓	先	평	下平
䳌	先	평	下平
䅌	先	평	下平
㘋	先	평	下平
㳙	先	평	下平
㙻	先	평	下平
䒶	先	평	下平
㨎	先	평	下平
䚯	先	평	下平
㟀	先	평	下平
䔐	先	평	下平
䁣	先	평	下平
䀽	先	평	下平
䰓	先	평	下平
㭹	先	평	下平
㒽	先	평	下平
䏈	先	평	下平
䌑	先	평	下平
䂴	先	평	下平
㝰	先	평	下平
㔯	先	평	下平
㰃	先	평	下平
䟍	先	평	下平
㦁	先	평	下平
㥕	先	평	下平
㫟	先	평	下平
䇂	先	평	下平
䗠	先	평	下平
㼷	先	평	下平
㩲	先	평	下平
䋌	先	평	下平
䱲	先	평	下平
䌯	先	평	下平
䳿	先	평	下平
䠰	先	평	下平
䃛	先	평	下平
㲔	先	평	下平
㵪	先	평	下平
㓲	先	평	下平
䏃	先	평	下平
㳭	先	평	下平
䟧	先	평	下平
㢺	先	평	下平
䊙	先	평	下平
䋗	先	평	下平
䶬	先	평	下平
䀒	先	평	下平
䚈	先	평	下平
㳬	先	평	下平
䛲	先	평	下平
㘣	先	평	下平
䡘	先	평	下平
㼐	先	평	下平
䙲	先	평	下平
㮍	先	평	下平
䮄	先	평	下平
䀬	先	평	下平
㒰	先	평	下平
䀖	先	평	下平
䥖	先	평	下平
䡒	先	평	下平
㡉	先	평	下平
㷑	先	평	下平
䢬	先	평	下平
䲂	先	평	下平
㢟	先	평	下平
䗎	先	평	下平
䚊	先	평	下平
䮁	先	평	下平
䲆	先	평	下平
䣺	先	평	下平
䕼	先	평	下平
㿊	先	평	下平
㹡	先	평	下平
䗡	先	평	下平
䳣	先	평	下平
㮵	先	평	下平
㮌	先	평	下平
㗔	先	평	下平
䟒	先	평	下平
㾫	先	평	下平
㩊	先	평	下平
䘰	先	평	下平
㝚	先	평	下平
䥧	先	평	下平
㛹	先	평	下平
䑏	先	평	下平
䳒	先	평	下平
㢆	先	평	下平
㳄	先	평	下平
䙴	先	평	下平
䔳	先	평	下平
㜣	先	평	下平
䳪	先	평	下平
䉳	先	평	下平
䢴	先	평	下平
䲻	先	평	下平
䆤	先	평	下平
䨊	先	평	下平
㶌	先	평	下平
㒙	先	평	下平
䙭	先	평	下平
䁢	先	평	下平
㶜	先	평	下平
䚶	先	평	下平
㟫	先	평	下平
䄳	先	평	下平
㢧	先	평	下平
䧃	先	평	下平
䉦	先	평	下平
䃉	先	평	下平
㕙	先	평	下平
㿼	先	평	下平
𤲬	先	평	下平
𧾍	先	평	下平
𦧴	先	평	下平
𥑻	先	평	下平
𤣆	先	평	下平
𩉃	先	평	下平
𢑆	先	평	下平
𧹬	先	평	下平
𥳚	先	평	下平
𢏮	先	평	下平
𩕰	先	평	下平
𡣬	先	평	下平
𢮂	先	평	下平
𩥄	先	평	下平
𩑹	先	평	下平
𠬍	先	평	下平
𣖳	先	평	下平
𥌂	先	평	下平
𥮒	先	평	下平
朝	蕭	평	下平
遙	蕭	평	下平
橋	蕭	평	下平
消	蕭	평	下平
潮	蕭	평	下平
霄	蕭	평	下平
招	蕭	평	下平
寥	蕭	평	下平
條	蕭	평	下平
腰	蕭	평	下平
蕭	蕭	평	下平
飄	蕭	평	下平
宵	蕭	평	下平
簫	蕭	평	下平
銷	蕭	평	下平
驕	蕭	평	下平
搖	蕭	평	下平
饒	蕭	평	下平
樵	蕭	평	下平
苗	蕭	평	下平
凋	蕭	평	下平
瓢	蕭	평	下平
謠	蕭	평	下平
橈	蕭	평	下平
迢	蕭	평	下平
聊	蕭	평	下平
嬌	蕭	평	下平
綃	蕭	평	下平
焦	蕭	평	下平
嶢	蕭	평	下平
飆	蕭	평	下平
飊	蕭	평	下平
韶	蕭	평	下平
㲈	蕭	평	下平
蕉	蕭	평	下平
標	蕭	평	下平
邀	蕭	평	下平
貂	蕭	평	下平
椒	蕭	평	下平
燒	蕭	평	下平
喬	蕭	평	下平
瑤	蕭	평	下平
翹	蕭	평	下平
堯	蕭	평	下平
瀟	蕭	평	下平
調	蕭	평	下平
超	蕭	평	下平
雕	蕭	평	下平
寮	蕭	평	下平
澆	蕭	평	下平
姚	蕭	평	下平
囂	蕭	평	下平
軺	蕭	평	下平
嶤	蕭	평	下平
描	蕭	평	下平
僚	蕭	평	下平
杓	蕭	평	下平
妖	蕭	평	下平
鑣	蕭	평	下平
遼	蕭	평	下平
嬈	蕭	평	下平
昭	蕭	평	下平
苕	蕭	평	下平
彫	蕭	평	下平
要	蕭	평	下平
颻	蕭	평	下平
梟	蕭	평	下平
跳	蕭	평	下平
趒	蕭	평	下平
憀	蕭	평	下平
髫	蕭	평	下平
蜩	蕭	평	下平
挑	蕭	평	下平
鴞	蕭	평	下平
撩	蕭	평	下平
譙	蕭	평	下平
漂	蕭	평	下平
歊	蕭	평	下平
貓	蕭	평	下平
猫	蕭	평	下平
蕘	蕭	평	下平
鷯	蕭	평	下平
夭	蕭	평	下平
徭	蕭	평	下平
翛	蕭	평	下平
刁	蕭	평	下平
枵	蕭	평	下平
窯	蕭	평	下平
驍	蕭	평	下平
祧	蕭	평	下平
僑	蕭	평	下平
陶	蕭	평	下平
麼	蕭	평	下平
么	蕭	평	下平
幺	蕭	평	下平
嘵	蕭	평	下平
漻	蕭	평	下平
徼	蕭	평	下平
魈	蕭	평	下平
料	蕭	평	下平
臕	蕭	평	下平
僥	蕭	평	下平
膋	蕭	평	下平
佻	蕭	평	下平
痟	蕭	평	下平
幖	蕭	평	下平
弨	蕭	평	下平
趫	蕭	평	下平
硝	蕭	평	下平
彯	蕭	평	下平
晁	蕭	평	下平
瀌	蕭	평	下平
繇	蕭	평	下平
蹺	蕭	평	下平
岧	蕭	평	下平
憔	蕭	평	下平
猺	蕭	평	下平
繰	蕭	평	下平
熇	蕭	평	下平
燋	蕭	평	下平
恌	蕭	평	下平
穮	蕭	평	下平
嶠	蕭	평	下平
熛	蕭	평	下平
鰩	蕭	평	下平
瞧	蕭	평	下平
鍬	蕭	평	下平
嘹	蕭	평	下平
橇	蕭	평	下平
喓	蕭	평	下平
剽	蕭	평	下平
猋	蕭	평	下平
祅	蕭	평	下平
鼂	蕭	평	下平
蕎	蕭	평	下平
怊	蕭	평	下平
嶕	蕭	평	下平
蛸	蕭	평	下平
薸	蕭	평	下平
繚	蕭	평	下平
鏢	蕭	평	下平
齠	蕭	평	下平
鷦	蕭	평	下平
劭	蕭	평	下平
獢	蕭	평	下平
虈	蕭	평	下平
葽	蕭	평	下平
鷂	蕭	평	下平
燎	蕭	평	下平
礁	蕭	평	下平
憍	蕭	평	下平
飂	蕭	평	下平
珧	蕭	평	下平
鞗	蕭	평	下平
趬	蕭	평	下平
鐐	蕭	평	下平
鱎	蕭	평	下平
轎	蕭	평	下平
獠	蕭	평	下平
逍	蕭	평	下平
錨	蕭	평	下平
佬	蕭	평	下平
箾	蕭	평	下平
鐎	蕭	평	下平
鷮	蕭	평	下平
鰷	蕭	평	下平
翲	蕭	평	下平
僄	蕭	평	下平
愮	蕭	평	下平
褕	蕭	평	下平
嗂	蕭	평	下平
摽	蕭	평	下平
膘	蕭	평	下平
橑	蕭	평	下平
嫖	蕭	평	下平
訞	蕭	평	下平
蟟	蕭	평	下平
蟯	蕭	평	下平
碉	蕭	평	下平
嶛	蕭	평	下平
釗	蕭	평	下平
髟	蕭	평	下平
儦	蕭	평	下平
鞽	蕭	평	下平
叼	蕭	평	下平
揱	蕭	평	下平
蠨	蕭	평	下平
襓	蕭	평	下平
簥	蕭	평	下平
呺	蕭	평	下平
毊	蕭	평	下平
佋	蕭	평	下平
噍	蕭	평	下平
鄡	蕭	평	下平
脁	蕭	평	下平
膮	蕭	평	下平
暸	蕭	평	下平
怮	蕭	평	下平
票	蕭	평	下平
哨	蕭	평	下平
炤	蕭	평	下平
癆	蕭	평	下平
銚	蕭	평	下平
吆	蕭	평	下平
笤	蕭	평	下平
撬	蕭	평	下平
嘄	蕭	평	下平
麃	蕭	평	下平
虭	蕭	평	下平
嫽	蕭	평	下平
潚	蕭	평	下平
憭	蕭	평	下平
藨	蕭	평	下平
嵺	蕭	평	下平
飉	蕭	평	下平
嘌	蕭	평	下平
驃	蕭	평	下平
榣	蕭	평	下平
敹	蕭	평	下平
鶓	蕭	평	下平
櫹	蕭	평	下平
枖	蕭	평	下平
憢	蕭	평	下平
蟭	蕭	평	下平
驫	蕭	평	下平
蛁	蕭	평	下平
膫	蕭	평	下平
蟂	蕭	평	下平
颵	蕭	평	下平
蔈	蕭	평	下平
憿	蕭	평	下平
踃	蕭	평	下平
媱	蕭	평	下平
嫶	蕭	평	下平
瘭	蕭	평	下平
鋚	蕭	평	下平
爂	蕭	평	下平
烑	蕭	평	下平
荍	蕭	평	下平
瞗	蕭	평	下平
幧	蕭	평	下平
撨	蕭	평	下平
暚	蕭	평	下平
廫	蕭	평	下平
螵	蕭	평	下平
癄	蕭	평	下平
髎	蕭	평	下平
嘺	蕭	평	下平
彇	蕭	평	下平
鍣	蕭	평	下平
卲	蕭	평	下平
燆	蕭	평	下平
緰	蕭	평	下平
熮	蕭	평	下平
穚	蕭	평	下平
窷	蕭	평	下平
敫	蕭	평	下平
婤	蕭	평	下平
牊	蕭	평	下平
駋	蕭	평	下平
岹	蕭	평	下平
蓧	蕭	평	下平
鮡	蕭	평	下平
瞍	蕭	평	下平
緢	蕭	평	下平
奝	蕭	평	下平
褿	蕭	평	下平
鸄	蕭	평	下平
聎	蕭	평	下平
萩	蕭	평	下平
尞	蕭	평	下平
柖	蕭	평	下平
庣	蕭	평	下平
篍	蕭	평	下平
藃	蕭	평	下平
盄	蕭	평	下平
顠	蕭	평	下平
鴁	蕭	평	下平
橚	蕭	평	下平
翏	蕭	평	下平
篻	蕭	평	下平
莦	蕭	평	下平
顟	蕭	평	下平
磦	蕭	평	下平
刂	蕭	평	下平
玿	蕭	평	下平
弴	蕭	평	下平
狣	蕭	평	下平
啋	蕭	평	下平
犥	蕭	평	下平
謤	蕭	평	下平
蔋	蕭	평	下平
宎	蕭	평	下平
簝	蕭	평	下平
膲	蕭	평	下平
镽	蕭	평	下平
朷	蕭	평	下平
喿	蕭	평	下平
橾	蕭	평	下平
撽	蕭	평	下平
繑	蕭	평	下平
筄	蕭	평	下平
鄵	蕭	평	下平
灬	蕭	평	下平
菬	蕭	평	下平
鯛	蕭	평	下平
焇	蕭	평	下平
欩	蕭	평	下平
祒	蕭	평	下平
豂	蕭	평	下平
狕	蕭	평	下平
楆	蕭	평	下平
匋	蕭	평	下平
鎥	蕭	평	下平
獥	蕭	평	下平
鮹	蕭	평	下平
餆	蕭	평	下平
旫	蕭	평	下平
屪	蕭	평	下平
鐈	蕭	평	下平
旚	蕭	평	下平
皽	蕭	평	下平
魒	蕭	평	下平
隃	蕭	평	下平
贆	蕭	평	下平
孂	蕭	평	下平
妱	蕭	평	下平
璙	蕭	평	下平
顤	蕭	평	下平
鎐	蕭	평	下平
鉊	蕭	평	下平
刟	蕭	평	下平
穘	蕭	평	下平
蓨	蕭	평	下平
劁	蕭	평	下平
㵳	蕭	평	下平
䖴	蕭	평	下平
䮽	蕭	평	下平
䩦	蕭	평	下平
䁘	蕭	평	下平
㲖	蕭	평	下平
䖢	蕭	평	下平
䌃	蕭	평	下平
䎄	蕭	평	下平
䫞	蕭	평	下平
䚻	蕭	평	下平
䉼	蕭	평	下平
㝯	蕭	평	下平
㪣	蕭	평	下平
㓮	蕭	평	下平
䄏	蕭	평	下平
䀉	蕭	평	下平
㲵	蕭	평	下平
䨅	蕭	평	下平
䆙	蕭	평	下平
䳂	蕭	평	下平
㴅	蕭	평	下平
䒒	蕭	평	下平
䫿	蕭	평	下平
䎗	蕭	평	下平
㚠	蕭	평	下平
㼼	蕭	평	下平
䚺	蕭	평	下平
䵲	蕭	평	下平
㲬	蕭	평	下平
㕥	蕭	평	下平
㑾	蕭	평	下平
䁃	蕭	평	下平
㶮	蕭	평	下平
䜍	蕭	평	下平
㸈	蕭	평	下平
䕯	蕭	평	下平
䁭	蕭	평	下平
㚋	蕭	평	下平
䍃	蕭	평	下平
䶰	蕭	평	下平
㶾	蕭	평	下平
㡻	蕭	평	下平
䱔	蕭	평	下平
䩌	蕭	평	下平
䬙	蕭	평	下平
㨱	蕭	평	下平
䱁	蕭	평	下平
㟹	蕭	평	下平
㸛	蕭	평	下平
䅺	蕭	평	下平
䠛	蕭	평	下平
㠒	蕭	평	下平
䖺	蕭	평	下平
㯱	蕭	평	下平
䏆	蕭	평	下平
䢪	蕭	평	下平
䴩	蕭	평	下平
㹦	蕭	평	下平
䘟	蕭	평	下平
䁧	蕭	평	下平
䴛	蕭	평	下平
䂏	蕭	평	下平
䳩	蕭	평	下平
㬸	蕭	평	下平
䙅	蕭	평	下平
㟘	蕭	평	下平
䯾	蕭	평	下平
㑸	蕭	평	下平
䌭	蕭	평	下平
䨭	蕭	평	下平
𦨣	蕭	평	下平
𢑁	蕭	평	下平
𨋫	蕭	평	下平
𪚰	蕭	평	下平
𢆷	蕭	평	下平
𤖻	蕭	평	下平
𧪬	蕭	평	下平
𤐫	蕭	평	下平
𤻁	蕭	평	下平
𩾗	蕭	평	下平
𪛕	蕭	평	下平
𥰜	蕭	평	下平
𣂁	蕭	평	下平
𦠎	蕭	평	下平
𢆽	蕭	평	下平
𢿣	蕭	평	下平
𦔩	蕭	평	下平
𩙚	蕭	평	下平
交	肴	평	下平
巢	肴	평	下平
梢	肴	평	下平
郊	肴	평	下平
茅	肴	평	下平
嘲	肴	평	下平
敲	肴	평	下平
拋	肴	평	下平
抛	肴	평	下平
蛟	肴	평	下平
包	肴	평	下平
坳	肴	평	下平
苞	肴	평	下平
庖	肴	평	下平
匏	肴	평	下平
爻	肴	평	下平
抄	肴	평	下平
膠	肴	평	下平
肴	肴	평	下平
呶	肴	평	下平
淆	肴	평	下平
胞	肴	평	下平
殽	肴	평	下平
鈔	肴	평	下平
鐃	肴	평	下平
茆	肴	평	下平
筲	肴	평	下平
教	肴	평	下平
敎	肴	평	下平
譊	肴	평	下平
磽	肴	평	下平
捎	肴	평	下平
哮	肴	평	下平
凹	肴	평	下平
稍	肴	평	下平
崤	肴	평	下平
嘐	肴	평	下平
蛸	肴	평	下平
茭	肴	평	下平
泡	肴	평	下平
抓	肴	평	下平
骹	肴	평	下平
旓	肴	평	下平
髾	肴	평	下平
跑	肴	평	下平
炰	肴	평	下平
鞘	肴	평	下平
鮫	肴	평	下平
虓	肴	평	下平
炮	肴	평	下平
咬	肴	평	下平
烋	肴	평	下平
聱	肴	평	下平
髇	肴	평	下平
弰	肴	평	下平
啁	肴	평	下平
磝	肴	평	下平
怓	肴	평	下平
庨	肴	평	下平
瓟	肴	평	下平
咆	肴	평	下平
轇	肴	평	下平
窼	肴	평	下平
脬	肴	평	下平
鵁	肴	평	下平
媌	肴	평	下平
詨	肴	평	下平
剿	肴	평	下平
轈	肴	평	下平
鄛	肴	평	下平
艄	肴	평	下平
窙	肴	평	下平
嚆	肴	평	下平
漅	肴	평	下平
麃	肴	평	下平
撓	肴	평	下平
刨	肴	평	下平
謷	肴	평	下平
枹	肴	평	下平
婋	肴	평	下平
跤	肴	평	下平
筊	肴	평	下平
訬	肴	평	下平
吵	肴	평	下平
犛	肴	평	下平
颮	肴	평	下平
嵺	肴	평	下平
鵃	肴	평	下平
樔	肴	평	下平
齙	肴	평	下平
硇	肴	평	下平
麅	肴	평	下平
鮹	肴	평	下平
捊	肴	평	下平
猇	肴	평	下平
誵	肴	평	下平
鞄	肴	평	下平
鴢	肴	평	下平
鶜	肴	평	下平
軪	肴	평	下平
痚	肴	평	下平
涍	肴	평	下平
髐	肴	평	下平
硣	肴	평	下平
賿	肴	평	下平
謧	肴	평	下平
墽	肴	평	下平
窲	肴	평	下平
梎	肴	평	下平
姣	肴	평	下平
佼	肴	평	下平
穘	肴	평	下平
掊	肴	평	下平
焇	肴	평	下平
礉	肴	평	下平
骲	肴	평	下平
娋	肴	평	下平
觘	肴	평	下平
摷	肴	평	下平
颵	肴	평	下平
渵	肴	평	下平
軳	肴	평	下平
挍	肴	평	下平
尥	肴	평	下平
耖	肴	평	下平
窌	肴	평	下平
頝	肴	평	下平
摎	肴	평	下平
笣	肴	평	下平
爮	肴	평	下平
勽	肴	평	下平
獿	肴	평	下平
郩	肴	평	下平
灱	肴	평	下平
藃	肴	평	下平
脟	肴	평	下平
繷	肴	평	下平
罺	肴	평	下平
鄗	肴	평	下平
柪	肴	평	下平
罞	肴	평	下平
莦	肴	평	下平
緢	肴	평	下平
泑	肴	평	下平
輎	肴	평	下平
侾	肴	평	下平
芁	肴	평	下平
蹘	肴	평	下平
摮	肴	평	下平
顤	肴	평	下平
宯	肴	평	下平
嵪	肴	평	下平
倄	肴	평	下平
嚗	肴	평	下平
嗃	肴	평	下平
洨	肴	평	下平
顟	肴	평	下平
䫜	肴	평	下平
䬘	肴	평	下平
䘯	肴	평	下平
䞴	肴	평	下平
䜈	肴	평	下平
㹲	肴	평	下平
䫸	肴	평	下平
䍊	肴	평	下平
㺒	肴	평	下平
䟁	肴	평	下平
㤊	肴	평	下平
䍖	肴	평	下平
䮦	肴	평	下平
䉰	肴	평	下平
㬵	肴	평	下平
䩝	肴	평	下平
䂭	肴	평	下平
㫴	肴	평	下平
䰫	肴	평	下平
䈰	肴	평	下平
㿰	肴	평	下平
䅦	肴	평	下平
䄻	肴	평	下平
䃩	肴	평	下平
㮁	肴	평	下平
䢒	肴	평	下平
䴃	肴	평	下平
䋂	肴	평	下平
㤍	肴	평	下平
䈾	肴	평	下平
䂚	肴	평	下平
㶀	肴	평	下平
㕭	肴	평	下平
𦾱	肴	평	下平
𥲀	肴	평	下平
𡻝	肴	평	下平
𧓿	肴	평	下平
𩎘	肴	평	下平
𡡏	肴	평	下平
𡥈	肴	평	下平
𥊌	肴	평	下平
𠐋	肴	평	下平
𢿏	肴	평	下平
𡏮	肴	평	下平
𦗔	肴	평	下平
𥑪	肴	평	下平
𨚔	肴	평	下平
高	豪	평	下平
勞	豪	평	下平
豪	豪	평	下平
濤	豪	평	下平
毛	豪	평	下平
袍	豪	평	下平
曹	豪	평	下平
曺	豪	평	下平
刀	豪	평	下平
騷	豪	평	下平
皋	豪	평	下平
皐	豪	평	下平
臯	豪	평	下平
毫	豪	평	下平
桃	豪	평	下平
醪	豪	평	下平
蒿	豪	평	下平
逃	豪	평	下平
遭	豪	평	下平
號	豪	평	下平
鼇	豪	평	下平
牢	豪	평	下平
窂	豪	평	下平
舠	豪	평	下平
陶	豪	평	下平
旄	豪	평	下平
髦	豪	평	下平
韜	豪	평	下平
鞱	豪	평	下平
弢	豪	평	下平
滔	豪	평	下平
遨	豪	평	下平
褒	豪	평	下平
膏	豪	평	下平
搔	豪	평	下平
操	豪	평	下平
螯	豪	평	下平
篙	豪	평	下平
槽	豪	평	下平
萄	豪	평	下平
猱	豪	평	下平
饕	豪	평	下平
嘈	豪	평	下平
絛	豪	평	下平
縧	豪	평	下平
縚	豪	평	下平
嗷	豪	평	下平
糟	豪	평	下平
熬	豪	평	下平
忉	豪	평	下平
槔	豪	평	下平
槹	豪	평	下平
鏖	豪	평	下平
壕	豪	평	下平
敖	豪	평	下平
翱	豪	평	下平
翺	豪	평	下平
艘	豪	평	下平
璈	豪	평	下平
濠	豪	평	下平
臊	豪	평	下平
櫜	豪	평	下平
嗥	豪	평	下平
叨	豪	평	下平
羔	豪	평	下平
糕	豪	평	下平
餻	豪	평	下平
洮	豪	평	下平
薅	豪	평	下平
淘	豪	평	下平
嘷	豪	평	下平
繅	豪	평	下平
囂	豪	평	下平
獒	豪	평	下平
尻	豪	평	下平
颾	豪	평	下平
咷	豪	평	下平
醄	豪	평	下平
綯	豪	평	下平
艚	豪	평	下平
撓	豪	평	下平
螬	豪	평	下平
鼛	豪	평	下平
嚎	豪	평	下平
鞀	豪	평	下平
慆	豪	평	下平
漕	豪	평	下平
慅	豪	평	下平
魛	豪	평	下平
蠔	豪	평	下平
裯	豪	평	下平
嶆	豪	평	下平
撈	豪	평	下平
啕	豪	평	下平
廒	豪	평	下平
嶅	豪	평	下平
掏	豪	평	下平
謟	豪	평	下平
溞	豪	평	下平
轑	豪	평	下平
芼	豪	평	下平
驁	豪	평	下平
蟧	豪	평	下平
翿	豪	평	下平
咎	豪	평	下平
簩	豪	평	下平
謷	豪	평	下平
犛	豪	평	下平
檮	豪	평	下平
蜪	豪	평	下平
幍	豪	평	下平
挑	豪	평	下平
酕	豪	평	下平
裪	豪	평	下平
綢	豪	평	下平
嘮	豪	평	下平
睾	豪	평	下平
搯	豪	평	下平
騊	豪	평	下平
呺	豪	평	下平
鏊	豪	평	下平
氂	豪	평	下平
爊	豪	평	下平
澇	豪	평	下平
慒	豪	평	下平
椮	豪	평	下平
祹	豪	평	下平
耗	豪	평	下平
癆	豪	평	下平
諕	豪	평	下平
蹧	豪	평	下平
憹	豪	평	下平
軞	豪	평	下平
鷎	豪	평	下平
傮	豪	평	下平
浶	豪	평	下平
嶗	豪	평	下平
髝	豪	평	下平
鷔	豪	평	下平
訄	豪	평	下平
詜	豪	평	下平
夲	豪	평	下平
鄋	豪	평	下平
簝	豪	평	下平
聎	豪	평	下平
橾	豪	평	下平
瑫	豪	평	下平
岕	豪	평	下平
鏪	豪	평	下平
膫	豪	평	下平
巎	豪	평	下平
憥	豪	평	下平
朷	豪	평	下平
蔜	豪	평	下平
抭	豪	평	下平
釖	豪	평	下平
蝚	豪	평	下平
翢	豪	평	下平
臑	豪	평	下平
覒	豪	평	下平
峱	豪	평	下平
鱢	豪	평	下平
褿	豪	평	下平
嵪	豪	평	下平
獓	豪	평	下平
籇	豪	평	下平
髛	豪	평	下平
摮	豪	평	下平
枆	豪	평	下平
鰠	豪	평	下平
嶩	豪	평	下平
鄵	豪	평	下平
椃	豪	평	下平
獋	豪	평	下平
饀	豪	평	下平
嵍	豪	평	下平
滶	豪	평	下平
嫍	豪	평	下平
匋	豪	평	下平
蕔	豪	평	下平
隞	豪	평	下平
蓸	豪	평	下平
槄	豪	평	下平
夵	豪	평	下平
鋾	豪	평	下平
䬞	豪	평	下平
㺜	豪	평	下平
㹗	豪	평	下平
㟉	豪	평	下平
㯾	豪	평	下平
䜊	豪	평	下平
䝁	豪	평	下平
䯌	豪	평	下平
㺀	豪	평	下平
㩝	豪	평	下平
䛌	豪	평	下平
㞵	豪	평	下平
㯥	豪	평	下平
䀞	豪	평	下平
㬔	豪	평	下平
㥰	豪	평	下平
㫦	豪	평	下平
㞪	豪	평	下平
㲏	豪	평	下平
䕅	豪	평	下平
䥝	豪	평	下平
䫽	豪	평	下平
䑹	豪	평	下平
䓘	豪	평	下平
䛝	豪	평	下平
䄚	豪	평	下平
䐬	豪	평	下平
㰏	豪	평	下平
㩠	豪	평	下平
㮘	豪	평	下平
䦋	豪	평	下平
䬢	豪	평	下平
䜮	豪	평	下平
㗦	豪	평	下平
䤾	豪	평	下平
䧫	豪	평	下平
䲏	豪	평	下平
䛬	豪	평	下平
䫨	豪	평	下平
䈱	豪	평	下平
㠙	豪	평	下平
䜎	豪	평	下平
㜖	豪	평	下平
䆁	豪	평	下平
䭷	豪	평	下平
䮯	豪	평	下平
䵅	豪	평	下平
㫞	豪	평	下平
㤒	豪	평	下平
䬭	豪	평	下平
䝥	豪	평	下平
㷮	豪	평	下平
䑬	豪	평	下平
㡟	豪	평	下平
𢧴	豪	평	下平
𩪋	豪	평	下平
𧯌	豪	평	下平
𩋃	豪	평	下平
𣽎	豪	평	下平
多	歌	평	下平
何	歌	평	下平
歌	歌	평	下平
波	歌	평	下平
過	歌	평	下平
河	歌	평	下平
羅	歌	평	下平
和	歌	평	下平
蘿	歌	평	下平
磨	歌	평	下平
跎	歌	평	下平
柯	歌	평	下平
戈	歌	평	下平
阿	歌	평	下平
坡	歌	평	下平
科	歌	평	下平
蓑	歌	평	下平
簑	歌	평	下平
娑	歌	평	下平
峨	歌	평	下平
峩	歌	평	下平
荷	歌	평	下平
摩	歌	평	下平
娥	歌	평	下平
梭	歌	평	下平
哦	歌	평	下平
珂	歌	평	下平
魔	歌	평	下平
皤	歌	평	下平
窩	歌	평	下平
訛	歌	평	下平
窠	歌	평	下平
鵝	歌	평	下平
陀	歌	평	下平
螺	歌	평	下平
沱	歌	평	下平
蛾	歌	평	下平
禾	歌	평	下平
駝	歌	평	下平
酡	歌	평	下平
莎	歌	평	下平
呵	歌	평	下平
他	歌	평	下平
鼉	歌	평	下平
挲	歌	평	下平
婆	歌	평	下平
訶	歌	평	下平
麼	歌	평	下平
頗	歌	평	下平
屙	歌	평	下平
渦	歌	평	下平
那	歌	평	下平
痾	歌	평	下平
疴	歌	평	下平
它	歌	평	下平
苛	歌	평	下平
莪	歌	평	下平
軻	歌	평	下平
哥	歌	평	下平
佗	歌	평	下平
拖	歌	평	下平
牁	歌	평	下平
磋	歌	평	下平
騾	歌	평	下平
馱	歌	평	下平
靴	歌	평	下平
陁	歌	평	下平
鍋	歌	평	下平
瘥	歌	평	下平
傞	歌	평	下平
薖	歌	평	下平
俄	歌	평	下平
蛇	歌	평	下平
蹉	歌	평	下平
搓	歌	평	下平
鑼	歌	평	下平
囉	歌	평	下平
迤	歌	평	下平
儺	歌	평	下平
矬	歌	평	下平
蝌	歌	평	下平
嶓	歌	평	下平
鹺	歌	평	下平
紽	歌	평	下平
籮	歌	평	下平
娿	歌	평	下平
舸	歌	평	下平
瑳	歌	평	下平
婀	歌	평	下平
蠡	歌	평	下平
醝	歌	평	下平
挪	歌	평	下平
蠃	歌	평	下平
挼	歌	평	下平
囮	歌	평	下平
吪	歌	평	下平
艖	歌	평	下平
麽	歌	평	下平
倭	歌	평	下平
鮀	歌	평	下平
趖	歌	평	下平
覼	歌	평	下平
鄱	歌	평	下平
砣	歌	평	下平
沲	歌	평	下平
睋	歌	평	下平
犧	歌	평	下平
劘	歌	평	下平
儸	歌	평	下平
迦	歌	평	下平
唆	歌	평	下平
瘸	歌	평	下平
猧	歌	평	下平
喎	歌	평	下平
番	歌	평	下平
嵯	歌	평	下平
緺	歌	평	下平
鈋	歌	평	下平
邏	歌	평	下平
茄	歌	평	下平
痤	歌	평	下平
嗦	歌	평	下平
碆	歌	평	下平
哪	歌	평	下平
詑	歌	평	下平
伽	歌	평	下平
髿	歌	평	下平
難	歌	평	下平
玻	歌	평	下平
蘑	歌	평	下平
堶	歌	평	下平
鸁	歌	평	下平
桫	歌	평	下平
捼	歌	평	下平
盉	歌	평	下平
鴕	歌	평	下平
她	歌	평	下平
岮	歌	평	下平
莏	歌	평	下平
菏	歌	평	下平
獻	歌	평	下平
柁	歌	평	下平
鈛	歌	평	下平
牱	歌	평	下平
阤	歌	평	下平
枷	歌	평	下平
踒	歌	평	下平
玀	歌	평	下平
啵	歌	평	下平
驒	歌	평	下平
菠	歌	평	下平
堝	歌	평	下平
攞	歌	평	下平
騀	歌	평	下平
遳	歌	평	下平
饠	歌	평	下平
髁	歌	평	下平
稞	歌	평	下平
涹	歌	평	下平
皒	歌	평	下平
哬	歌	평	下平
欏	歌	평	下平
繁	歌	평	下平
砢	歌	평	下平
滒	歌	평	下平
紴	歌	평	下平
迗	歌	평	下平
鴚	歌	평	下平
渮	歌	평	下平
萵	歌	평	下平
虘	歌	평	下平
咃	歌	평	下平
萪	歌	평	下平
鮻	歌	평	下平
鼧	歌	평	下平
袉	歌	평	下平
誐	歌	평	下平
錒	歌	평	下平
鐹	歌	평	下平
氌	歌	평	下平
唩	歌	평	下平
攎	歌	평	下平
啝	歌	평	下平
髍	歌	평	下平
虆	歌	평	下平
簻	歌	평	下平
戨	歌	평	下平
尛	歌	평	下平
攠	歌	평	下平
澕	歌	평	下平
侳	歌	평	下平
搫	歌	평	下平
庹	歌	평	下平
狏	歌	평	下平
蒫	歌	평	下平
戓	歌	평	下平
魤	歌	평	下平
濄	歌	평	下平
鈳	歌	평	下平
橠	歌	평	下平
櫇	歌	평	下平
覣	歌	평	下平
躦	歌	평	下平
翗	歌	평	下平
覶	歌	평	下平
睉	歌	평	下平
妿	歌	평	下平
姀	歌	평	下平
魺	歌	평	下平
嘙	歌	평	下平
跢	歌	평	下平
痑	歌	평	下平
涐	歌	평	下平
酇	歌	평	下平
鉫	歌	평	下平
犐	歌	평	下平
鉕	歌	평	下平
蔖	歌	평	下平
楇	歌	평	下平
蚵	歌	평	下平
戂	歌	평	下平
柇	歌	평	下平
枙	歌	평	下平
腡	歌	평	下平
摞	歌	평	下平
咼	歌	평	下平
硪	歌	평	下平
踻	歌	평	下平
吔	歌	평	下平
梛	歌	평	下平
崜	歌	평	下平
剆	歌	평	下平
抲	歌	평	下平
珴	歌	평	下平
喛	歌	평	下平
涶	歌	평	下平
䯢	歌	평	下平
㗻	歌	평	下平
䋪	歌	평	下平
䑘	歌	평	下平
䃺	歌	평	下平
㜑	歌	평	下平
䌴	歌	평	下平
䖸	歌	평	下平
㽨	歌	평	下平
䆼	歌	평	下平
䈖	歌	평	下平
䖕	歌	평	下平
㤎	歌	평	下平
䆧	歌	평	下平
㱒	歌	평	下平
䣜	歌	평	下平
䴱	歌	평	下平
䋍	歌	평	下平
㔮	歌	평	下平
䠡	歌	평	下平
㰙	歌	평	下平
䪑	歌	평	下平
㸯	歌	평	下平
㼠	歌	평	下平
䐆	歌	평	下平
䡐	歌	평	下平
䭩	歌	평	下平
䊨	歌	평	下平
㿆	歌	평	下平
䔀	歌	평	下平
䔅	歌	평	下平
䰿	歌	평	下平
䤬	歌	평	下平
䜏	歌	평	下平
䝛	歌	평	下平
㽿	歌	평	下平
㚳	歌	평	下平
䄉	歌	평	下平
䴾	歌	평	下平
㛖	歌	평	下平
㸰	歌	평	下平
㨇	歌	평	下平
㭫	歌	평	下平
㸫	歌	평	下平
䒩	歌	평	下平
䳗	歌	평	下平
䯊	歌	평	下平
㑚	歌	평	下平
㩯	歌	평	下平
㛗	歌	평	下平
䓾	歌	평	下平
㢦	歌	평	下平
䌀	歌	평	下平
㹻	歌	평	下平
䍫	歌	평	下平
𤄷	歌	평	下平
𨠑	歌	평	下平
𩒰	歌	평	下平
𥟿	歌	평	下平
𡡉	歌	평	下平
𨍋	歌	평	下平
𡹬	歌	평	下平
𩴓	歌	평	下平
𥞄	歌	평	下平
𨹄	歌	평	下平
𩞁	歌	평	下平
𩕏	歌	평	下平
𨰠	歌	평	下平
𪘓	歌	평	下平
花	麻	평	下平
家	麻	평	下平
華	麻	평	下平
斜	麻	평	下平
霞	麻	평	下平
沙	麻	평	下平
涯	麻	평	下平
賖	麻	평	下平
鴉	麻	평	下平
鵶	麻	평	下平
茶	麻	평	下平
嗟	麻	평	下平
車	麻	평	下平
槎	麻	평	下平
紗	麻	평	下平
麻	麻	평	下平
夸	麻	평	下平
芽	麻	평	下平
加	麻	평	下平
遮	麻	평	下平
嘉	麻	평	下平
牙	麻	평	下平
瓜	麻	평	下平
嘩	麻	평	下平
譁	麻	평	下平
砂	麻	평	下平
笳	麻	평	下平
葩	麻	평	下平
蛇	麻	평	下平
衙	麻	평	下平
邪	麻	평	下平
遐	麻	평	下平
差	麻	평	下平
瑕	麻	평	下平
琶	麻	평	下平
誇	麻	평	下平
奢	麻	평	下平
耶	麻	평	下平
叉	麻	평	下平
蛙	麻	평	下平
葭	麻	평	下平
撾	麻	평	下平
蝦	麻	평	下平
鰕	麻	평	下平
拿	麻	평	下平
巴	麻	평	下平
裟	麻	평	下平
些	麻	평	下平
窪	麻	평	下平
丫	麻	평	下平
蟆	麻	평	下平
呀	麻	평	下平
他	麻	평	下平
査	麻	평	下平
娃	麻	평	下平
爬	麻	평	下平
啞	麻	평	下平
谺	麻	평	下平
爺	麻	평	下平
楂	麻	평	下平
罝	麻	평	下平
芭	麻	평	下平
枒	麻	평	下平
蝸	麻	평	下平
鋣	麻	평	下平
騧	麻	평	下平
畬	麻	평	下平
哇	麻	평	下平
窊	麻	평	下平
髽	麻	평	下平
笆	麻	평	下平
椏	麻	평	下平
伽	麻	평	下平
珈	麻	평	下平
媧	麻	평	下平
杷	麻	평	下平
髿	麻	평	下平
檛	麻	평	下平
岈	麻	평	下平
麚	麻	평	下平
琊	麻	평	下平
跏	麻	평	下平
艖	麻	평	下平
茄	麻	평	下平
靴	麻	평	下平
痂	麻	평	下平
姱	麻	평	下平
杈	麻	평	下平
迦	麻	평	下平
豭	麻	평	下平
枷	麻	평	下平
喳	麻	평	下平
驊	麻	평	下平
笯	麻	평	下平
垞	麻	평	下平
鯊	麻	평	下平
豝	麻	평	下平
柤	麻	평	下平
挐	麻	평	下平
緺	麻	평	下平
雅	麻	평	下平
渣	麻	평	下平
揶	麻	평	下平
羓	麻	평	下平
汙	麻	평	下平
劃	麻	평	下平
椰	麻	평	下平
闍	麻	평	下平
瘕	麻	평	下平
搽	麻	평	下平
佘	麻	평	下平
吧	麻	평	下平
爹	麻	평	下平
疤	麻	평	下平
奓	麻	평	下平
猳	麻	평	下平
耞	麻	평	下平
苴	麻	평	下平
媽	麻	평	下平
莎	麻	평	下平
塗	麻	평	下平
溠	麻	평	下平
碬	麻	평	下平
荼	麻	평	下平
煆	麻	평	下平
吒	麻	평	下平
咤	麻	평	下平
咜	麻	평	下平
茬	麻	평	下平
齇	麻	평	下平
嘛	麻	평	下平
荂	麻	평	下平
鉈	麻	평	下平
鍜	麻	평	下平
騢	麻	평	下平
嗏	麻	평	下平
蕸	麻	평	下平
齟	麻	평	下平
啦	麻	평	下平
咱	麻	평	下平
叭	麻	평	下平
呿	麻	평	下平
耙	麻	평	下平
粑	麻	평	下平
鏵	麻	평	下平
蹅	麻	평	下平
颬	麻	평	下平
犘	麻	평	下平
皻	麻	평	下平
袈	麻	평	下平
鴐	麻	평	下平
幏	麻	평	下平
蚆	麻	평	下平
釶	麻	평	下平
秅	麻	평	下平
靫	麻	평	下平
鷨	麻	평	下平
舥	麻	평	下平
吾	麻	평	下平
玡	麻	평	下平
碴	麻	평	下平
痧	麻	평	下平
樺	麻	평	下平
痲	麻	평	下平
旯	麻	평	下平
蚜	麻	평	下平
唓	麻	평	下平
孲	麻	평	下平
嗻	麻	평	下平
揢	麻	평	下平
鈀	麻	평	下平
畖	麻	평	下平
瘑	麻	평	下平
貑	麻	평	下平
謯	麻	평	下平
閕	麻	평	下平
蒘	麻	평	下平
莗	麻	평	下平
踻	麻	평	下平
錏	麻	평	下平
筢	麻	평	下平
釾	麻	평	下平
蛼	麻	평	下平
胍	麻	평	下平
挓	麻	평	下平
桬	麻	평	下平
譇	麻	평	下平
潖	麻	평	下平
捓	麻	평	下平
硰	麻	평	下平
硨	麻	평	下平
溛	麻	평	下平
抯	麻	평	下平
犽	麻	평	下平
梌	麻	평	下平
粆	麻	평	下平
泇	麻	평	下平
哆	麻	평	下平
褨	麻	평	下平
侉	麻	평	下平
找	麻	평	下平
峫	麻	평	下平
抲	麻	평	下平
癿	麻	평	下平
苩	麻	평	下平
謶	麻	평	下平
秺	麻	평	下平
婼	麻	평	下平
袓	麻	평	下平
鋘	麻	평	下平
訍	麻	평	下平
跒	麻	평	下平
蒫	麻	평	下平
蟼	麻	평	下平
膼	麻	평	下平
觰	麻	평	下平
妑	麻	평	下平
疨	麻	평	下平
焻	麻	평	下平
愘	麻	평	下平
簻	麻	평	下平
椵	麻	평	下平
皅	麻	평	下平
釫	麻	평	下平
俹	麻	평	下平
晇	麻	평	下平
煱	麻	평	下平
摦	麻	평	下平
嫬	麻	평	下平
腡	麻	평	下平
嫅	麻	평	下平
蔖	麻	평	下平
誽	麻	평	下平
銟	麻	평	下平
睱	麻	평	下平
椴	麻	평	下平
笌	麻	평	下平
捈	麻	평	下平
夿	麻	평	下平
吪	麻	평	下平
歄	麻	평	下平
腵	麻	평	下平
浾	麻	평	下平
哶	麻	평	下平
諣	麻	평	下平
潳	麻	평	下平
蕏	麻	평	下平
咼	麻	평	下平
鎈	麻	평	下平
鴚	麻	평	下平
吙	麻	평	下平
犌	麻	평	下平
燊	麻	평	下平
搲	麻	평	下平
祖	麻	평	下平
鉫	麻	평	下平
鍦	麻	평	下平
䴥	麻	평	下平
㲚	麻	평	下平
䗫	麻	평	下平
䨟	麻	평	下平
䔑	麻	평	下平
䃁	麻	평	下平
㜘	麻	평	下平
㧓	麻	평	下平
䂟	麻	평	下平
㿬	麻	평	下平
䑡	麻	평	下平
䠍	麻	평	下平
㚙	麻	평	下平
䶕	麻	평	下平
䶥	麻	평	下平
䄰	麻	평	下平
䁟	麻	평	下平
䈔	麻	평	下平
䅿	麻	평	下平
㠺	麻	평	下平
㳸	麻	평	下平
㛻	麻	평	下平
䫚	麻	평	下平
㾚	麻	평	下平
䵷	麻	평	下平
䯯	麻	평	下平
㢒	麻	평	下平
㰺	麻	평	下平
䫗	麻	평	下平
㭉	麻	평	下平
㢉	麻	평	下平
㭨	麻	평	下平
䵙	麻	평	下平
䦈	麻	평	下平
䪗	麻	평	下平
㝞	麻	평	下平
㠏	麻	평	下平
䣝	麻	평	下平
䕒	麻	평	下平
䩖	麻	평	下平
㤉	麻	평	下平
㗾	麻	평	下平
㦄	麻	평	下平
㗇	麻	평	下平
㸺	麻	평	下平
㧎	麻	평	下平
䔢	麻	평	下平
㸭	麻	평	下平
䐤	麻	평	下平
㸙	麻	평	下平
㚗	麻	평	下平
䛔	麻	평	下平
䠸	麻	평	下平
㖿	麻	평	下平
㽋	麻	평	下平
㹢	麻	평	下平
䐒	麻	평	下平
䏧	麻	평	下平
䍓	麻	평	下平
䯲	麻	평	下平
䔤	麻	평	下平
㗬	麻	평	下平
䶗	麻	평	下平
䓉	麻	평	下平
㪥	麻	평	下平
䯞	麻	평	下平
㦋	麻	평	下平
㦊	麻	평	下平
㵃	麻	평	下平
䖯	麻	평	下平
𦬻	麻	평	下平
𦳏	麻	평	下平
𡤫	麻	평	下平
𠜲	麻	평	下平
𣩈	麻	평	下平
𠽫	麻	평	下平
𦭿	麻	평	下平
𥂓	麻	평	下平
𣘻	麻	평	下平
𢳛	麻	평	下平
𥯘	麻	평	下平
𥍸	麻	평	下平
𤶠	麻	평	下平
𤘅	麻	평	下平
𤹡	麻	평	下平
𩊮	麻	평	下平
𥥸	麻	평	下平
𥡧	麻	평	下平
𪓹	麻	평	下平
𦰳	麻	평	下平
𥡮	麻	평	下平
香	陽	평	下平
長	陽	평	下平
光	陽	평	下平
陽	陽	평	下平
涼	陽	평	下平
凉	陽	평	下平
鄉	陽	평	下平
鄕	陽	평	下平
堂	陽	평	下平
霜	陽	평	下平
方	陽	평	下平
黃	陽	평	下平
章	陽	평	下平
腸	陽	평	下平
膓	陽	평	下平
郎	陽	평	下平
郞	陽	평	下平
芳	陽	평	下平
茫	陽	평	下平
場	陽	평	下平
塲	陽	평	下平
忙	陽	평	下平
觴	陽	평	下平
狂	陽	평	下平
傷	陽	평	下平
床	陽	평	下平
牀	陽	평	下平
荒	陽	평	下平
裳	陽	평	下平
蒼	陽	평	下平
忘	陽	평	下平
王	陽	평	下平
行	陽	평	下平
妝	陽	평	下平
粧	陽	평	下平
糚	陽	평	下平
梁	陽	평	下平
樑	陽	평	下平
常	陽	평	下平
藏	陽	평	下平
牆	陽	평	下平
墻	陽	평	下平
房	陽	평	下平
翔	陽	평	下平
塘	陽	평	下平
桑	陽	평	下平
亡	陽	평	下平
央	陽	평	下平
皇	陽	평	下平
揚	陽	평	下平
囊	陽	평	下平
傍	陽	평	下平
良	陽	평	下平
嘗	陽	평	下平
甞	陽	평	下平
嚐	陽	평	下平
量	陽	평	下平
羊	陽	평	下平
岡	陽	평	下平
張	陽	평	下平
湘	陽	평	下平
強	陽	평	下平
强	陽	평	下平
唐	陽	평	下平
漿	陽	평	下平
莊	陽	평	下平
庄	陽	평	下平
廊	陽	평	下平
康	陽	평	下平
旁	陽	평	下平
昌	陽	평	下平
裝	陽	평	下平
航	陽	평	下平
商	陽	평	下平
將	陽	평	下平
楊	陽	평	下平
浪	陽	평	下平
疆	陽	평	下平
壃	陽	평	下平
畺	陽	평	下平
當	陽	평	下平
祥	陽	평	下平
凰	陽	평	下平
芒	陽	평	下平
望	陽	평	下平
昂	陽	평	下平
妨	陽	평	下平
鴦	陽	평	下平
湯	陽	평	下平
糧	陽	평	下平
粮	陽	평	下平
棠	陽	평	下平
徨	陽	평	下平
洋	陽	평	下平
娘	陽	평	下平
孃	陽	평	下平
琅	陽	평	下平
狼	陽	평	下平
詳	陽	평	下平
粱	陽	평	下平
徉	陽	평	下平
坊	陽	평	下平
綱	陽	평	下平
箱	陽	평	下平
煌	陽	평	下平
剛	陽	평	下平
僵	陽	평	下平
璫	陽	평	下平
驤	陽	평	下平
倉	陽	평	下平
簧	陽	평	下平
防	陽	평	下平
篁	陽	평	下平
檣	陽	평	下平
償	陽	평	下平
彰	陽	평	下平
臧	陽	평	下平
殃	陽	평	下平
慷	陽	평	下平
遑	陽	평	下平
襄	陽	평	下平
韁	陽	평	下平
鋩	陽	평	下平
鏘	陽	평	下平
筐	陽	평	下平
糠	陽	평	下平
秧	陽	평	下平
羌	陽	평	下平
穰	陽	평	下平
薑	陽	평	下平
殤	陽	평	下平
肓	陽	평	下平
滂	陽	평	下平
廂	陽	평	下平
榔	陽	평	下平
螿	陽	평	下平
崗	陽	평	下平
瘡	陽	평	下平
潢	陽	평	下平
戕	陽	평	下平
閶	陽	평	下平
惶	陽	평	下平
璋	陽	평	下平
槍	陽	평	下平
猖	陽	평	下平
庠	陽	평	下平
杭	陽	평	下平
頏	陽	평	下平
隍	陽	평	下平
颺	陽	평	下平
蹌	陽	평	下平
彊	陽	평	下平
攘	陽	평	下平
緗	陽	평	下平
暘	陽	평	下平
相	陽	평	下平
艎	陽	평	下平
漳	陽	평	下平
邙	陽	평	下平
鋼	陽	평	下平
璜	陽	평	下平
肪	陽	평	下平
魴	陽	평	下平
驦	陽	평	下平
匡	陽	평	下平
蝗	陽	평	下平
簹	陽	평	下平
喪	陽	평	下平
倡	陽	평	下平
鸘	陽	평	下平
汪	陽	평	下平
吭	陽	평	下平
瀼	陽	평	下平
嫜	陽	평	下平
襠	陽	평	下平
禳	陽	평	下平
獐	陽	평	下平
倀	陽	평	下平
螗	陽	평	下平
螂	陽	평	下平
蜋	陽	평	下平
尪	陽	평	下平
創	陽	평	下平
枋	陽	평	下平
泱	陽	평	下平
嬙	陽	평	下平
孀	陽	평	下平
薌	陽	평	下平
勷	陽	평	下平
湟	陽	평	下平
餹	陽	평	下平
糖	陽	평	下平
娼	陽	평	下平
鶬	陽	평	下平
硠	陽	평	下平
踉	陽	평	下平
纕	陽	평	下平
斨	陽	평	下平
眶	陽	평	下平
愴	陽	평	下平
鎗	陽	평	下平
樟	陽	평	下平
盲	陽	평	下平
滄	陽	평	下平
橫	陽	평	下平
逢	陽	평	下平
稂	陽	평	下平
贓	陽	평	下平
筤	陽	평	下平
霶	陽	평	下平
蹡	陽	평	下平
佯	陽	평	下平
瘍	陽	평	下平
蔣	陽	평	下平
慶	陽	평	下平
殭	陽	평	下平
瓤	陽	평	下平
卬	陽	평	下平
鏜	陽	평	下平
雱	陽	평	下平
鐺	陽	평	下平
障	陽	평	下平
幫	陽	평	下平
洸	陽	평	下平
蜣	陽	평	下平
罡	陽	평	下平
粻	陽	평	下平
螳	陽	평	下平
膛	陽	평	下平
牂	陽	평	下平
餭	陽	평	下平
艙	陽	평	下平
碭	陽	평	下平
慌	陽	평	下平
桹	陽	평	下平
鞅	陽	평	下平
搪	陽	평	下平
鑲	陽	평	下平
偟	陽	평	下平
菖	陽	평	下平
杗	陽	평	下平
肮	陽	평	下平
膀	陽	평	下平
煬	陽	평	下平
萇	陽	평	下平
瑲	陽	평	下平
鱨	陽	평	下平
亢	陽	평	下平
忼	陽	평	下平
鰉	陽	평	下平
礓	陽	평	下平
鍚	陽	평	下平
桁	陽	평	下平
痒	陽	평	下平
癢	陽	평	下平
鄣	陽	평	下平
磅	陽	평	下平
喤	陽	평	下平
輬	陽	평	下平
磺	陽	평	下平
堈	陽	평	下平
嫦	陽	평	下平
堭	陽	평	下平
瑭	陽	평	下平
鴹	陽	평	下平
樣	陽	평	下平
㨾	陽	평	下平
恇	陽	평	下平
框	陽	평	下平
迒	陽	평	下平
鍠	陽	평	下平
廧	陽	평	下平
鞺	陽	평	下平
鯧	陽	평	下平
搶	陽	평	下平
鬺	陽	평	下平
蚄	陽	평	下平
鉠	陽	평	下平
鬤	陽	평	下平
崀	陽	평	下平
傏	陽	평	下平
艡	陽	평	下平
笐	陽	평	下平
徬	陽	평	下平
戧	陽	평	下平
莨	陽	평	下平
薔	陽	평	下平
軖	陽	평	下平
蟷	陽	평	下平
瑒	陽	평	下平
桄	陽	평	下平
螃	陽	평	下平
煻	陽	평	下平
鼚	陽	평	下平
烊	陽	평	下平
嶈	陽	평	下平
洭	陽	평	下平
胱	陽	평	下平
趪	陽	평	下平
蝪	陽	평	下平
衁	陽	평	下平
熿	陽	평	下平
薚	陽	평	下平
枊	陽	평	下平
彭	陽	평	下平
昜	陽	평	下平
漒	陽	평	下平
蘉	陽	평	下平
媓	陽	평	下平
盪	陽	평	下平
蕩	陽	평	下平
葟	陽	평	下平
彺	陽	평	下平
燙	陽	평	下平
啷	陽	평	下平
嗆	陽	평	下平
彷	陽	평	下平
溏	陽	평	下平
囔	陽	평	下平
鎊	陽	평	下平
饟	陽	평	下平
蹚	陽	평	下平
鰟	陽	평	下平
闛	陽	평	下平
鋃	陽	평	下平
踼	陽	평	下平
劻	陽	평	下平
爿	陽	평	下平
篣	陽	평	下平
傽	陽	평	下平
躟	陽	평	下平
俍	陽	평	下平
蘠	陽	평	下平
蟥	陽	평	下平
儴	陽	평	下平
餦	陽	평	下平
徜	陽	평	下平
橿	陽	평	下平
椋	陽	평	下平
蠰	陽	평	下平
嫏	陽	평	下平
樘	陽	평	下平
棡	陽	평	下平
抰	陽	평	下平
槺	陽	평	下平
蛘	陽	평	下平
魧	陽	평	下平
滳	陽	평	下平
慞	陽	평	下平
癀	陽	평	下平
篬	陽	평	下平
韹	陽	평	下平
蓈	陽	평	下平
筕	陽	평	下平
黆	陽	평	下平
蘘	陽	평	下平
葙	陽	평	下平
螪	陽	평	下平
欀	陽	평	下平
牄	陽	평	下平
翞	陽	평	下平
姎	陽	평	下平
朚	陽	평	下平
鴋	陽	평	下平
弜	陽	평	下平
蚟	陽	평	下平
匨	陽	평	下平
躴	陽	평	下平
蓎	陽	평	下平
磄	陽	평	下平
蔃	陽	평	下平
鷬	陽	평	下平
珖	陽	평	下平
蔏	陽	평	下平
垟	陽	평	下平
犅	陽	평	下平
鱂	陽	평	下平
禓	陽	평	下平
胦	陽	평	下平
鎕	陽	평	下平
汸	陽	평	下平
裮	陽	평	下平
佒	陽	평	下平
砊	陽	평	下平
篖	陽	평	下平
鶶	陽	평	下平
傹	陽	평	下平
錆	陽	평	下平
茪	陽	평	下平
忀	陽	평	下平
琩	陽	평	下平
躿	陽	평	下平
烺	陽	평	下平
矘	陽	평	下平
尙	陽	평	下平
尚	陽	평	下平
膷	陽	평	下平
瑺	陽	평	下平
綡	陽	평	下平
莣	陽	평	下平
邼	陽	평	下平
獚	陽	평	下平
哴	陽	평	下平
鄌	陽	평	下平
鱆	陽	평	下平
恾	陽	평	下平
邟	陽	평	下平
崲	陽	평	下平
撗	陽	평	下平
咉	陽	평	下平
穅	陽	평	下平
粇	陽	평	下平
埅	陽	평	下平
騜	陽	평	下平
欴	陽	평	下平
瓺	陽	평	下平
氜	陽	평	下平
瓨	陽	평	下平
炚	陽	평	下平
榶	陽	평	下平
妔	陽	평	下平
艆	陽	평	下平
垙	陽	평	下平
羘	陽	평	下平
霷	陽	평	下平
嵢	陽	평	下平
珜	陽	평	下平
絴	陽	평	下平
漮	陽	평	下平
詤	陽	평	下平
瑝	陽	평	下平
蚢	陽	평	下平
縍	陽	평	下平
匚	陽	평	下平
硄	陽	평	下平
僙	陽	평	下平
岇	陽	평	下平
鼞	陽	평	下平
凔	陽	평	下平
鵟	陽	평	下平
盳	陽	평	下平
逿	陽	평	下平
糃	陽	평	下平
牨	陽	평	下平
梉	陽	평	下平
鑶	陽	평	下平
謒	陽	평	下平
皀	陽	평	下平
暲	陽	평	下平
橖	陽	평	下平
鈁	陽	평	下平
穔	陽	평	下平
吂	陽	평	下平
闣	陽	평	下平
禟	陽	평	下平
笀	陽	평	下平
仼	陽	평	下平
漟	陽	평	下平
姯	陽	평	下平
摚	陽	평	下平
軭	陽	평	下平
莔	陽	평	下平
騯	陽	평	下平
貥	陽	평	下平
仰	陽	평	下平
葁	陽	평	下平
勆	陽	평	下平
崵	陽	평	下平
眏	陽	평	下平
錩	陽	평	下平
鸉	陽	평	下平
苀	陽	평	下平
鰑	陽	평	下平
嵣	陽	평	下平
膅	陽	평	下平
騿	陽	평	下平
眻	陽	평	下平
嵻	陽	평	下平
閍	陽	평	下平
牥	陽	평	下平
澢	陽	평	下平
趽	陽	평	下平
駺	陽	평	下平
紻	陽	평	下平
柍	陽	평	下平
羏	陽	평	下平
雵	陽	평	下平
抂	陽	평	下平
蔁	陽	평	下平
胻	陽	평	下平
欜	陽	평	下平
赯	陽	평	下平
獽	陽	평	下平
斻	陽	평	下平
摪	陽	평	下平
淐	陽	평	下平
晿	陽	평	下平
嫝	陽	평	下平
鄺	陽	평	下平
嫎	陽	평	下平
鋿	陽	평	下平
疒	陽	평	下平
邡	陽	평	下平
婸	陽	평	下平
愓	陽	평	下平
諹	陽	평	下平
㡛	陽	평	下平
䍧	陽	평	下平
䵼	陽	평	下平
䁑	陽	평	下平
䀪	陽	평	下平
㫄	陽	평	下平
䄱	陽	평	下平
㽘	陽	평	下平
䵃	陽	평	下平
㝗	陽	평	下平
㞷	陽	평	下平
䅛	陽	평	下平
䀮	陽	평	下平
㙊	陽	평	下平
䞹	陽	평	下平
䥊	陽	평	下平
䝶	陽	평	下平
㠵	陽	평	下平
䒢	陽	평	下平
䛫	陽	평	下平
㾿	陽	평	下平
䯴	陽	평	下平
㐬	陽	평	下平
㼺	陽	평	下平
㡃	陽	평	下平
㼕	陽	평	下平
㤚	陽	평	下平
㱢	陽	평	下平
㑌	陽	평	下平
䲳	陽	평	下平
㱂	陽	평	下平
䅯	陽	평	下平
䩷	陽	평	下平
䢢	陽	평	下平
㫕	陽	평	下平
䍿	陽	평	下平
䌅	陽	평	下平
㦹	陽	평	下平
㵴	陽	평	下平
䗉	陽	평	下平
㦂	陽	평	下平
䪄	陽	평	下平
䠙	陽	평	下平
䒰	陽	평	下平
䭹	陽	평	下平
䗅	陽	평	下平
䦭	陽	평	下平
䯑	陽	평	下平
㤺	陽	평	下平
䊗	陽	평	下平
䣼	陽	평	下平
㾠	陽	평	下平
䵰	陽	평	下平
䬗	陽	평	下平
㥬	陽	평	下平
䗵	陽	평	下平
㢜	陽	평	下平
㾮	陽	평	下平
㭃	陽	평	下平
㹁	陽	평	下平
㟍	陽	평	下平
䏾	陽	평	下平
䍭	陽	평	下平
䀚	陽	평	下平
㼚	陽	평	下平
㨍	陽	평	下平
㢃	陽	평	下平
䌉	陽	평	下平
㜍	陽	평	下平
㭿	陽	평	下平
䩕	陽	평	下平
䧜	陽	평	下平
䱀	陽	평	下平
㭻	陽	평	下平
㮜	陽	평	下平
㝩	陽	평	下平
䨦	陽	평	下平
䮣	陽	평	下平
䑟	陽	평	下平
䡙	陽	평	下平
㽆	陽	평	下平
㟄	陽	평	下平
䕬	陽	평	下平
㲽	陽	평	下平
㤃	陽	평	下平
䠆	陽	평	下平
䖱	陽	평	下平
䅣	陽	평	下平
䊣	陽	평	下平
䅭	陽	평	下平
䆡	陽	평	下平
㙶	陽	평	下平
㑽	陽	평	下平
䆲	陽	평	下平
䄃	陽	평	下平
㶓	陽	평	下平
䉎	陽	평	下平
䐠	陽	평	下平
㝑	陽	평	下平
䔗	陽	평	下平
䧛	陽	평	下平
䌮	陽	평	下平
㲥	陽	평	下平
㚂	陽	평	下平
㿝	陽	평	下平
㿶	陽	평	下平
䅨	陽	평	下平
㹧	陽	평	下平
䘕	陽	평	下平
䯖	陽	평	下平
䳨	陽	평	下平
䮖	陽	평	下平
䕋	陽	평	下平
䗧	陽	평	下平
䮲	陽	평	下平
㹔	陽	평	下平
㩖	陽	평	下平
䣘	陽	평	下平
㰠	陽	평	下平
㽵	陽	평	下平
㳾	陽	평	下平
䉴	陽	평	下平
𩗬	陽	평	下平
𤮊	陽	평	下平
𥏫	陽	평	下平
𥐞	陽	평	下平
𨎩	陽	평	下平
𥡃	陽	평	下平
𪄲	陽	평	下平
𡉉	陽	평	下平
𢪇	陽	평	下平
𡮎	陽	평	下平
𦵧	陽	평	下平
𦳝	陽	평	下平
𦯌	陽	평	下平
𨾔	陽	평	下平
𣁼	陽	평	下平
𥁃	陽	평	下平
𤙢	陽	평	下平
生	庚	평	下平
聲	庚	평	下平
情	庚	평	下平
明	庚	평	下平
朙	庚	평	下平
淸	庚	평	下平
城	庚	평	下平
名	庚	평	下平
成	庚	평	下平
行	庚	평	下平
鳴	庚	평	下平
平	庚	평	下平
輕	庚	평	下平
晴	庚	평	下平
驚	庚	평	下平
兵	庚	평	下平
傾	庚	평	下平
榮	庚	평	下平
程	庚	평	下平
橫	庚	평	下平
京	庚	평	下平
英	庚	평	下平
營	庚	평	下平
耕	庚	평	下平
畊	庚	평	下平
迎	庚	평	下平
更	庚	평	下平
卿	庚	평	下平
盟	庚	평	下平
纓	庚	평	下平
爭	庚	평	下平
凈	庚	평	下平
精	庚	평	下平
盈	庚	평	下平
兄	庚	평	下平
旌	庚	평	下平
鶯	庚	평	下平
鸎	庚	평	下平
嶸	庚	평	下平
征	庚	평	下平
瀛	庚	평	下平
誠	庚	평	下平
楹	庚	평	下平
羹	庚	평	下平
荊	庚	평	下平
衡	庚	평	下平
並	庚	평	下平
并	庚	평	下平
幷	庚	평	下平
併	庚	평	下平
倂	庚	평	下平
竝	庚	평	下平
笙	庚	평	下平
評	庚	평	下平
莖	庚	평	下平
烹	庚	평	下平
鯨	庚	평	下平
縈	庚	평	下平
觥	庚	평	下平
酲	庚	평	下平
箏	庚	평	下平
瓊	庚	평	下平
氓	庚	평	下平
萌	庚	평	下平
嬰	庚	평	下平
檠	庚	평	下平
庚	庚	평	下平
呈	庚	평	下平
貞	庚	평	下平
撐	庚	평	下平
撑	庚	평	下平
晶	庚	평	下平
枰	庚	평	下平
坑	庚	평	下平
擎	庚	평	下平
亨	庚	평	下平
贏	庚	평	下平
泓	庚	평	下平
塋	庚	평	下平
罌	庚	평	下平
獰	庚	평	下平
赬	庚	평	下平
頳	庚	평	下平
甍	庚	평	下平
攖	庚	평	下平
眀	庚	평	下平
賡	庚	평	下平
睛	庚	평	下平
粳	庚	평	下平
秔	庚	평	下平
宏	庚	평	下平
籯	庚	평	下平
正	庚	평	下平
嚶	庚	평	下平
鐺	庚	평	下平
甥	庚	평	下平
轟	庚	평	下平
櫻	庚	평	下平
蘅	庚	평	下平
鉦	庚	평	下平
鏗	庚	평	下平
餳	庚	평	下平
嬴	庚	평	下平
煢	庚	평	下平
琤	庚	평	下平
錚	庚	평	下平
菁	庚	평	下平
盛	庚	평	下平
紘	庚	평	下平
牲	庚	평	下平
盲	庚	평	下平
彭	庚	평	下平
怦	庚	평	下平
坪	庚	평	下平
橙	庚	평	下平
霙	庚	평	下平
禎	庚	평	下平
楨	庚	평	下平
槍	庚	평	下平
閎	庚	평	下平
傖	庚	평	下平
瑛	庚	평	下平
珩	庚	평	下平
丁	庚	평	下平
瞠	庚	평	下平
黥	庚	평	下平
鍧	庚	평	下平
鯖	庚	평	下平
虻	庚	평	下平
棚	庚	평	下平
勍	庚	평	下平
蘋	庚	평	下平
訇	庚	평	下平
硜	庚	평	下平
韺	庚	평	下平
繃	庚	평	下平
令	庚	평	下平
鶄	庚	평	下平
鸚	庚	평	下平
瑩	庚	평	下平
崢	庚	평	下平
鼪	庚	평	下平
騂	庚	평	下平
黌	庚	평	下平
瓔	庚	평	下平
鶊	庚	평	下平
檉	庚	평	下平
璚	庚	평	下平
棖	庚	평	下平
祊	庚	평	下平
抨	庚	평	下平
砰	庚	평	下平
脝	庚	평	下平
鎗	庚	평	下平
猩	庚	평	下平
蟶	庚	평	下平
搶	庚	평	下平
翃	庚	평	下平
瀠	庚	평	下平
怔	庚	평	下平
儜	庚	평	下平
谹	庚	평	下平
鬡	庚	평	下平
麖	庚	평	下平
榜	庚	평	下平
絣	庚	평	下平
吰	庚	평	下平
弸	庚	평	下平
睜	庚	평	下平
喤	庚	평	下平
伻	庚	평	下平
桁	庚	평	下平
搒	庚	평	下平
泙	庚	평	下平
焭	庚	평	下平
睘	庚	평	下平
瞪	庚	평	下平
哼	庚	평	下平
薨	庚	평	下平
蜻	庚	평	下平
趟	庚	평	下平
澎	庚	평	下平
輣	庚	평	下平
栟	庚	평	下平
裎	庚	평	下平
罃	庚	평	下平
鬇	庚	평	下平
嬛	庚	평	下平
箐	庚	평	下平
鍠	庚	평	下平
姘	庚	평	下平
輷	庚	평	下平
頃	庚	평	下平
瀯	庚	평	下平
宬	庚	평	下平
掁	庚	평	下平
藑	庚	평	下平
洺	庚	평	下平
珵	庚	평	下平
偵	庚	평	下平
拼	庚	평	下平
鍈	庚	평	下平
膨	庚	평	下平
禜	庚	평	下平
鐄	庚	평	下平
盯	庚	평	下平
蟛	庚	평	下平
渹	庚	평	下平
咣	庚	평	下平
溁	庚	평	下平
猙	庚	평	下平
蠑	庚	평	下平
巆	庚	평	下平
浤	庚	평	下平
閛	庚	평	下平
匉	庚	평	下平
鈜	庚	평	下平
浜	庚	평	下平
鉎	庚	평	下平
牼	庚	평	下平
撜	庚	평	下平
諻	庚	평	下平
狌	庚	평	下平
脭	庚	평	下平
醟	庚	평	下平
淨	庚	평	下平
峸	庚	평	下平
猄	庚	평	下平
浾	庚	평	下平
請	庚	평	下平
鴊	庚	평	下平
揁	庚	평	下平
圊	庚	평	下平
擰	庚	평	下平
硼	庚	평	下平
掙	庚	평	下平
磞	庚	평	下平
洴	庚	평	下平
恲	庚	평	下平
耾	庚	평	下平
軯	庚	평	下平
娙	庚	평	下平
牚	庚	평	下平
謍	庚	평	下平
檸	庚	평	下平
鋐	庚	평	下平
鄳	庚	평	下平
嫇	庚	평	下平
誙	庚	평	下平
嫈	庚	평	下平
汯	庚	평	下平
駍	庚	평	下平
虰	庚	평	下平
鼱	庚	평	下平
揘	庚	평	下平
晟	庚	평	下平
硡	庚	평	下平
騯	庚	평	下平
眐	庚	평	下平
筕	庚	평	下平
觲	庚	평	下平
蠳	庚	평	下平
腈	庚	평	下平
彋	庚	평	下平
朾	庚	평	下平
濴	庚	평	下平
賏	庚	평	下平
眳	庚	평	下平
棦	庚	평	下平
瀴	庚	평	下平
啨	庚	평	下平
炡	庚	평	下平
媖	庚	평	下平
蘡	庚	평	下平
憉	庚	평	下平
奟	庚	평	下平
鮃	庚	평	下平
竑	庚	평	下平
佂	庚	평	下平
閍	庚	평	下平
悙	庚	평	下平
鴴	庚	평	下平
攍	庚	평	下平
鑅	庚	평	下平
絾	庚	평	下平
棾	庚	평	下平
媜	庚	평	下平
艵	庚	평	下平
萾	庚	평	下平
稝	庚	평	下平
夐	庚	평	下平
摼	庚	평	下平
嬫	庚	평	下平
挰	庚	평	下平
帲	庚	평	下平
帡	庚	평	下平
埩	庚	평	下平
鸉	庚	평	下平
苼	庚	평	下平
輧	庚	평	下平
殅	庚	평	下平
憌	庚	평	下平
倀	庚	평	下平
雃	庚	평	下平
摚	庚	평	下平
橗	庚	평	下平
痭	庚	평	下平
嚝	庚	평	下平
凔	庚	평	下平
琁	庚	평	下平
菮	庚	평	下平
鑋	庚	평	下平
宖	庚	평	下平
饓	庚	평	下平
鑏	庚	평	下平
胻	庚	평	下平
儝	庚	평	下平
呯	庚	평	下平
碤	庚	평	下平
鼆	庚	평	下平
娍	庚	평	下平
廎	庚	평	下平
妔	庚	평	下平
嵤	庚	평	下平
爃	庚	평	下平
鎣	庚	평	下平
郕	庚	평	下平
臤	庚	평	下平
蟼	庚	평	下平
礯	庚	평	下平
殸	庚	평	下平
嬣	庚	평	下平
聇	庚	평	下平
婛	庚	평	下平
鑍	庚	평	下平
聙	庚	평	下平
葏	庚	평	下平
筬	庚	평	下平
揨	庚	평	下平
糽	庚	평	下平
阷	庚	평	下平
鶧	庚	평	下平
銵	庚	평	下平
竀	庚	평	下平
硑	庚	평	下平
碀	庚	평	下平
邟	庚	평	下平
洐	庚	평	下平
俓	庚	평	下平
柍	庚	평	下平
珹	庚	평	下平
寊	庚	평	下平
鶁	庚	평	下平
霐	庚	평	下平
硻	庚	평	下平
殌	庚	평	下平
赹	庚	평	下平
鋞	庚	평	下平
湞	庚	평	下平
汮	庚	평	下平
瓗	庚	평	下平
朠	庚	평	下平
埥	庚	평	下平
篣	庚	평	下平
荿	庚	평	下平
擏	庚	평	下平
姃	庚	평	下平
玶	庚	평	下平
椖	庚	평	下平
湦	庚	평	下平
梈	庚	평	下平
瑝	庚	평	下平
羥	庚	평	下平
泩	庚	평	下平
莔	庚	평	下平
胓	庚	평	下平
靗	庚	평	下平
棈	庚	평	下平
蚲	庚	평	下平
櫿	庚	평	下平
瞏	庚	평	下平
錓	庚	평	下平
褮	庚	평	下平
趽	庚	평	下平
橩	庚	평	下平
錋	庚	평	下平
蝧	庚	평	下平
箳	庚	평	下平
韹	庚	평	下平
葝	庚	평	下平
浭	庚	평	下平
樈	庚	평	下平
砊	庚	평	下平
劥	庚	평	下平
珄	庚	평	下平
埂	庚	평	下平
麠	庚	평	下平
垶	庚	평	下平
煐	庚	평	下平
烆	庚	평	下平
嘭	庚	평	下平
嗙	庚	평	下平
渶	庚	평	下平
䖟	庚	평	下平
䪫	庚	평	下平
䟫	庚	평	下平
䲔	庚	평	下平
䳟	庚	평	下平
䬝	庚	평	下平
䎕	庚	평	下平
䃘	庚	평	下平
䟓	庚	평	下平
䉚	庚	평	下平
䋊	庚	평	下平
䆑	庚	평	下平
㡕	庚	평	下平
䙖	庚	평	下平
䎴	庚	평	下平
䭢	庚	평	下平
䨍	庚	평	下平
䗈	庚	평	下平
䣐	庚	평	下平
㮄	庚	평	下平
䥋	庚	평	下平
䊒	庚	평	下平
㽒	庚	평	下平
䝼	庚	평	下平
㶈	庚	평	下平
䨎	庚	평	下平
䑫	庚	평	下平
㓌	庚	평	下平
䋫	庚	평	下平
㒌	庚	평	下平
䆸	庚	평	下平
䨝	庚	평	下平
䐵	庚	평	下平
㹹	庚	평	下平
㵬	庚	평	下平
䨉	庚	평	下平
㲆	庚	평	下平
㼇	庚	평	下平
㱶	庚	평	下平
䇇	庚	평	下平
䕦	庚	평	下平
䡠	庚	평	下平
䄘	庚	평	下平
㘇	庚	평	下平
䆖	庚	평	下平
䊔	庚	평	下平
䎽	庚	평	下平
㚚	庚	평	下平
㿮	庚	평	下平
㛁	庚	평	下平
䈍	庚	평	下平
㣜	庚	평	下平
䪯	庚	평	下平
䱢	庚	평	下平
㢬	庚	평	下平
㲰	庚	평	下平
䥰	庚	평	下平
䦫	庚	평	下平
㷣	庚	평	下平
䵞	庚	평	下平
㪅	庚	평	下平
䴍	庚	평	下平
䲼	庚	평	下平
㰢	庚	평	下平
䑉	庚	평	下平
䁎	庚	평	下平
䫆	庚	평	下平
䁐	庚	평	下平
㙃	庚	평	下平
㔙	庚	평	下平
䰃	庚	평	下平
䍔	庚	평	下平
䞓	庚	평	下平
㧍	庚	평	下平
㲂	庚	평	下平
㝁	庚	평	下平
䊅	庚	평	下平
䡩	庚	평	下平
䫺	庚	평	下平
䢚	庚	평	下平
㺸	庚	평	下平
䆵	庚	평	下平
䴤	庚	평	下平
㤣	庚	평	下平
䍬	庚	평	下平
䯒	庚	평	下平
䄓	庚	평	下平
㧸	庚	평	下平
㚾	庚	평	下平
䦕	庚	평	下平
㥊	庚	평	下平
䡰	庚	평	下平
䚘	庚	평	下平
䔊	庚	평	下平
㧶	庚	평	下平
䍵	庚	평	下平
䃷	庚	평	下平
㿘	庚	평	下平
㼩	庚	평	下平
㹴	庚	평	下平
䄇	庚	평	下平
㙚	庚	평	下平
䇸	庚	평	下平
㬹	庚	평	下平
㨕	庚	평	下平
㢣	庚	평	下平
𧭈	庚	평	下平
𥋝	庚	평	下平
𩘽	庚	평	下平
𨆪	庚	평	下平
𧁁	庚	평	下平
𥥈	庚	평	下平
𦪗	庚	평	下平
𢏳	庚	평	下平
𣥺	庚	평	下平
靑	靑	평	下平
青	靑	평	下平
星	靑	평	下平
亭	靑	평	下平
靈	靑	평	下平
經	靑	평	下平
冥	靑	평	下平
形	靑	평	下平
醒	靑	평	下平
庭	靑	평	下平
聽	靑	평	下平
屏	靑	평	下平
屛	靑	평	下平
扃	靑	평	下平
停	靑	평	下平
萍	靑	평	下平
馨	靑	평	下平
零	靑	평	下平
腥	靑	평	下平
齡	靑	평	下平
銘	靑	평	下平
溟	靑	평	下平
汀	靑	평	下平
瓶	靑	평	下平
甁	靑	평	下平
缾	靑	평	下平
寧	靑	평	下平
宁	靑	평	下平
寜	靑	평	下平
寍	靑	평	下平
刑	靑	평	下平
泠	靑	평	下平
螢	靑	평	下平
坰	靑	평	下平
霆	靑	평	下平
翎	靑	평	下平
欞	靑	평	下平
櫺	靑	평	下平
鈴	靑	평	下平
苓	靑	평	下平
熒	靑	평	下平
婷	靑	평	下平
丁	靑	평	下平
舲	靑	평	下平
廷	靑	평	下平
型	靑	평	下平
廳	靑	평	下平
硎	靑	평	下平
瓴	靑	평	下平
涇	靑	평	下平
俜	靑	평	下平
蓂	靑	평	下平
伶	靑	평	下平
惺	靑	평	下平
鴒	靑	평	下平
軿	靑	평	下平
陘	靑	평	下平
蜓	靑	평	下平
玲	靑	평	下平
醽	靑	평	下平
聆	靑	평	下平
仃	靑	평	下平
嚀	靑	평	下平
竮	靑	평	下平
釘	靑	평	下平
渟	靑	평	下平
蛉	靑	평	下平
螟	靑	평	下平
邢	靑	평	下平
暝	靑	평	下平
令	靑	평	下平
囹	靑	평	下平
鯖	靑	평	下平
鉶	靑	평	下平
莛	靑	평	下平
駉	靑	평	下平
瞑	靑	평	下平
鞓	靑	평	下平
箵	靑	평	下平
町	靑	평	下平
軨	靑	평	下平
筳	靑	평	下平
篂	靑	평	下平
娉	靑	평	下平
玎	靑	평	下平
滎	靑	평	下平
蓱	靑	평	下平
鯹	靑	평	下平
酃	靑	평	下平
猩	靑	평	下平
叮	靑	평	下平
鼮	靑	평	下平
嵉	靑	평	下平
蘦	靑	평	下平
鈃	靑	평	下平
駢	靑	평	下平
羚	靑	평	下平
頩	靑	평	下平
綎	靑	평	下平
徑	靑	평	下平
逕	靑	평	下平
詅	靑	평	下平
呤	靑	평	下平
竛	靑	평	下平
聹	靑	평	下平
箳	靑	평	下平
輧	靑	평	下平
娗	靑	평	下平
爧	靑	평	下平
濙	靑	평	下平
笭	靑	평	下平
娙	靑	평	下平
楟	靑	평	下平
葶	靑	평	下平
桯	靑	평	下平
昤	靑	평	下平
坽	靑	평	下平
姈	靑	평	下平
拎	靑	평	下平
霝	靑	평	下平
聠	靑	평	下平
跉	靑	평	下平
魿	靑	평	下平
鉼	靑	평	下平
瑆	靑	평	下平
訂	靑	평	下平
圊	靑	평	下平
疔	靑	평	下平
狌	靑	평	下平
嫇	靑	평	下平
帲	靑	평	下平
駖	靑	평	下平
榠	靑	평	下平
甹	靑	평	下平
蕶	靑	평	下平
鋞	靑	평	下平
狑	靑	평	下平
絅	靑	평	下平
鸋	靑	평	下平
蛵	靑	평	下平
砱	靑	평	下平
蝏	靑	평	下平
朎	靑	평	下平
聤	靑	평	下平
荓	靑	평	下平
奵	靑	평	下平
蛢	靑	평	下平
帄	靑	평	下平
柃	靑	평	下平
靪	靑	평	下平
睲	靑	평	下平
鉎	靑	평	下平
紷	靑	평	下平
鎣	靑	평	下平
侀	靑	평	下平
鵧	靑	평	下平
濴	靑	평	下平
熲	靑	평	下平
巠	靑	평	下平
澪	靑	평	下平
獜	靑	평	下平
呬	靑	평	下平
涄	靑	평	下平
榳	靑	평	下平
邒	靑	평	下平
桱	靑	평	下平
坙	靑	평	下平
閝	靑	평	下平
庁	靑	평	下平
艼	靑	평	下平
煋	靑	평	下平
秢	靑	평	下平
顈	靑	평	下平
猽	靑	평	下平
冂	靑	평	下平
耓	靑	평	下平
閮	靑	평	下平
嬣	靑	평	下平
藀	靑	평	下平
鵛	靑	평	下平
褮	靑	평	下平
嵤	靑	평	下平
銒	靑	평	下平
朾	靑	평	下平
諪	靑	평	下平
帡	靑	평	下平
鏻	靑	평	下平
郱	靑	평	下平
郬	靑	평	下平
衑	靑	평	下平
彾	靑	평	下平
孁	靑	평	下平
龗	靑	평	下平
鹷	靑	평	下平
耵	靑	평	下平
鄍	靑	평	下平
㹶	靑	평	下平
䖅	靑	평	下平
䴇	靑	평	下平
䋼	靑	평	下平
䛣	靑	평	下平
㯪	靑	평	下平
㩕	靑	평	下平
䯕	靑	평	下平
㡵	靑	평	下平
㯏	靑	평	下平
䤰	靑	평	下平
䗌	靑	평	下平
䅽	靑	평	下平
㭢	靑	평	下平
㼛	靑	평	下平
䩠	靑	평	下平
䆨	靑	평	下平
㓅	靑	평	下平
㣔	靑	평	下平
䃏	靑	평	下平
䙥	靑	평	下平
㽮	靑	평	下平
㻂	靑	평	下平
䄙	靑	평	下平
䉹	靑	평	下平
䱓	靑	평	下平
䦺	靑	평	下平
䡿	靑	평	下平
䯍	靑	평	下平
䈂	靑	평	下平
䉖	靑	평	下平
䣆	靑	평	下平
䁝	靑	평	下平
䓑	靑	평	下平
㤯	靑	평	下平
㸳	靑	평	下平
䌢	靑	평	下平
䢛	靑	평	下平
䶄	靑	평	下平
䚖	靑	평	下平
䤯	靑	평	下平
䕘	靑	평	下平
㝕	靑	평	下平
䫤	靑	평	下平
䉁	靑	평	下平
㦭	靑	평	下平
䡼	靑	평	下平
㾉	靑	평	下平
㪮	靑	평	下平
㼗	靑	평	下平
𦀚	靑	평	下平
𤬐	靑	평	下平
𧖧	靑	평	下平
𧕝	靑	평	下平
𩵀	靑	평	下平
𦉬	靑	평	下平
𧕅	靑	평	下平
燈	蒸	평	下平
冰	蒸	평	下平
氷	蒸	평	下平
僧	蒸	평	下平
陵	蒸	평	下平
登	蒸	평	下平
層	蒸	평	下平
能	蒸	평	下平
升	蒸	평	下平
騰	蒸	평	下平
藤	蒸	평	下平
憑	蒸	평	下平
朋	蒸	평	下平
興	蒸	평	下平
曾	蒸	평	下平
蒸	蒸	평	下平
增	蒸	평	下平
澄	蒸	평	下平
澂	蒸	평	下平
棱	蒸	평	下平
稜	蒸	평	下平
乘	蒸	평	下平
憎	蒸	평	下平
凝	蒸	평	下平
繩	蒸	평	下平
勝	蒸	평	下平
胜	蒸	평	下平
鷹	蒸	평	下平
蠅	蒸	평	下平
膺	蒸	평	下平
稱	蒸	평	下平
仍	蒸	평	下平
承	蒸	평	下平
鵬	蒸	평	下平
肱	蒸	평	下平
嶒	蒸	평	下平
丞	蒸	평	下平
崩	蒸	평	下平
徵	蒸	평	下平
應	蒸	평	下平
矜	蒸	평	下平
澠	蒸	평	下平
罾	蒸	평	下平
兢	蒸	평	下平
鐙	蒸	평	下平
昇	蒸	평	下平
塍	蒸	평	下平
綾	蒸	평	下平
鬙	蒸	평	下平
繒	蒸	평	下平
懲	蒸	평	下平
菱	蒸	평	下平
譍	蒸	평	下平
恒	蒸	평	下平
弘	蒸	평	下平
縢	蒸	평	下平
淩	蒸	평	下平
凌	蒸	평	下平
矰	蒸	평	下平
烝	蒸	평	下平
簦	蒸	평	下平
縆	蒸	평	下平
滕	蒸	평	下平
征	蒸	평	下平
棚	蒸	평	下平
謄	蒸	평	下平
楞	蒸	평	下平
瞢	蒸	평	下平
礽	蒸	평	下平
馮	蒸	평	下平
崚	蒸	평	下平
鼟	蒸	평	下平
疼	蒸	평	下平
磳	蒸	평	下平
艿	蒸	평	下平
鄫	蒸	평	下平
淜	蒸	평	下平
幐	蒸	평	下平
鯪	蒸	평	下平
薨	蒸	평	下平
輘	蒸	평	下平
橧	蒸	평	下平
豋	蒸	평	下平
扔	蒸	평	下平
儚	蒸	평	下平
掤	蒸	평	下平
堋	蒸	평	下平
殑	蒸	평	下平
譝	蒸	평	下平
姮	蒸	평	下平
掕	蒸	평	下平
漰	蒸	평	下平
噌	蒸	평	下平
芿	蒸	평	下平
蕄	蒸	평	下平
僜	蒸	평	下平
碐	蒸	평	下平
憕	蒸	평	下平
症	蒸	평	下平
薐	蒸	평	下平
冫	蒸	평	下平
噔	蒸	평	下平
鬅	蒸	평	下平
睖	蒸	평	下平
砯	蒸	평	下平
邆	蒸	평	下平
倗	蒸	평	下平
騬	蒸	평	下平
憴	蒸	평	下平
竳	蒸	평	下平
螣	蒸	평	下平
陾	蒸	평	下平
畻	蒸	평	下平
鞃	蒸	평	下平
脀	蒸	평	下平
洆	蒸	평	下平
儯	蒸	평	下平
竑	蒸	평	下平
焺	蒸	평	下平
奟	蒸	평	下平
抍	蒸	평	下平
痭	蒸	평	下平
璔	蒸	평	下平
篜	蒸	평	下平
婈	蒸	평	下平
竲	蒸	평	下平
譄	蒸	평	下平
顭	蒸	평	下平
苰	蒸	평	下平
鹶	蒸	평	下平
耺	蒸	평	下平
璒	蒸	평	下平
裬	蒸	평	下平
傰	蒸	평	下平
溗	蒸	평	下平
辸	蒸	평	下平
踜	蒸	평	下平
祾	蒸	평	下平
漛	蒸	평	下平
厷	蒸	평	下平
蘉	蒸	평	下平
倰	蒸	평	下平
穪	蒸	평	下平
膯	蒸	평	下平
熷	蒸	평	下平
膡	蒸	평	下平
夌	蒸	평	下平
錂	蒸	평	下平
焩	蒸	평	下平
驓	蒸	평	下平
鞥	蒸	평	下平
仱	蒸	평	下平
覴	蒸	평	下平
嬁	蒸	평	下平
鵿	蒸	평	下平
僌	蒸	평	下平
庱	蒸	평	下平
栤	蒸	평	下平
鱦	蒸	평	下平
塴	蒸	평	下平
鰧	蒸	평	下平
嵭	蒸	평	下平
氶	蒸	평	下平
敒	蒸	평	下平
陹	蒸	평	下平
搄	蒸	평	下平
㲪	蒸	평	下平
䔲	蒸	평	下平
䡌	蒸	평	下平
㱥	蒸	평	下平
䁬	蒸	평	下平
䎖	蒸	평	下平
㵗	蒸	평	下平
䕟	蒸	평	下平
䚮	蒸	평	下平
㭁	蒸	평	下平
䈊	蒸	평	下平
䲍	蒸	평	下平
㷥	蒸	평	下平
䔖	蒸	평	下平
䱆	蒸	평	下平
䕨	蒸	평	下平
䒱	蒸	평	下平
䱭	蒸	평	下平
㜴	蒸	평	下平
㥄	蒸	평	下平
䗀	蒸	평	下平
㮱	蒸	평	下平
䠮	蒸	평	下平
㥤	蒸	평	下平
䒐	蒸	평	下平
䕝	蒸	평	下平
䧙	蒸	평	下平
䄧	蒸	평	下平
㴰	蒸	평	下平
䧹	蒸	평	下平
䙞	蒸	평	下平
㐩	蒸	평	下平
䳾	蒸	평	下平
䬋	蒸	평	下平
䩑	蒸	평	下平
䇰	蒸	평	下平
䉕	蒸	평	下平
䒏	蒸	평	下平
䮪	蒸	평	下平
㖫	蒸	평	下平
䉄	蒸	평	下平
䨜	蒸	평	下平
㔁	蒸	평	下平
䡏	蒸	평	下平
㔰	蒸	평	下平
㺱	蒸	평	下平
㣒	蒸	평	下平
㞼	蒸	평	下平
㛵	蒸	평	下平
𦒃	蒸	평	下平
𧕄	蒸	평	下平
𧈜	蒸	평	下平
𩜁	蒸	평	下平
𨋬	蒸	평	下平
𧹈	蒸	평	下平
𤃶	蒸	평	下平
𢄑	蒸	평	下平
𩖎	蒸	평	下平
𤻴	蒸	평	下平
𧗆	蒸	평	下平
𤮘	蒸	평	下平
𪒿	蒸	평	下平
秋	尤	평	下平
遊	尤	평	下平
流	尤	평	下平
頭	尤	평	下平
愁	尤	평	下平
樓	尤	평	下平
游	尤	평	下平
舟	尤	평	下平
州	尤	평	下平
留	尤	평	下平
休	尤	평	下平
憂	尤	평	下平
浮	尤	평	下平
洲	尤	평	下平
求	尤	평	下平
幽	尤	평	下平
侯	尤	평	下平
矦	尤	평	下平
收	尤	평	下平
丘	尤	평	下平
悠	尤	평	下平
謀	尤	평	下平
牛	尤	평	下平
裘	尤	평	下平
酬	尤	평	下平
鉤	尤	평	下平
羞	尤	평	下平
鷗	尤	평	下平
由	尤	평	下平
周	尤	평	下平
儔	尤	평	下平
修	尤	평	下平
投	尤	평	下平
籌	尤	평	下平
柔	尤	평	下平
稠	尤	평	下平
眸	尤	평	下平
優	尤	평	下平
不	尤	평	下平
謳	尤	평	下平
溝	尤	평	下平
疇	尤	평	下平
猷	尤	평	下平
甌	尤	평	下平
尤	尤	평	下平
旒	尤	평	下平
囚	尤	평	下平
虯	尤	평	下平
繆	尤	평	下平
邱	尤	평	下平
搜	尤	평	下平
讎	尤	평	下平
仇	尤	평	下平
颼	尤	평	下平
劉	尤	평	下平
漚	尤	평	下平
遒	尤	평	下平
脩	尤	평	下平
鳩	尤	평	下平
郵	尤	평	下平
猶	尤	평	下平
油	尤	평	下平
侔	尤	평	下平
輈	尤	평	下平
騮	尤	평	下平
駵	尤	평	下平
楸	尤	평	下平
啾	尤	평	下平
陬	尤	평	下平
球	尤	평	下平
矛	尤	평	下平
瘳	尤	평	下平
讐	尤	평	下平
抽	尤	평	下平
喉	尤	평	下平
偷	尤	평	下平
偸	尤	평	下平
婾	尤	평	下平
湫	尤	평	下平
猴	尤	평	下平
騶	尤	평	下平
毬	尤	평	下平
飀	尤	평	下平
蝣	尤	평	下平
鎪	尤	평	下平
篌	尤	평	下平
貅	尤	평	下平
篘	尤	평	下平
榴	尤	평	下平
篝	尤	평	下平
耰	尤	평	下平
酋	尤	평	下平
疣	尤	평	下平
髏	尤	평	下平
鍪	尤	평	下平
鄒	尤	평	下平
牟	尤	평	下平
否	尤	평	下平
樛	尤	평	下平
呦	尤	평	下平
璆	尤	평	下平
斿	尤	평	下平
緱	尤	평	下平
蕕	尤	평	下平
裯	尤	평	下平
韝	尤	평	下平
咻	尤	평	下平
鶹	尤	평	下平
歐	尤	평	下平
庥	尤	평	下平
彪	尤	평	下平
蜉	尤	평	下平
婁	尤	평	下平
鞲	尤	평	下平
抔	尤	평	下平
鰍	尤	평	下平
麰	尤	평	下平
勾	尤	평	下平
兜	尤	평	下平
鯈	尤	평	下平
諏	尤	평	下平
幬	尤	평	下平
繇	尤	평	下平
媮	尤	평	下平
紬	尤	평	下平
攸	尤	평	下平
餱	尤	평	下平
蟊	尤	평	下平
逑	尤	평	下平
蒐	尤	평	下平
遛	尤	평	下平
裒	尤	평	下平
嚘	尤	평	下平
售	尤	평	下平
鰌	尤	평	下平
鞦	尤	평	下平
罘	尤	평	下平
廋	尤	평	下平
輶	尤	평	下平
鶖	尤	평	下平
摟	尤	평	下平
齁	尤	평	下平
啁	尤	평	下平
艘	尤	평	下平
飂	尤	평	下平
泅	尤	평	下平
鏐	尤	평	下平
桴	尤	평	下平
瀏	尤	평	下平
槱	尤	평	下平
詶	尤	평	下平
饈	尤	평	下平
賙	尤	평	下平
鬮	尤	평	下平
褠	尤	평	下平
涪	尤	평	下平
揉	尤	평	下平
蟉	尤	평	下平
蛑	尤	평	下平
芻	尤	평	下平
蒭	尤	평	下平
瘤	尤	평	下平
髹	尤	평	下平
揫	尤	평	下平
窶	尤	평	下平
愀	尤	평	下平
綢	尤	평	下平
溲	尤	평	下平
賕	尤	평	下平
鞧	尤	평	下平
漱	尤	평	下平
崷	尤	평	下平
叟	尤	평	下平
觓	尤	평	下平
揄	尤	평	下平
僂	尤	평	下平
蹂	尤	평	下平
掊	尤	평	下平
區	尤	평	下平
揪	尤	평	下平
骰	尤	평	下平
琉	尤	평	下平
蝥	尤	평	下平
彄	尤	평	下平
搊	尤	평	下平
螻	尤	평	下平
摳	尤	평	下平
鯫	尤	평	下平
滮	尤	평	下平
吺	尤	평	下平
侜	尤	평	下平
罦	尤	평	下平
掫	尤	평	下平
烰	尤	평	下平
浟	尤	평	下平
菆	尤	평	下平
勠	尤	평	下平
魗	尤	평	下平
丟	尤	평	下平
蔞	尤	평	下平
蝤	尤	평	下平
惆	尤	평	下平
句	尤	평	下平
餿	尤	평	下平
嶁	尤	평	下平
俅	尤	평	下平
鱐	尤	평	下平
冘	尤	평	下平
鍭	尤	평	下平
調	尤	평	下平
醅	尤	평	下平
瞀	尤	평	下平
簍	尤	평	下平
謅	尤	평	下平
懮	尤	평	下平
躊	尤	평	下平
譸	尤	평	下平
盩	尤	평	下平
摎	尤	평	下平
絿	尤	평	下平
鵂	尤	평	下平
艛	尤	평	下平
麀	尤	평	下平
鍮	尤	평	下平
酘	尤	평	下平
膢	尤	평	下平
廔	尤	평	下平
瀌	尤	평	下平
妯	尤	평	下平
瑈	尤	평	下平
馗	尤	평	下平
救	尤	평	下平
萩	尤	평	下平
赳	尤	평	下平
鼽	尤	평	下平
妞	尤	평	下平
泵	尤	평	下平
慺	尤	평	下平
犨	尤	평	下平
飍	尤	평	下平
醧	尤	평	下平
龜	尤	평	下平
鎦	尤	평	下平
鞻	尤	평	下平
莤	尤	평	下平
峳	尤	평	下平
銗	尤	평	下平
鄹	尤	평	下平
棷	尤	평	下平
睺	尤	평	下平
葇	尤	평	下平
嵧	尤	평	下平
艀	尤	평	下平
嘔	尤	평	下平
庮	尤	평	下平
錇	尤	평	下平
羺	尤	평	下平
卣	尤	평	下平
琈	尤	평	下平
銶	尤	평	下平
鏉	尤	평	下平
枹	尤	평	下平
鯄	尤	평	下平
瀀	尤	평	下平
騪	尤	평	下平
淍	尤	평	下平
嘍	尤	평	下平
雺	尤	평	下平
颩	尤	평	下平
篼	尤	평	下平
耬	尤	평	下平
瓿	尤	평	下平
蚰	尤	평	下平
硫	尤	평	下平
蝚	尤	평	下平
蓲	尤	평	下平
泃	尤	평	下平
蚯	尤	평	下平
喌	尤	평	下平
芤	尤	평	下平
牏	尤	평	下平
怮	尤	평	下平
厹	尤	평	下平
鯸	尤	평	下平
瘊	尤	평	下平
鴾	尤	평	下平
髟	尤	평	下平
鞣	尤	평	下平
瞘	尤	평	下平
芣	尤	평	下平
鵃	尤	평	下平
秞	尤	평	下平
驫	尤	평	下平
蛷	尤	평	下平
怞	尤	평	下平
恈	尤	평	下平
鰷	尤	평	下平
骺	尤	평	下平
輖	尤	평	下平
鎏	尤	평	下平
慪	尤	평	下平
逌	尤	평	下平
楢	尤	평	下平
鏂	尤	평	下平
堥	尤	평	下平
艽	尤	평	下平
叴	尤	평	下平
塸	尤	평	下平
梂	尤	평	下平
蟱	尤	평	下平
淲	尤	평	下平
枸	尤	평	下平
葔	尤	평	下平
鮂	尤	평	下平
黀	尤	평	下平
漊	尤	평	下平
莍	尤	평	下平
鞪	尤	평	下平
鍒	尤	평	下平
鉜	尤	평	下平
摗	尤	평	下平
頄	尤	평	下平
獀	尤	평	下平
剾	尤	평	下平
鰽	尤	평	下平
疁	尤	평	下平
薵	尤	평	下平
緰	尤	평	下平
渞	尤	평	下平
鄋	尤	평	下平
吥	尤	평	下平
撨	尤	평	下平
蟗	尤	평	下平
沋	尤	평	下平
鮋	尤	평	下平
鷔	尤	평	下平
媃	尤	평	下平
藰	尤	평	下平
犰	尤	평	下平
遱	尤	평	下平
菗	尤	평	下平
鶔	尤	평	下平
鷜	尤	평	下平
燽	尤	평	下平
蒥	尤	평	下平
熡	尤	평	下平
騆	尤	평	下平
烐	尤	평	下平
磂	尤	평	下平
嬦	尤	평	下平
鰸	尤	평	下平
騥	尤	평	下平
鎀	尤	평	下平
牞	尤	평	下平
寠	尤	평	下平
絒	尤	평	下平
醔	尤	평	下平
挎	尤	평	下平
緅	尤	평	下平
瞗	尤	평	下平
腬	尤	평	下平
姇	尤	평	下平
櫙	尤	평	下平
媝	尤	평	下平
帿	尤	평	下平
臹	尤	평	下平
揂	尤	평	下平
郮	尤	평	下平
盚	尤	평	下平
垺	尤	평	下平
朹	尤	평	下平
駀	尤	평	下平
扏	尤	평	下平
犙	尤	평	下平
熮	尤	평	下平
玌	尤	평	下平
渘	尤	평	下平
脜	尤	평	下平
脙	尤	평	下平
麍	尤	평	下平
鰡	尤	평	下平
棸	尤	평	下平
箁	尤	평	下平
恘	尤	평	下平
椆	尤	평	下平
銂	尤	평	下平
苬	尤	평	下平
噍	尤	평	下平
涑	尤	평	下平
煪	尤	평	下平
抭	尤	평	下平
瞴	尤	평	下平
殏	尤	평	下平
郖	尤	평	下平
徟	尤	평	下平
鏅	尤	평	下平
剻	尤	평	下平
浗	尤	평	下平
銝	尤	평	下平
翏	尤	평	下平
訄	尤	평	下平
哹	尤	평	下平
抌	尤	평	下平
穋	尤	평	下平
鋀	尤	평	下平
侸	尤	평	下平
粰	尤	평	下平
朻	尤	평	下平
鑐	尤	평	下平
熰	尤	평	下平
瞍	尤	평	下平
矪	尤	평	下平
汼	尤	평	下平
湭	尤	평	下平
袧	尤	평	下平
裗	尤	평	下平
軥	尤	평	下平
岣	尤	평	下平
紑	尤	평	下平
傮	尤	평	下平
妋	尤	평	下平
烌	尤	평	下平
瞜	尤	평	下平
劺	尤	평	下平
剅	尤	평	下平
珘	尤	평	下平
釚	尤	평	下平
齱	尤	평	下平
鯦	尤	평	下平
哞	尤	평	下平
趜	尤	평	下平
纋	尤	평	下平
薷	尤	평	下平
霌	尤	평	下平
嬼	尤	평	下平
皗	尤	평	下平
樇	尤	평	下平
坄	尤	평	下平
鰇	尤	평	下平
櫾	尤	평	下平
齺	尤	평	下平
膒	尤	평	下平
瑬	尤	평	下平
紌	尤	평	下平
蓅	尤	평	下平
媹	尤	평	下平
篍	尤	평	下平
蓃	尤	평	下平
箃	尤	평	下平
訅	尤	평	下平
萮	尤	평	下平
雔	尤	평	下平
褸	尤	평	下平
筄	尤	평	下平
圳	尤	평	下平
鄾	尤	평	下平
栦	尤	평	下平
鱃	尤	평	下平
捒	尤	평	下平
亠	尤	평	下平
蟭	尤	평	下平
蓨	尤	평	下平
嚋	尤	평	下平
偤	尤	평	下平
糔	尤	평	下平
翵	尤	평	下平
慒	尤	평	下平
鴀	尤	평	下平
趥	尤	평	下平
鄇	尤	평	下平
跾	尤	평	下平
唒	尤	평	下平
泑	尤	평	下平
敄	尤	평	下平
剹	尤	평	下平
蛔	尤	평	下平
匬	尤	평	下平
眗	尤	평	下平
釓	尤	평	下平
櫹	尤	평	下平
婤	尤	평	下平
肍	尤	평	下平
㡚	尤	평	下平
䬟	尤	평	下平
Ｑ	尤	평	下平
㬋	尤	평	下平
䗋	尤	평	下平
㱊	尤	평	下平
㵞	尤	평	下平
䎿	尤	평	下平
䑼	尤	평	下平
䨲	尤	평	下平
䤹	尤	평	下平
䋺	尤	평	下平
㳺	尤	평	下平
㗀	尤	평	下平
㗋	尤	평	下平
㐀	尤	평	下平
䫛	尤	평	下平
㳜	尤	평	下平
䐓	尤	평	下平
㘜	尤	평	下平
䀺	尤	평	下平
㹯	尤	평	下平
㽛	尤	평	下平
㧨	尤	평	下平
㾋	尤	평	下平
䑻	尤	평	下平
㚭	尤	평	下平
䤛	尤	평	下平
㘳	尤	평	下平
㖼	尤	평	下平
䈭	尤	평	下平
䱖	尤	평	下平
㫍	尤	평	下平
䡂	尤	평	下平
㟊	尤	평	下平
䰗	尤	평	下平
㾞	尤	평	下平
㘥	尤	평	下平
䬌	尤	평	下平
㨮	尤	평	下平
䦾	尤	평	下平
䨗	尤	평	下平
㤹	尤	평	下平
㡞	尤	평	下平
㥢	尤	평	下平
䒜	尤	평	下平
㝹	尤	평	下平
㻓	尤	평	下平
䝏	尤	평	下平
㟈	尤	평	下平
䄛	尤	평	下平
䧓	尤	평	下平
㩅	尤	평	下平
䑦	尤	평	下平
䖥	尤	평	下平
㖄	尤	평	下平
䝀	尤	평	下平
䲥	尤	평	下平
㕱	尤	평	下平
䱾	尤	평	下平
䩳	尤	평	下平
㭌	尤	평	下平
䣇	尤	평	下平
䰘	尤	평	下平
㤑	尤	평	下平
䧱	尤	평	下平
㛏	尤	평	下平
䢟	尤	평	下平
䗜	尤	평	下平
㛜	尤	평	下平
㞗	尤	평	下平
㻲	尤	평	下平
㴗	尤	평	下平
㐜	尤	평	下平
䗏	尤	평	下平
㭝	尤	평	下平
㛩	尤	평	下平
㽥	尤	평	下平
䐐	尤	평	下平
䬒	尤	평	下平
㳋	尤	평	下平
䰆	尤	평	下平
㷕	尤	평	下平
䐰	尤	평	下平
䆶	尤	평	下平
䙈	尤	평	下平
㺅	尤	평	下平
㚱	尤	평	下平
䨂	尤	평	下平
㱗	尤	평	下平
䬲	尤	평	下平
䚃	尤	평	下平
䚧	尤	평	下平
㧃	尤	평	下平
䝗	尤	평	下平
䗔	尤	평	下平
䉧	尤	평	下平
䋷	尤	평	下平
䎧	尤	평	下平
䉱	尤	평	下平
䲖	尤	평	下平
㓱	尤	평	下平
䏬	尤	평	下平
㖻	尤	평	下平
㕤	尤	평	下平
䌧	尤	평	下平
䊵	尤	평	下平
䡭	尤	평	下平
䮟	尤	평	下平
䟵	尤	평	下平
䯽	尤	평	下平
䓟	尤	평	下平
䢊	尤	평	下平
䰍	尤	평	下平
䮫	尤	평	下平
㺫	尤	평	下平
䱸	尤	평	下平
䌔	尤	평	下平
䉩	尤	평	下平
䍌	尤	평	下平
䏫	尤	평	下平
䞀	尤	평	下平
䱕	尤	평	下平
䠓	尤	평	下平
㿧	尤	평	下平
䳕	尤	평	下平
䫫	尤	평	下平
㥑	尤	평	下平
䵸	尤	평	下平
㽕	尤	평	下平
䖻	尤	평	下平
㤧	尤	평	下平
㮲	尤	평	下平
㒡	尤	평	下平
䲫	尤	평	下平
䐹	尤	평	下平
㸨	尤	평	下平
䥐	尤	평	下平
䂉	尤	평	下平
㿡	尤	평	下平
䁱	尤	평	下平
䜪	尤	평	下平
䎇	尤	평	下平
㳅	尤	평	下平
䳼	尤	평	下平
䕱	尤	평	下平
𦢩	尤	평	下平
𩏶	尤	평	下平
𪕋	尤	평	下平
𩜯	尤	평	下平
𪂷	尤	평	下平
𠧴	尤	평	下平
𤙠	尤	평	下平
𤫕	尤	평	下平
𦡴	尤	평	下平
𦵵	尤	평	下平
𤪎	尤	평	下平
𨡻	尤	평	下平
𩢮	尤	평	下平
𩮤	尤	평	下平
𤕾	尤	평	下平
𧎄	尤	평	下平
𠹝	尤	평	下平
𠾉	尤	평	下平
𪓔	尤	평	下平
𨞪	尤	평	下平
𣮬	尤	평	下平
𣪌	尤	평	下平
𥃧	尤	평	下平
𤫱	尤	평	下平
𩒮	尤	평	下平
𧤕	尤	평	下平
𤾊	尤	평	下平
𪍓	尤	평	下平
𣏞	尤	평	下平
𠷎	尤	평	下平
𣀓	尤	평	下平
𧳫	尤	평	下平
𨻻	尤	평	下平
𦵩	尤	평	下平
𥰛	尤	평	下平
𤟫	尤	평	下平
𩛢	尤	평	下平
𢯱	尤	평	下平
𧍘	尤	평	下平
心	侵	평	下平
深	侵	평	下平
林	侵	평	下平
陰	侵	평	下平
音	侵	평	下平
吟	侵	평	下平
尋	侵	평	下平
金	侵	평	下平
琴	侵	평	下平
琹	侵	평	下平
今	侵	평	下平
襟	侵	평	下平
侵	侵	평	下平
沉	侵	평	下平
岑	侵	평	下平
臨	侵	평	下平
沈	侵	평	下平
禽	侵	평	下平
簪	侵	평	下平
斟	侵	평	下平
森	侵	평	下平
禁	侵	평	下平
霖	侵	평	下平
砧	侵	평	下平
碪	侵	평	下平
任	侵	평	下平
潯	侵	평	下平
衾	侵	평	下平
淫	侵	평	下平
欽	侵	평	下平
箴	侵	평	下平
駸	侵	평	下平
針	侵	평	下平
鍼	侵	평	下平
參	侵	평	下平
衿	侵	평	下平
琳	侵	평	下平
瘖	侵	평	下平
涔	侵	평	下平
嶔	侵	평	下平
愔	侵	평	下平
擒	侵	평	下平
歆	侵	평	下平
忱	侵	평	下平
崟	侵	평	下平
琛	侵	평	下平
喑	侵	평	下平
淋	侵	평	下平
諶	侵	평	下平
壬	侵	평	下平
鬵	侵	평	下平
唫	侵	평	下平
霪	侵	평	下平
黔	侵	평	下平
祲	侵	평	下平
鐔	侵	평	下平
蟫	侵	평	下平
南	侵	평	下平
芩	侵	평	下平
湛	侵	평	下平
蔭	侵	평	下平
椮	侵	평	下平
紝	侵	평	下平
檎	侵	평	下平
蔘	侵	평	下平
葠	侵	평	下平
郴	侵	평	下平
燖	侵	평	下平
鱘	侵	평	下平
灊	侵	평	下平
霃	侵	평	下平
鵀	侵	평	下平
妊	侵	평	下平
吽	侵	평	下平
蟳	侵	평	下平
廞	侵	평	下平
椹	侵	평	下平
煁	侵	평	下平
肣	侵	평	下平
芯	侵	평	下平
棽	侵	평	下平
噙	侵	평	下平
綅	侵	평	下平
罧	侵	평	下平
澿	侵	평	下平
滲	侵	평	下平
痳	侵	평	下平
闇	侵	평	下平
噷	侵	평	下平
襂	侵	평	下平
嵾	侵	평	下平
黅	侵	평	下平
嶜	侵	평	下平
鍖	侵	평	下平
碄	侵	평	下平
銋	侵	평	下平
箖	侵	평	下平
綝	侵	평	下平
攳	侵	평	下平
笒	侵	평	下平
惏	侵	평	下平
愖	侵	평	下平
莐	侵	평	下平
桪	侵	평	下平
崊	侵	평	下平
鄩	侵	평	下平
紟	侵	평	下平
蚙	侵	평	下平
靲	侵	평	下平
埐	侵	평	下平
甧	侵	평	下平
櫼	侵	평	下平
庈	侵	평	下平
烎	侵	평	下平
耹	侵	평	下平
荶	侵	평	下平
橬	侵	평	下平
惍	侵	평	下平
魫	侵	평	下平
枔	侵	평	下平
璕	侵	평	下平
穇	侵	평	下平
鱵	侵	평	下平
瘎	侵	평	下平
鈝	侵	평	下平
襑	侵	평	下平
諃	侵	평	下平
瓭	侵	평	下平
穼	侵	평	下平
黚	侵	평	下平
鑫	侵	평	下平
誛	侵	평	下平
曑	侵	평	下平
葴	侵	평	下平
乑	侵	평	下平
瀶	侵	평	下平
橝	侵	평	下平
忴	侵	평	下平
鈂	侵	평	下平
摿	侵	평	下平
汵	侵	평	下平
鈙	侵	평	下平
埁	侵	평	下平
菳	侵	평	下平
鳹	侵	평	下平
鮼	侵	평	下平
梣	侵	평	下平
兓	侵	평	下平
嬜	侵	평	下平
玪	侵	평	下平
杺	侵	평	下平
韾	侵	평	下平
撍	侵	평	下平
扲	侵	평	下平
鈊	侵	평	下平
訦	侵	평	下平
蠄	侵	평	下平
幓	侵	평	下平
鷣	侵	평	下平
㞥	侵	평	下平
䔷	侵	평	下平
䪩	侵	평	下平
㑴	侵	평	下平
㕋	侵	평	下平
䤃	侵	평	下平
䤟	侵	평	下平
䒞	侵	평	下平
㪛	侵	평	下平
㩒	侵	평	下平
䅾	侵	평	下平
㝝	侵	평	下平
㜦	侵	평	下平
㠁	侵	평	下平
㕴	侵	평	下平
䕾	侵	평	下平
㾣	侵	평	下平
䃡	侵	평	下平
㴱	侵	평	下平
䰼	侵	평	下平
䚾	侵	평	下平
䘳	侵	평	下平
䋮	侵	평	下平
䨧	侵	평	下平
㖗	侵	평	下平
䛘	侵	평	下平
㸒	侵	평	下平
䃢	侵	평	下平
㜄	侵	평	下平
㻸	侵	평	下平
䋻	侵	평	下平
䦦	侵	평	下平
㕂	侵	평	下平
㚞	侵	평	下平
䥅	侵	평	下平
䍼	侵	평	下平
䣾	侵	평	下平
䋕	侵	평	下平
㪸	侵	평	下平
䫐	侵	평	下平
㽸	侵	평	下平
㞤	侵	평	下平
䑣	侵	평	下平
㓎	侵	평	下平
䨙	侵	평	下平
䥆	侵	평	下平
䜾	侵	평	下平
䜷	侵	평	下平
㦗	侵	평	下平
䤁	侵	평	下平
𩅨	侵	평	下平
𦁍	侵	평	下平
𥍯	侵	평	下平
𠻝	侵	평	下平
𠪚	侵	평	下平
𥥍	侵	평	下平
𧠿	侵	평	下平
𨟏	侵	평	下平
𦸂	侵	평	下平
𩷒	侵	평	下平
𩂢	侵	평	下平
𪁏	侵	평	下平
𩻛	侵	평	下平
南	覃	평	下平
談	覃	평	下平
酣	覃	평	下平
潭	覃	평	下平
堪	覃	평	下平
三	覃	평	下平
甘	覃	평	下平
庵	覃	평	下平
菴	覃	평	下平
嵐	覃	평	下平
參	覃	평	下平
藍	覃	평	下平
慚	覃	평	下平
慙	覃	평	下平
驂	覃	평	下平
諳	覃	평	下平
蠶	覃	평	下平
龕	覃	평	下平
貪	覃	평	下平
探	覃	평	下平
毿	覃	평	下平
毵	覃	평	下平
毶	覃	평	下平
含	覃	평	下平
男	覃	평	下平
簪	覃	평	下平
涵	覃	평	下平
曇	覃	평	下平
柑	覃	평	下平
耽	覃	평	下平
函	覃	평	下平
凾	覃	평	下平
鬖	覃	평	下平
籃	覃	평	下平
覃	覃	평	下平
聃	覃	평	下平
譚	覃	평	下平
憨	覃	평	下平
擔	覃	평	下平
楠	覃	평	下平
枏	覃	평	下平
戡	覃	평	下平
眈	覃	평	下平
惔	覃	평	下平
篸	覃	평	下平
甔	覃	평	下平
婪	覃	평	下平
諵	覃	평	下平
鐔	覃	평	下平
儋	覃	평	下平
醰	覃	평	下平
蟫	覃	평	下平
蚶	覃	평	下平
韽	覃	평	下平
湛	覃	평	下平
驔	覃	평	下平
泔	覃	평	下平
盦	覃	평	下平
嵁	覃	평	下平
錟	覃	평	下平
痰	覃	평	下平
壇	覃	평	下平
郯	覃	평	下平
襤	覃	평	下平
弇	覃	평	下平
坩	覃	평	下平
媅	覃	평	下平
頷	覃	평	下平
邯	覃	평	下平
唅	覃	평	下平
谽	覃	평	下平
馣	覃	평	下平
坍	覃	평	下平
媕	覃	평	下平
鏨	覃	평	下平
舑	覃	평	下平
餤	覃	평	下平
鵪	覃	평	下平
傪	覃	평	下平
渰	覃	평	下平
欦	覃	평	下平
喑	覃	평	下平
疳	覃	평	下平
腤	覃	평	下平
啉	覃	평	下平
倓	覃	평	下平
燂	覃	평	下平
罈	覃	평	下平
澹	覃	평	下平
藫	覃	평	下平
蜬	覃	평	下平
苷	覃	평	下平
甝	覃	평	下平
酖	覃	평	下平
蘫	覃	평	下平
歛	覃	평	下平
惏	覃	평	下平
憛	覃	평	下平
啽	覃	평	下平
臢	覃	평	下平
蕁	覃	평	下平
噡	覃	평	下平
莮	覃	평	下平
痷	覃	평	下平
喒	覃	평	下平
佄	覃	평	下平
儖	覃	평	下平
肣	覃	평	下平
嵅	覃	평	下平
淦	覃	평	下平
埮	覃	평	下平
礛	覃	평	下平
浛	覃	평	下平
鋡	覃	평	下平
萻	覃	평	下平
晗	覃	평	下平
橝	覃	평	下平
愖	覃	평	下平
炶	覃	평	下平
姏	覃	평	下平
汵	覃	평	下平
鐕	覃	평	下平
瞫	覃	평	下平
闇	覃	평	下平
撍	覃	평	下平
儑	覃	평	下平
弎	覃	평	下平
葻	覃	평	下平
媣	覃	평	下平
醈	覃	평	下平
娢	覃	평	下平
嬠	覃	평	下平
顃	覃	평	下平
壜	覃	평	下平
雸	覃	평	下平
嘾	覃	평	下平
玵	覃	평	下平
筨	覃	평	下平
笒	覃	평	下平
厽	覃	평	下平
馠	覃	평	下平
謲	覃	평	下平
撖	覃	평	下平
聸	覃	평	下平
暔	覃	평	下平
犙	覃	평	下平
頕	覃	평	下平
瓭	覃	평	下平
畘	覃	평	下平
裺	覃	평	下平
鄵	覃	평	下平
萳	覃	평	下平
婒	覃	평	下平
韾	覃	평	下平
欿	覃	평	下平
懢	覃	평	下平
璼	覃	평	下平
腩	覃	평	下平
頜	覃	평	下平
緂	覃	평	下平
梒	覃	평	下平
鳹	覃	평	下平
灆	覃	평	下平
䳺	覃	평	下平
䤴	覃	평	下平
㟏	覃	평	下平
䈄	覃	평	下平
㴂	覃	평	下平
㘱	覃	평	下平
䊻	覃	평	下平
䣻	覃	평	下平
㽎	覃	평	下平
䉡	覃	평	下平
㼨	覃	평	下平
㰫	覃	평	下平
㤷	覃	평	下平
㚮	覃	평	下平
㓓	覃	평	下平
䣟	覃	평	下平
䌠	覃	평	下平
㞩	覃	평	下平
䟃	覃	평	下平
㳩	覃	평	下平
䐶	覃	평	下平
䨄	覃	평	下平
䜙	覃	평	下平
㜞	覃	평	下平
㤌	覃	평	下平
䨬	覃	평	下平
䥁	覃	평	下平
㖤	覃	평	下平
㴷	覃	평	下平
㽑	覃	평	下平
䳻	覃	평	下平
䶃	覃	평	下平
㑣	覃	평	下平
䅖	覃	평	下平
㶰	覃	평	下平
䑙	覃	평	下平
䆾	覃	평	下平
䗝	覃	평	下平
䗞	覃	평	下平
㘛	覃	평	下平
䘶	覃	평	下平
㵅	覃	평	下平
㓧	覃	평	下平
㽍	覃	평	下平
㛺	覃	평	下平
䵇	覃	평	下平
䰐	覃	평	下平
㨻	覃	평	下平
㷋	覃	평	下平
䎏	覃	평	下平
䇞	覃	평	下平
䆱	覃	평	下平
䫮	覃	평	下平
䜖	覃	평	下平
𧽼	覃	평	下平
𩈣	覃	평	下平
𨝸	覃	평	下平
𡪶	覃	평	下平
𧮳	覃	평	下平
𥰨	覃	평	下平
𣵷	覃	평	下平
𢪈	覃	평	下平
𤯌	覃	평	下平
𧂇	覃	평	下平
𡡖	覃	평	下平
𩑟	覃	평	下平
𩔞	覃	평	下平
𩈻	覃	평	下平
𡖓	覃	평	下平
𠿑	覃	평	下平
簾	鹽	평	下平
簷	鹽	평	下平
添	鹽	평	下平
纖	鹽	평	下平
尖	鹽	평	下平
嫌	鹽	평	下平
鹽	鹽	평	下平
塩	鹽	평	下平
嚴	鹽	평	下平
兼	鹽	평	下平
廉	鹽	평	下平
甜	鹽	평	下平
髯	鹽	평	下平
髥	鹽	평	下平
炎	鹽	평	下平
蟾	鹽	평	下平
潛	鹽	평	下平
潜	鹽	평	下平
瞻	鹽	평	下平
淹	鹽	평	下平
奩	鹽	평	下平
拈	鹽	평	下平
簽	鹽	평	下平
占	鹽	평	下平
厭	鹽	평	下平
沾	鹽	평	下平
恬	鹽	평	下平
霑	鹽	평	下平
籤	鹽	평	下平
縑	鹽	평	下平
黏	鹽	평	下平
閻	鹽	평	下平
鉗	鹽	평	下平
謙	鹽	평	下平
銛	鹽	평	下平
鐮	鹽	평	下平
鎌	鹽	평	下平
粘	鹽	평	下平
殲	鹽	평	下平
懨	鹽	평	下平
忺	鹽	평	下平
鈐	鹽	평	下平
黔	鹽	평	下平
砭	鹽	평	下平
襜	鹽	평	下平
覘	鹽	평	下平
漸	鹽	평	下平
鶼	鹽	평	下平
幨	鹽	평	下平
暹	鹽	평	下平
詹	鹽	평	下平
僉	鹽	평	下平
憸	鹽	평	下平
饜	鹽	평	下平
崦	鹽	평	下平
鯰	鹽	평	下平
蒹	鹽	평	下平
苫	鹽	평	下平
痁	鹽	평	下平
熸	鹽	평	下平
燖	鹽	평	下平
閹	鹽	평	下平
醃	鹽	평	下平
撏	鹽	평	下平
櫩	鹽	평	下平
阽	鹽	평	下平
噞	鹽	평	下平
蚺	鹽	평	下平
蔪	鹽	평	下平
濂	鹽	평	下平
爓	鹽	평	下平
枮	鹽	평	下平
瀸	鹽	평	下平
譫	鹽	평	下平
灊	鹽	평	下平
磏	鹽	평	下平
奄	鹽	평	下平
鬵	鹽	평	下平
綅	鹽	평	下平
湉	鹽	평	下平
鬑	鹽	평	下平
惉	鹽	평	下平
蘞	鹽	평	下平
楠	鹽	평	下平
餂	鹽	평	下平
襝	鹽	평	下平
佔	鹽	평	下平
針	鹽	평	下平
鍼	鹽	평	下平
槧	鹽	평	下平
掂	鹽	평	下平
櫼	鹽	평	下平
呥	鹽	평	下平
稴	鹽	평	下平
蠊	鹽	평	下平
棎	鹽	평	下平
鑯	鹽	평	下平
譣	鹽	평	下平
孅	鹽	평	下平
鋟	鹽	평	下平
臁	鹽	평	下平
詀	鹽	평	下平
鍁	鹽	평	下平
蛅	鹽	평	下平
憛	鹽	평	下平
笘	鹽	평	下平
襳	鹽	평	下平
嵰	鹽	평	下平
韱	鹽	평	下平
讝	鹽	평	下平
薝	鹽	평	下平
燂	鹽	평	下平
熑	鹽	평	下平
敁	鹽	평	下平
壛	鹽	평	下平
搛	鹽	평	下平
劆	鹽	평	下平
菾	鹽	평	下平
薕	鹽	평	下平
杴	鹽	평	下平
黇	鹽	평	下平
扲	鹽	평	下平
岒	鹽	평	下平
鐱	鹽	평	下平
妗	鹽	평	下平
嬐	鹽	평	下平
誗	鹽	평	下平
玪	鹽	평	下平
堿	鹽	평	下平
閆	鹽	평	下平
鋑	鹽	평	下平
袩	鹽	평	下平
槏	鹽	평	下平
讇	鹽	평	下平
酟	鹽	평	下平
鰜	鹽	평	下平
仱	鹽	평	下平
嶦	鹽	평	下平
殗	鹽	평	下平
檶	鹽	평	下平
溓	鹽	평	下平
秥	鹽	평	下平
膁	鹽	평	下平
舚	鹽	평	下平
虃	鹽	평	下平
諚	鹽	평	下平
顃	鹽	평	下平
蚙	鹽	평	下平
厃	鹽	평	下平
閚	鹽	평	下平
螹	鹽	평	下平
硽	鹽	평	下平
鳹	鹽	평	下平
螊	鹽	평	下平
撍	鹽	평	下平
釤	鹽	평	下平
偣	鹽	평	下平
馦	鹽	평	下平
胋	鹽	평	下平
耹	鹽	평	下平
婖	鹽	평	下平
冿	鹽	평	下平
嬚	鹽	평	下平
幓	鹽	평	下平
鋓	鹽	평	下平
煘	鹽	평	下平
覝	鹽	평	下平
慊	鹽	평	下平
噡	鹽	평	下平
忴	鹽	평	下平
黚	鹽	평	下平
彡	鹽	평	下平
衻	鹽	평	下平
瘎	鹽	평	下平
䛁	鹽	평	下平
䫇	鹽	평	下平
㡘	鹽	평	下平
䆎	鹽	평	下平
䵌	鹽	평	下平
㽐	鹽	평	下平
䯹	鹽	평	下平
㶣	鹽	평	下平
㷿	鹽	평	下平
㝺	鹽	평	下平
䘂	鹽	평	下平
䘋	鹽	평	下平
䪜	鹽	평	下平
㤿	鹽	평	下平
䦓	鹽	평	下平
㡨	鹽	평	下平
䏦	鹽	평	下平
㶄	鹽	평	下平
䬯	鹽	평	下平
䁠	鹽	평	下平
䈤	鹽	평	下平
㬲	鹽	평	下平
㿕	鹽	평	下平
䕭	鹽	평	下平
䋬	鹽	평	下平
䆂	鹽	평	下平
㿌	鹽	평	下平
䊱	鹽	평	下平
䯭	鹽	평	下平
㔐	鹽	평	下平
㲯	鹽	평	下平
䅧	鹽	평	下平
㾾	鹽	평	下平
䉷	鹽	평	下平
㦰	鹽	평	下平
㺤	鹽	평	下平
㰊	鹽	평	下平
㼓	鹽	평	下平
䑎	鹽	평	下平
䑚	鹽	평	下平
𤎥	鹽	평	下平
𪚮	鹽	평	下平
𡝫	鹽	평	下平
𩏩	鹽	평	下平
𨦄	鹽	평	下平
𩃢	鹽	평	下平
𢋔	鹽	평	下平
𧚊	鹽	평	下平
𩆧	鹽	평	下平
岩	咸	평	下平
巖	咸	평	下平
嵒	咸	평	下平
巗	咸	평	下平
衫	咸	평	下平
帆	咸	평	下平
銜	咸	평	下平
凡	咸	평	下平
緘	咸	평	下平
杉	咸	평	下平
咸	咸	평	下平
醎	咸	평	下平
函	咸	평	下平
凾	咸	평	下平
喃	咸	평	下平
芟	咸	평	下平
饞	咸	평	下平
讒	咸	평	下平
鹹	咸	평	下平
鑱	咸	평	下平
監	咸	평	下平
嵌	咸	평	下平
巉	咸	평	下平
劖	咸	평	下平
攙	咸	평	下平
摻	咸	평	下平
嚴	咸	평	下平
諴	咸	평	下平
椷	咸	평	下平
嵓	咸	평	下平
衘	咸	평	下平
欃	咸	평	下平
縿	咸	평	下平
鵮	咸	평	下平
碞	咸	평	下平
嶄	咸	평	下平
毚	咸	평	下平
攕	咸	평	下平
黬	咸	평	下平
髟	咸	평	下平
儳	咸	평	下平
嚵	咸	평	下平
瑊	咸	평	下平
彡	咸	평	下平
獑	咸	평	下平
杴	咸	평	下平
穇	咸	평	下平
渢	咸	평	下平
羬	咸	평	下平
艬	咸	평	下平
站	咸	평	下平
黯	咸	평	下平
詀	咸	평	下平
鍁	咸	평	下平
櫼	咸	평	下平
嘇	咸	평	下平
幓	咸	평	下平
礛	咸	평	下平
輱	咸	평	下平
崡	咸	평	下平
柉	咸	평	下平
厱	咸	평	下平
尷	咸	평	下平
稴	咸	평	下平
礹	咸	평	下平
覱	咸	평	下平
揞	咸	평	下平
趈	咸	평	下平
甉	咸	평	下平
譀	咸	평	下平
膁	咸	평	下平
鏩	咸	평	下平
葴	咸	평	下平
鰜	咸	평	下平
杋	咸	평	下平
淊	咸	평	下平
釤	咸	평	下平
玪	咸	평	下平
酁	咸	평	下平
螊	咸	평	下平
舤	咸	평	下平
鰔	咸	평	下平
麣	咸	평	下平
溓	咸	평	下平
䟰	咸	평	下平
䉷	咸	평	下平
㴀	咸	평	下平
㺥	咸	평	下平
䫡	咸	평	下平
䩂	咸	평	下平
䖗	咸	평	下平
㛾	咸	평	下平
䤫	咸	평	下平
䧯	咸	평	下平
㩥	咸	평	下平
㢛	咸	평	下平
䂁	咸	평	下平
䀐	咸	평	下平
䪌	咸	평	下平
㘙	咸	평	下平
㮭	咸	평	下平
㔆	咸	평	下平
䩇	咸	평	下平
㔋	咸	평	下平
䭵	咸	평	下平
䶨	咸	평	下平
䜛	咸	평	下平
䶠	咸	평	下平
䑺	咸	평	下平
䒦	咸	평	下平
䲗	咸	평	下平
䕔	咸	평	下平
㘅	咸	평	下平
㰹	咸	평	下平
𧍧	咸	평	下平
𩆷	咸	평	下平
𪒹	咸	평	下平
𥻧	咸	평	下平
𥌈	咸	평	下平
𩌰	咸	평	下平
𪅎	咸	평	下平
𩃔	咸	평	下平
𪖎	咸	평	下平
孔	董	측	上
董	董	측	上
籠	董	측	上
總	董	측	上
滃	董	측	上
懂	董	측	上
蠓	董	측	上
桶	董	측	上
澒	董	측	上
琫	董	측	上
蓊	董	측	上
菶	董	측	上
垌	董	측	上
幪	董	측	上
攏	董	측	上
塕	董	측	上
動	董	측	上
硐	董	측	上
唪	董	측	上
洞	董	측	上
汞	董	측	上
挏	董	측	上
嵷	董	측	上
捅	董	측	上
埲	董	측	上
暡	董	측	上
墥	董	측	上
曚	董	측	上
空	董	측	上
縱	董	측	上
統	董	측	上
懵	董	측	上
蝀	董	측	上
侗	董	측	上
巃	董	측	上
儱	董	측	上
蕫	董	측	上
揔	董	측	上
眮	董	측	上
聬	董	측	上
晎	董	측	上
檧	董	측	上
瞈	董	측	上
嵡	董	측	上
竉	董	측	上
勜	董	측	上
詷	董	측	上
倥	董	측	上
徿	董	측	上
嬞	董	측	上
鬷	董	측	上
鸗	董	측	上
勭	董	측	上
蓯	董	측	上
嗊	董	측	上
諌	董	측	上
龓	董	측	上
箽	董	측	上
庬	董	측	上
棇	董	측	上
憁	董	측	上
姛	董	측	上
熢	董	측	上
槦	董	측	上
莑	董	측	上
悾	董	측	上
愩	董	측	上
郺	董	측	上
琣	董	측	上
翪	董	측	上
鸏	董	측	上
傯	董	측	上
懜	董	측	上
銾	董	측	上
玤	董	측	上
愡	董	측	上
繱	董	측	上
嗡	董	측	上
漨	董	측	上
䩬	董	측	上
䉥	董	측	上
䐥	董	측	上
䭰	董	측	上
㖦	董	측	上
㷯	董	측	上
䵜	董	측	上
㳆	董	측	上
㢔	董	측	上
䞒	董	측	上
㨂	董	측	上
㹅	董	측	上
䵔	董	측	上
㪌	董	측	上
㴳	董	측	上
䋽	董	측	上
䳞	董	측	上
㬴	董	측	上
㣚	董	측	上
㛚	董	측	上
㶹	董	측	上
䡁	董	측	上
䂢	董	측	上
㷓	董	측	上
䀧	董	측	上
𩮰	董	측	上
𩑚	董	측	上
𥀂	董	측	上
𧟅	董	측	上
𥡥	董	측	上
𢤱	董	측	上
寵	腫	측	上
塚	腫	측	上
冢	腫	측	上
湧	腫	측	上
涌	腫	측	上
勇	腫	측	上
擁	腫	측	上
聳	腫	측	上
隴	腫	측	上
壟	腫	측	上
壠	腫	측	上
拱	腫	측	上
踵	腫	측	上
冗	腫	측	上
捧	腫	측	上
竦	腫	측	上
腫	腫	측	上
踴	腫	측	上
悚	腫	측	上
洶	腫	측	上
重	腫	측	上
栱	腫	측	上
種	腫	측	上
鞏	腫	측	上
蛹	腫	측	上
茸	腫	측	上
恐	腫	측	上
俑	腫	측	上
氄	腫	측	上
珙	腫	측	上
壅	腫	측	上
恿	腫	측	上
甬	腫	측	上
奉	腫	측	上
覂	腫	측	上
尰	腫	측	上
溶	腫	측	上
拲	腫	측	上
蛬	腫	측	上
蛩	腫	측	上
湩	腫	측	上
詾	腫	측	上
嵷	腫	측	上
傱	腫	측	上
軵	腫	측	上
愯	腫	측	上
恟	腫	측	上
駷	腫	측	上
淎	腫	측	上
慫	腫	측	上
跫	腫	측	上
蓯	腫	측	上
躘	腫	측	上
輁	腫	측	上
臃	腫	측	上
塎	腫	측	上
埫	腫	측	上
嵱	腫	측	上
坈	腫	측	上
鮦	腫	측	上
悀	腫	측	上
傛	腫	측	上
喠	腫	측	上
捒	腫	측	上
愑	腫	측	上
煄	腫	측	上
漎	腫	측	上
搈	腫	측	上
傇	腫	측	上
硧	腫	측	上
鰫	腫	측	上
衶	腫	측	上
筩	腫	측	上
媑	腫	측	上
穁	腫	측	上
埇	腫	측	上
縙	腫	측	上
搑	腫	측	上
彮	腫	측	上
䢆	腫	측	上
䢇	腫	측	上
㩳	腫	측	上
䙕	腫	측	上
㤟	腫	측	上
㲝	腫	측	上
䩸	腫	측	上
㧬	腫	측	上
㤨	腫	측	上
㣫	腫	측	上
䞻	腫	측	上
䂬	腫	측	上
㨣	腫	측	上
䟪	腫	측	上
㷏	腫	측	上
㡖	腫	측	上
㭟	腫	측	上
䱋	腫	측	上
㓋	腫	측	上
䘴	腫	측	上
㕳	腫	측	上
㺬	腫	측	上
㙙	腫	측	上
㦷	腫	측	上
㦶	腫	측	上
𢥠	腫	측	上
𣯍	腫	측	上
𧜈	腫	측	上
𢝆	腫	측	上
𦦧	腫	측	上
𤮪	腫	측	上
講	講	측	上
港	講	측	上
項	講	측	上
蚌	講	측	上
缿	講	측	上
傋	講	측	上
棒	講	측	上
耩	講	측	上
硥	講	측	上
夯	講	측	上
漎	講	측	上
稖	講	측	上
顜	講	측	上
玤	講	측	上
慃	講	측	上
庬	講	측	上
勜	講	측	上
䎧	講	측	上
䂜	講	측	上
䰷	講	측	上
䬕	講	측	上
㭋	講	측	上
䖫	講	측	上
䐟	講	측	上
䁰	講	측	上
𢗒	講	측	上
𪁒	講	측	上
水	紙	측	上
子	紙	측	上
起	紙	측	上
士	紙	측	上
此	紙	측	上
死	紙	측	上
喜	紙	측	上
耳	紙	측	上
理	紙	측	上
美	紙	측	上
市	紙	측	上
矣	紙	측	上
是	紙	측	上
史	紙	측	上
爾	紙	측	上
尒	紙	측	上
尔	紙	측	上
止	紙	측	上
李	紙	측	上
己	紙	측	上
紫	紙	측	上
指	紙	측	上
里	紙	측	上
履	紙	측	上
齒	紙	측	上
紙	紙	측	上
紀	紙	측	上
綺	紙	측	上
氏	紙	측	上
蕊	紙	측	上
蘂	紙	측	上
蕋	紙	측	上
旨	紙	측	上
壘	紙	측	上
恥	紙	측	上
祀	紙	측	上
擬	紙	측	上
髓	紙	측	上
靡	紙	측	上
恃	紙	측	上
滓	紙	측	上
軌	紙	측	上
鯉	紙	측	上
毀	紙	측	上
毁	紙	측	上
譭	紙	측	上
裏	紙	측	上
鄙	紙	측	上
駛	紙	측	上
矢	紙	측	上
已	紙	측	上
仕	紙	측	上
峙	紙	측	上
趾	紙	측	上
邇	紙	측	上
徙	紙	측	上
梓	紙	측	上
委	紙	측	上
芷	紙	측	上
雉	紙	측	上
涘	紙	측	上
豕	紙	측	上
始	紙	측	上
以	紙	측	上
址	紙	측	上
砥	紙	측	上
几	紙	측	上
咫	紙	측	上
沚	紙	측	上
俟	紙	측	上
竢	紙	측	上
妓	紙	측	上
詭	紙	측	上
晷	紙	측	上
侈	紙	측	上
杞	紙	측	上
巳	紙	측	上
似	紙	측	上
兕	紙	측	上
比	紙	측	上
婢	紙	측	上
彼	紙	측	上
倚	紙	측	上
圮	紙	측	上
姊	紙	측	上
旎	紙	측	上
耜	紙	측	上
祉	紙	측	上
弛	紙	측	上
徵	紙	측	上
嘴	紙	측	上
弭	紙	측	上
豸	紙	측	上
艤	紙	측	上
璽	紙	측	上
秕	紙	측	上
箠	紙	측	上
苡	紙	측	上
枳	紙	측	上
觜	紙	측	上
泚	紙	측	上
視	紙	측	上
眡	紙	측	上
蟻	紙	측	上
使	紙	측	上
跪	紙	측	上
汜	紙	측	上
邐	紙	측	上
你	紙	측	上
匕	紙	측	上
誄	紙	측	上
戺	紙	측	上
揆	紙	측	上
否	紙	측	上
畤	紙	측	上
鬼	紙	측	上
燬	紙	측	上
痏	紙	측	上
簋	紙	측	上
唯	紙	측	上
癸	紙	측	上
俚	紙	측	上
屣	紙	측	上
姒	紙	측	上
藟	紙	측	上
薿	紙	측	上
屺	紙	측	上
只	紙	측	上
宄	紙	측	上
駬	紙	측	上
迤	紙	측	上
迆	紙	측	上
芑	紙	측	上
薾	紙	측	上
訾	紙	측	上
裡	紙	측	上
阯	紙	측	上
瀰	紙	측	上
捶	紙	측	上
柅	紙	측	上
洧	紙	측	上
蘤	紙	측	上
枲	紙	측	上
鮪	紙	측	上
匭	紙	측	上
舐	紙	측	上
跬	紙	측	上
耔	紙	측	上
累	紙	측	上
纍	紙	측	上
棰	紙	측	上
骳	紙	측	上
技	紙	측	上
褫	紙	측	上
痞	紙	측	上
妣	紙	측	上
跽	紙	측	上
麂	紙	측	上
笫	紙	측	上
嚭	紙	측	上
庋	紙	측	上
巂	紙	측	上
被	紙	측	上
揣	紙	측	上
椅	紙	측	上
崺	紙	측	上
企	紙	측	上
秭	紙	측	上
痔	紙	측	上
纚	紙	측	上
機	紙	측	上
彌	紙	측	上
跱	紙	측	上
髀	紙	측	上
諟	紙	측	上
庀	紙	측	上
餌	紙	측	上
萎	紙	측	上
珥	紙	측	上
扆	紙	측	上
儗	紙	측	上
疻	紙	측	上
蓰	紙	측	上
苢	紙	측	上
仔	紙	측	上
樏	紙	측	上
抵	紙	측	上
厎	紙	측	上
骫	紙	측	上
酏	紙	측	上
胏	紙	측	上
橤	紙	측	上
屎	紙	측	上
佹	紙	측	上
籽	紙	측	上
壝	紙	측	上
縰	紙	측	上
偫	紙	측	上
娌	紙	측	上
峞	紙	측	上
礒	紙	측	上
跂	紙	측	上
葸	紙	측	上
釃	紙	측	上
憙	紙	측	上
佁	紙	측	上
蔿	紙	측	上
黹	紙	측	上
嶬	紙	측	上
漇	紙	측	上
葈	紙	측	上
瀡	紙	측	上
渼	紙	측	上
羋	紙	측	上
掎	紙	측	上
俾	紙	측	上
敉	紙	측	上
垝	紙	측	上
佌	紙	측	上
旖	紙	측	上
錡	紙	측	上
頍	紙	측	上
氿	紙	측	上
蟢	紙	측	上
您	紙	측	上
狔	紙	측	上
梩	紙	측	上
歭	紙	측	上
嶉	紙	측	上
舓	紙	측	上
踦	紙	측	上
攺	紙	측	上
俿	紙	측	上
庤	紙	측	上
躧	紙	측	上
跐	紙	측	上
軹	紙	측	上
咪	紙	측	上
剞	紙	측	上
齮	紙	측	上
呰	紙	측	上
杝	紙	측	上
蹝	紙	측	上
洱	紙	측	上
鸓	紙	측	上
骪	紙	측	上
咩	紙	측	上
庪	紙	측	上
繠	紙	측	上
姼	紙	측	上
毇	紙	측	上
趡	紙	측	上
讄	紙	측	上
栮	紙	측	上
哆	紙	측	上
傂	紙	측	上
峛	紙	측	上
啚	紙	측	上
坻	紙	측	上
庳	紙	측	上
薳	紙	측	上
馜	紙	측	上
坁	紙	측	上
恀	紙	측	上
垑	紙	측	上
恑	紙	측	上
蟡	紙	측	上
鞞	紙	측	上
唏	紙	측	上
傀	紙	측	上
匜	紙	측	上
吡	紙	측	上
姽	紙	측	上
鋅	紙	측	上
鞁	紙	측	上
扺	紙	측	上
哩	紙	측	上
啙	紙	측	上
魮	紙	측	上
阤	紙	측	上
憘	紙	측	上
輢	紙	측	上
甤	紙	측	上
仳	紙	측	上
廌	紙	측	上
孴	紙	측	上
瀢	紙	측	上
硊	紙	측	上
檷	紙	측	上
吇	紙	측	上
諰	紙	측	上
矖	紙	측	上
崣	紙	측	上
孊	紙	측	上
伲	紙	측	上
疕	紙	측	上
虸	紙	측	上
抳	紙	측	上
觤	紙	측	上
秠	紙	측	上
柀	紙	측	上
湀	紙	측	上
厽	紙	측	上
寪	紙	측	上
雟	紙	측	上
諀	紙	측	上
羠	紙	측	上
洔	紙	측	上
朹	紙	측	上
婍	紙	측	上
嬟	紙	측	上
菙	紙	측	上
滍	紙	측	上
貏	紙	측	上
杍	紙	측	上
攱	紙	측	上
灖	紙	측	上
蓶	紙	측	上
坭	紙	측	上
徥	紙	측	上
愢	紙	측	上
檓	紙	측	上
菧	紙	측	上
沇	紙	측	上
濔	紙	측	上
秄	紙	측	上
褆	紙	측	上
臎	紙	측	上
峲	紙	측	上
誃	紙	측	上
璻	紙	측	上
鈶	紙	측	上
卶	紙	측	上
鉹	紙	측	上
砋	紙	측	上
抁	紙	측	上
逘	紙	측	上
胣	紙	측	上
枇	紙	측	上
拸	紙	측	上
畾	紙	측	上
狧	紙	측	上
袲	紙	측	上
沝	紙	측	上
枾	紙	측	上
濢	紙	측	上
玼	紙	측	上
聛	紙	측	上
灅	紙	측	上
盀	紙	측	上
矷	紙	측	上
洈	紙	측	上
惿	紙	측	上
蛫	紙	측	上
譩	紙	측	上
袳	紙	측	上
妀	紙	측	上
欼	紙	측	上
弬	紙	측	上
鈻	紙	측	上
泤	紙	측	上
鈰	紙	측	上
崥	紙	측	上
腂	紙	측	上
敼	紙	측	上
祪	紙	측	上
娝	紙	측	上
劧	紙	측	上
芔	紙	측	上
朼	紙	측	上
嵄	紙	측	上
嶏	紙	측	上
飺	紙	측	上
皉	紙	측	上
虆	紙	측	上
抧	紙	측	上
孈	紙	측	上
吱	紙	측	上
唩	紙	측	上
惢	紙	측	上
聻	紙	측	上
鉃	紙	측	上
芓	紙	측	上
釲	紙	측	上
沘	紙	측	上
骩	紙	측	上
儰	紙	측	上
氐	紙	측	上
煃	紙	측	上
葞	紙	측	上
踓	紙	측	上
悝	紙	측	上
搋	紙	측	上
佊	紙	측	上
杫	紙	측	上
芛	紙	측	上
嶰	紙	측	上
巋	紙	측	上
噽	紙	측	上
懝	紙	측	上
秲	紙	측	上
噧	紙	측	上
訨	紙	측	上
諈	紙	측	上
鉂	紙	측	上
笖	紙	측	上
暿	紙	측	上
徛	紙	측	上
邔	紙	측	上
椯	紙	측	上
蚔	紙	측	上
撱	紙	측	上
淽	紙	측	上
崼	紙	측	上
鈮	紙	측	上
噿	紙	측	上
瓕	紙	측	上
渳	紙	측	上
猚	紙	측	上
鄬	紙	측	上
厬	紙	측	上
鴲	紙	측	上
藢	紙	측	上
奀	紙	측	上
攦	紙	측	上
娰	紙	측	上
鈘	紙	측	上
釨	紙	측	上
裿	紙	측	上
峐	紙	측	上
羛	紙	측	上
騃	紙	측	上
䃣	紙	측	上
䗁	紙	측	上
㞦	紙	측	上
䚹	紙	측	上
䉂	紙	측	上
㱟	紙	측	上
㷐	紙	측	上
㠯	紙	측	上
䤥	紙	측	上
㖐	紙	측	上
䰙	紙	측	上
㞔	紙	측	上
㢋	紙	측	上
䃾	紙	측	上
䂠	紙	측	上
䍯	紙	측	上
㶴	紙	측	上
䃽	紙	측	上
㕜	紙	측	上
䋙	紙	측	上
㢮	紙	측	上
䄎	紙	측	上
䠑	紙	측	上
㓼	紙	측	上
㔳	紙	측	上
㪜	紙	측	上
䛼	紙	측	上
䢎	紙	측	上
䂡	紙	측	上
䤏	紙	측	上
䅩	紙	측	上
㿂	紙	측	上
㾖	紙	측	上
㥴	紙	측	上
䔺	紙	측	上
䧽	紙	측	上
䧉	紙	측	上
䛗	紙	측	上
䭲	紙	측	上
䏢	紙	측	上
㚓	紙	측	上
䣥	紙	측	上
䴎	紙	측	上
䣀	紙	측	上
㲛	紙	측	上
䠋	紙	측	上
㫊	紙	측	上
㹝	紙	측	上
䞨	紙	측	上
㺭	紙	측	上
䏡	紙	측	上
䍴	紙	측	上
䤆	紙	측	上
䇃	紙	측	上
䦻	紙	측	上
䒨	紙	측	上
㫑	紙	측	上
䛏	紙	측	上
㥨	紙	측	上
㕽	紙	측	上
䘣	紙	측	上
䚦	紙	측	上
㜽	紙	측	上
㸻	紙	측	上
䝐	紙	측	上
㞛	紙	측	上
䔂	紙	측	上
㸚	紙	측	上
㞆	紙	측	上
㜫	紙	측	上
㠱	紙	측	上
䚟	紙	측	上
㾅	紙	측	上
䭉	紙	측	上
㧪	紙	측	上
䘦	紙	측	上
䇛	紙	측	上
㙼	紙	측	上
䚞	紙	측	上
䭧	紙	측	上
䧧	紙	측	上
㡶	紙	측	上
㷃	紙	측	上
䎣	紙	측	上
㰝	紙	측	上
㱀	紙	측	上
㲹	紙	측	上
䒻	紙	측	上
䘡	紙	측	上
䵋	紙	측	上
䳅	紙	측	上
䟖	紙	측	上
䢄	紙	측	上
㭒	紙	측	上
㠲	紙	측	上
䝰	紙	측	上
㩓	紙	측	上
㣥	紙	측	上
䈧	紙	측	上
㞨	紙	측	上
䊓	紙	측	上
㨊	紙	측	上
䐯	紙	측	上
㧗	紙	측	上
㠖	紙	측	上
㹬	紙	측	上
㸵	紙	측	上
䢳	紙	측	上
㚡	紙	측	上
䛶	紙	측	上
㧡	紙	측	上
䟗	紙	측	上
㚶	紙	측	上
㠧	紙	측	上
䤚	紙	측	上
䓈	紙	측	上
䊼	紙	측	上
䦵	紙	측	上
㵦	紙	측	上
䉝	紙	측	上
𡾊	紙	측	上
𨓦	紙	측	上
𪊨	紙	측	上
𩬺	紙	측	上
𧰲	紙	측	上
𠲿	紙	측	上
𤼒	紙	측	上
𢊁	紙	측	上
𠪙	紙	측	上
𠷏	紙	측	上
𡺮	紙	측	上
𩌦	紙	측	上
𩎉	紙	측	上
𤡧	紙	측	上
𥯲	紙	측	上
𡧭	紙	측	上
𩕲	紙	측	上
𢇌	紙	측	上
𦸣	紙	측	上
𦳊	紙	측	上
𡳨	紙	측	上
𦢿	紙	측	上
𤜣	紙	측	上
𤡪	紙	측	上
尾	尾	측	上
偉	尾	측	上
葦	尾	측	上
亹	尾	측	上
篚	尾	측	上
虺	尾	측	上
斐	尾	측	上
娓	尾	측	上
煒	尾	측	上
韡	尾	측	上
韙	尾	측	上
悱	尾	측	上
瑋	尾	측	上
幾	尾	측	上
顗	尾	측	上
鬼	尾	측	上
匪	尾	측	上
卉	尾	측	上
豨	尾	측	上
棐	尾	측	上
榧	尾	측	上
蟻	尾	측	上
朏	尾	측	上
蟣	尾	측	上
菲	尾	측	上
浘	尾	측	上
偯	尾	측	上
颹	尾	측	上
霼	尾	측	上
豈	尾	측	上
誹	尾	측	上
扆	尾	측	上
唏	尾	측	上
蜚	尾	측	上
蜰	尾	측	上
蘬	尾	측	上
餥	尾	측	上
庡	尾	측	上
魕	尾	측	上
愇	尾	측	上
泋	尾	측	上
膹	尾	측	上
韑	尾	측	上
媁	尾	측	上
梶	尾	측	上
鍏	尾	측	上
陫	尾	측	上
徫	尾	측	上
喡	尾	측	上
荱	尾	측	上
奜	尾	측	上
椲	尾	측	上
蕜	尾	측	上
䔇	尾	측	上
䤵	尾	측	上
䞔	尾	측	上
㬙	尾	측	上
䬿	尾	측	上
䅏	尾	측	上
䒈	尾	측	上
㕈	尾	측	上
䕁	尾	측	上
㥱	尾	측	上
䪘	尾	측	上
䍷	尾	측	上
㠕	尾	측	上
㞑	尾	측	上
㹃	尾	측	上
䇻	尾	측	上
𤈦	尾	측	上
𩘚	尾	측	上
𧕿	尾	측	上
許	語	측	上
侶	語	측	上
暑	語	측	上
渚	語	측	上
陼	語	측	上
舉	語	측	上
擧	語	측	上
所	語	측	上
汝	語	측	上
旅	語	측	上
緒	語	측	上
緖	語	측	上
阻	語	측	上
序	語	측	上
黍	語	측	上
鼠	語	측	上
佇	語	측	上
俎	語	측	上
嶼	語	측	上
煮	語	측	上
煑	語	측	上
墅	語	측	上
杵	語	측	上
呂	語	측	上
語	語	측	上
炬	語	측	上
杼	語	측	上
醑	語	측	上
雨	語	측	上
處	語	측	上
拒	語	측	上
禦	語	측	上
去	語	측	上
貯	語	측	上
楮	語	측	上
苧	語	측	上
紵	語	측	上
礎	語	측	上
漵	語	측	上
敘	語	측	上
叙	語	측	上
敍	語	측	上
齬	語	측	上
距	語	측	上
膂	語	측	上
予	語	측	上
籞	語	측	上
與	語	측	上
女	語	측	上
筥	語	측	上
圉	語	측	上
圄	語	측	上
楚	語	측	上
簴	語	측	上
巨	語	측	上
羜	語	측	上
钜	語	측	上
褚	語	측	上
咀	語	측	上
抒	語	측	上
鱮	語	측	上
寧	語	측	上
宁	語	측	上
寜	語	측	上
寍	語	측	上
苣	語	측	上
糈	語	측	上
莒	語	측	上
弆	語	측	上
敔	語	측	上
虡	語	측	上
梠	語	측	上
湑	語	측	上
籹	語	측	上
芧	語	측	上
秬	語	측	上
駏	語	측	上
篽	語	측	上
穭	語	측	上
著	語	측	上
跙	語	측	上
諝	語	측	上
櫸	語	측	上
鋙	語	측	上
癙	語	측	上
岨	語	측	上
櫃	語	측	上
茹	語	측	上
岠	語	측	上
峿	語	측	上
濋	語	측	上
濘	語	측	上
沮	語	측	上
紓	語	측	上
儢	語	측	上
稰	語	측	上
眝	語	측	上
蓹	語	측	上
汿	語	측	上
潻	語	측	上
怇	語	측	上
鼁	語	측	上
作	語	측	上
詝	語	측	上
歫	語	측	上
詎	語	측	上
齟	語	측	上
鐻	語	측	上
齼	語	측	上
歟	語	측	上
詓	語	측	上
椇	語	측	上
蚷	語	측	上
粔	語	측	上
洰	語	측	上
魣	語	측	上
瞘	語	측	上
肗	語	측	上
鉏	語	측	上
耟	語	측	上
紶	語	측	上
怵	語	측	上
垿	語	측	上
盨	語	측	上
螶	語	측	上
銣	語	측	上
藇	語	측	上
絽	語	측	上
楀	語	측	上
袓	語	측	上
疋	語	측	上
苴	語	측	上
諿	語	측	上
麮	語	측	上
郘	語	측	上
坾	語	측	上
姖	語	측	上
檸	語	측	上
壴	語	측	上
豦	語	측	上
挔	語	측	上
衙	語	측	上
鮔	語	측	上
昛	語	측	上
胠	語	측	上
㷂	語	측	上
䢹	語	측	上
䠂	語	측	上
㛎	語	측	上
㲾	語	측	上
㦛	語	측	上
䔓	語	측	上
㘧	語	측	上
㪽	語	측	上
㭚	語	측	上
䝪	語	측	上
㤖	語	측	上
㾔	語	측	上
䰞	語	측	上
䃊	語	측	上
䇡	語	측	上
㐨	語	측	上
㞰	語	측	上
㜿	語	측	上
䙘	語	측	上
䦽	語	측	上
㿾	語	측	上
䘘	語	측	上
㒜	語	측	上
䘢	語	측	上
㵰	語	측	上
䥏	語	측	上
䶙	語	측	上
䍆	語	측	上
𧣒	語	측	上
𪓐	語	측	上
𥴧	語	측	上
𥰠	語	측	上
𧑓	語	측	上
𧽟	語	측	上
𥹼	語	측	上
古	麌	측	上
土	麌	측	上
舞	麌	측	上
主	麌	측	上
戶	麌	측	上
府	麌	측	上
虎	麌	측	上
乕	麌	측	上
鼓	麌	측	上
皷	麌	측	上
浦	麌	측	上
宇	麌	측	上
武	麌	측	上
補	麌	측	上
縷	麌	측	上
父	麌	측	上
午	麌	측	上
五	麌	측	上
譜	麌	측	上
睹	麌	측	上
覩	麌	측	上
乳	麌	측	上
塢	麌	측	上
斧	麌	측	上
魯	麌	측	上
堵	麌	측	上
伍	麌	측	上
祖	麌	측	上
甫	麌	측	上
虜	麌	측	上
取	麌	측	上
杜	麌	측	上
輔	麌	측	上
組	麌	측	上
雨	麌	측	上
鵡	麌	측	上
櫓	麌	측	上
麈	麌	측	上
腑	麌	측	上
嫵	麌	측	上
侮	麌	측	上
弩	麌	측	上
釜	麌	측	上
腐	麌	측	上
滸	麌	측	上
股	麌	측	上
撫	麌	측	上
禹	麌	측	上
否	麌	측	上
苦	麌	측	上
簿	麌	측	上
矩	麌	측	上
豎	麌	측	上
廡	麌	측	上
脯	麌	측	上
拄	麌	측	上
罟	麌	측	上
俯	麌	측	上
愈	麌	측	上
數	麌	측	上
姥	麌	측	上
母	麌	측	上
鹵	麌	측	上
吐	麌	측	上
庾	麌	측	上
扈	麌	측	上
莽	麌	측	上
莾	麌	측	上
詡	麌	측	上
瞽	麌	측	上
蠱	麌	측	上
羽	麌	측	上
圃	麌	측	上
普	麌	측	上
溥	麌	측	上
栩	麌	측	上
拊	麌	측	上
祜	麌	측	上
窶	麌	측	上
部	麌	측	上
賈	麌	측	上
畝	麌	측	上
畮	麌	측	上
亩	麌	측	上
畒	麌	측	上
畆	麌	측	上
怙	麌	측	上
肚	麌	측	上
下	麌	측	上
踽	麌	측	上
僂	麌	측	上
估	麌	측	上
聚	麌	측	上
賭	麌	측	上
窳	麌	측	上
詁	麌	측	上
怒	麌	측	上
岵	麌	측	上
牯	麌	측	上
盬	麌	측	上
黼	麌	측	上
努	麌	측	上
樹	麌	측	上
柱	麌	측	上
貐	麌	측	上
膴	麌	측	上
羖	麌	측	上
稌	麌	측	上
傴	麌	측	上
簠	麌	측	上
頫	麌	측	上
擄	麌	측	上
楛	麌	측	上
瑀	麌	측	上
甒	麌	측	上
憮	麌	측	上
煦	麌	측	上
粗	麌	측	上
喣	麌	측	上
剖	麌	측	上
仵	麌	측	上
滬	麌	측	上
寠	麌	측	上
拇	麌	측	上
琥	麌	측	上
褸	麌	측	上
酤	麌	측	上
瘉	麌	측	上
醹	麌	측	上
嶁	麌	측	上
珇	麌	측	上
俁	麌	측	上
瘐	麌	측	上
珷	麌	측	上
荰	麌	측	上
簄	麌	측	上
牡	麌	측	上
咻	麌	측	上
齲	麌	측	上
莆	麌	측	上
昈	麌	측	上
冔	麌	측	上
鄔	麌	측	上
鄠	麌	측	上
謱	麌	측	上
珝	麌	측	上
弣	麌	측	上
簍	麌	측	上
砮	麌	측	上
埡	麌	측	上
裋	麌	측	上
薣	麌	측	上
帍	麌	측	上
橆	麌	측	上
滏	麌	측	上
砫	麌	측	上
蔞	麌	측	上
祤	麌	측	上
瑦	麌	측	上
癒	麌	측	上
斔	麌	측	上
婁	麌	측	上
旿	麌	측	上
槴	麌	측	上
宔	麌	측	上
氌	麌	측	上
嵨	麌	측	上
楰	麌	측	上
媽	麌	측	上
鐪	麌	측	上
擼	麌	측	上
萀	麌	측	上
雇	麌	측	上
嚕	麌	측	上
炷	麌	측	上
鈷	麌	측	上
蒟	麌	측	上
嘸	麌	측	上
鳸	麌	측	上
捬	麌	측	上
偊	麌	측	上
郙	麌	측	上
竘	麌	측	上
噳	麌	측	上
枸	麌	측	上
麌	麌	측	上
蔰	麌	측	上
椇	麌	측	上
蚥	麌	측	上
婟	麌	측	上
蜅	麌	측	上
暏	麌	측	上
罜	麌	측	上
跓	麌	측	上
硵	麌	측	上
頨	麌	측	上
蝺	麌	측	上
萭	麌	측	上
靻	麌	측	上
敄	麌	측	上
洿	麌	측	上
抌	麌	측	上
蛡	麌	측	上
殕	麌	측	上
竬	麌	측	上
潕	麌	측	上
墲	麌	측	上
鯆	麌	측	上
貗	麌	측	上
觰	麌	측	上
匬	麌	측	上
滹	麌	측	上
剫	麌	측	上
丶	麌	측	上
慺	麌	측	上
聥	麌	측	上
倵	麌	측	上
溩	麌	측	上
誧	麌	측	上
瞴	麌	측	上
峔	麌	측	上
烳	麌	측	上
芏	麌	측	上
弖	麌	측	上
暊	麌	측	上
玝	麌	측	上
楀	麌	측	上
芐	麌	측	上
鷜	麌	측	上
鰸	麌	측	上
嵀	麌	측	上
躌	麌	측	上
靯	麌	측	上
陚	麌	측	上
樦	麌	측	上
寙	麌	측	上
蔖	麌	측	上
斞	麌	측	上
蓾	麌	측	上
秿	麌	측	上
鄅	麌	측	上
焸	麌	측	上
萮	麌	측	上
麆	麌	측	上
熓	麌	측	上
譕	麌	측	上
潽	麌	측	上
帾	麌	측	上
熩	麌	측	上
琽	麌	측	上
棝	麌	측	上
籔	麌	측	上
㺄	麌	측	上
㝢	麌	측	上
㼌	麌	측	上
䇢	麌	측	上
䥈	麌	측	上
䩉	麌	측	上
㦿	麌	측	上
㑄	麌	측	上
㕮	麌	측	上
㐅	麌	측	上
䲐	麌	측	上
䨒	麌	측	上
㙛	麌	측	上
䀾	麌	측	上
䪔	麌	측	上
㢚	麌	측	上
䨞	麌	측	上
㕆	麌	측	上
䅡	麌	측	上
㒁	麌	측	上
㙑	麌	측	上
㾈	麌	측	上
䀯	麌	측	上
㬳	麌	측	上
㡰	麌	측	上
䲧	麌	측	上
䣁	麌	측	上
䡧	麌	측	上
䁈	麌	측	上
㔪	麌	측	上
㔱	麌	측	上
䭸	麌	측	上
䶚	麌	측	上
䄔	麌	측	上
㲾	麌	측	上
䔃	麌	측	上
䒉	麌	측	上
㵭	麌	측	上
䅓	麌	측	上
䥘	麌	측	上
䋨	麌	측	上
䀇	麌	측	上
㵲	麌	측	上
䌗	麌	측	上
䇠	麌	측	上
䟼	麌	측	上
䧁	麌	측	上
㨭	麌	측	上
䗂	麌	측	上
䗄	麌	측	上
䛩	麌	측	上
䝂	麌	측	上
㒇	麌	측	上
䃖	麌	측	上
䯙	麌	측	上
㑯	麌	측	上
𤬪	麌	측	上
𠰍	麌	측	上
𢜮	麌	측	上
𥯶	麌	측	上
𡽂	麌	측	上
𦭯	麌	측	上
𧇈	麌	측	上
𡜂	麌	측	上
𧇿	麌	측	上
𠳲	麌	측	上
𪂾	麌	측	上
底	薺	측	上
禮	薺	측	上
體	薺	측	上
軆	薺	측	上
米	薺	측	上
啟	薺	측	上
啓	薺	측	上
唘	薺	측	上
启	薺	측	上
洗	薺	측	上
陛	薺	측	上
醴	薺	측	上
邸	薺	측	上
蠡	薺	측	上
薺	薺	측	上
悌	薺	측	上
眯	薺	측	上
禰	薺	측	上
棨	薺	측	上
抵	薺	측	上
澧	薺	측	上
觝	薺	측	上
牴	薺	측	上
弟	薺	측	上
泚	薺	측	上
詆	薺	측	上
癠	薺	측	上
鱭	薺	측	上
濟	薺	측	上
鱧	薺	측	上
鮆	薺	측	上
涕	薺	측	上
柢	薺	측	上
瀰	薺	측	上
遞	薺	측	上
綮	薺	측	上
苨	薺	측	上
徯	薺	측	上
髀	薺	측	上
齊	薺	측	上
泥	薺	측	上
緹	薺	측	上
坻	薺	측	上
盻	薺	측	上
欐	薺	측	上
啙	薺	측	上
謑	薺	측	上
醍	薺	측	上
鱺	薺	측	上
梐	薺	측	上
骶	薺	측	上
晲	薺	측	上
挮	薺	측	上
洣	薺	측	上
菧	薺	측	上
蔝	薺	측	上
阺	薺	측	上
呇	薺	측	上
袳	薺	측	上
玼	薺	측	上
娣	薺	측	上
媞	薺	측	上
鑈	薺	측	上
趆	薺	측	上
奃	薺	측	上
悂	薺	측	上
隬	薺	측	上
卟	薺	측	上
盠	薺	측	上
眫	薺	측	上
匸	薺	측	上
欚	薺	측	上
弤	薺	측	上
肶	薺	측	上
鑙	薺	측	上
聜	薺	측	上
泲	薺	측	上
蒵	薺	측	上
蜌	薺	측	上
軧	薺	측	上
抳	薺	측	上
晵	薺	측	上
掜	薺	측	上
觬	薺	측	上
濔	薺	측	上
璾	薺	측	上
劙	薺	측	上
䏶	薺	측	上
㡳	薺	측	上
䌡	薺	측	上
㭽	薺	측	上
䭬	薺	측	上
㼵	薺	측	上
䫌	薺	측	上
㝥	薺	측	上
䋛	薺	측	上
䕥	薺	측	上
䡔	薺	측	上
䑯	薺	측	上
䱊	薺	측	上
㙄	薺	측	上
䪆	薺	측	上
䰦	薺	측	上
㯇	薺	측	上
㪏	薺	측	上
㒅	薺	측	上
㪆	薺	측	上
䍤	薺	측	上
䯗	薺	측	上
䏿	薺	측	上
䢑	薺	측	上
䋜	薺	측	上
𦰫	薺	측	上
𣀷	薺	측	上
𩰞	薺	측	上
𩶆	薺	측	上
𤝬	薺	측	上
買	蟹	측	上
蟹	蟹	측	上
駭	蟹	측	上
解	蟹	측	上
澥	蟹	측	上
矮	蟹	측	上
灑	蟹	측	上
洒	蟹	측	上
擺	蟹	측	上
奶	蟹	측	上
楷	蟹	측	上
妳	蟹	측	上
拐	蟹	측	上
獬	蟹	측	上
罷	蟹	측	上
騃	蟹	측	上
捭	蟹	측	上
罫	蟹	측	上
夥	蟹	측	上
嶰	蟹	측	上
駴	蟹	측	上
鍇	蟹	측	上
柺	蟹	측	上
廌	蟹	측	上
矲	蟹	측	上
薢	蟹	측	上
矖	蟹	측	上
蕒	蟹	측	上
躧	蟹	측	上
簤	蟹	측	上
觟	蟹	측	上
豥	蟹	측	上
鷶	蟹	측	上
犤	蟹	측	上
箉	蟹	측	上
娾	蟹	측	上
攋	蟹	측	上
檞	蟹	측	上
襰	蟹	측	上
鉙	蟹	측	上
抧	蟹	측	上
疓	蟹	측	上
徥	蟹	측	上
嘪	蟹	측	上
猈	蟹	측	上
㔥	蟹	측	上
㗗	蟹	측	上
䇑	蟹	측	上
䒓	蟹	측	上
㡁	蟹	측	上
䉏	蟹	측	上
䍉	蟹	측	上
㧳	蟹	측	上
㢊	蟹	측	上
㙰	蟹	측	上
㚷	蟹	측	上
䲒	蟹	측	上
㵋	蟹	측	上
𠁥	蟹	측	上
𧡋	蟹	측	上
𧣭	蟹	측	上
海	賄	측	上
改	賄	측	上
待	賄	측	上
彩	賄	측	上
宰	賄	측	上
綵	賄	측	上
在	賄	측	上
乃	賄	측	上
凱	賄	측	上
醢	賄	측	上
茝	賄	측	上
亥	賄	측	上
采	賄	측	上
採	賄	측	上
寀	賄	측	上
埰	賄	측	上
殆	賄	측	上
塏	賄	측	上
載	賄	측	上
紿	賄	측	上
愷	賄	측	上
倍	賄	측	上
怠	賄	측	上
蓓	賄	측	上
迨	賄	측	上
闓	賄	측	上
睬	賄	측	上
頦	賄	측	上
鎧	賄	측	上
駘	賄	측	上
欸	賄	측	上
豈	賄	측	上
鼐	賄	측	上
歹	賄	측	上
颽	賄	측	上
詒	賄	측	上
唻	賄	측	上
踩	賄	측	上
崽	賄	측	上
輆	賄	측	上
毐	賄	측	上
酼	賄	측	上
婇	賄	측	上
軩	賄	측	上
忋	賄	측	上
箈	賄	측	上
溾	賄	측	上
絠	賄	측	上
疓	賄	측	上
暟	賄	측	上
烸	賄	측	上
嵦	賄	측	上
䏁	賄	측	上
䰂	賄	측	上
䂾	賄	측	上
㴓	賄	측	上
㥒	賄	측	上
䑂	賄	측	上
㘆	賄	측	上
䇋	賄	측	上
䈢	賄	측	上
䮨	賄	측	上
㤳	賄	측	上
䈚	賄	측	上
䁗	賄	측	上
㱰	賄	측	上
䆀	賄	측	上
䣋	賄	측	上
𦱞	賄	측	上
𡉈	賄	측	上
𨽿	賄	측	上
𠡌	賄	측	上
罪	賄	측	上
餒	賄	측	上
蕾	賄	측	上
磊	賄	측	上
浼	賄	측	上
磈	賄	측	上
琲	賄	측	上
悔	賄	측	上
賄	賄	측	上
儡	賄	측	上
隗	賄	측	上
璀	賄	측	上
猥	賄	측	上
腿	賄	측	上
嵬	賄	측	上
皠	賄	측	上
每	賄	측	上
彙	賄	측	上
頠	賄	측	上
磥	賄	측	上
礨	賄	측	上
漼	賄	측	上
瘣	賄	측	上
腇	賄	측	上
癗	賄	측	上
碨	賄	측	上
鮾	賄	측	上
嵔	賄	측	上
嶵	賄	측	上
喂	賄	측	上
俀	賄	측	上
傀	賄	측	上
黣	賄	측	上
腲	賄	측	上
嶊	賄	측	上
鍡	賄	측	上
鏙	賄	측	上
鑸	賄	측	上
鑘	賄	측	上
聉	賄	측	上
挴	賄	측	上
錞	賄	측	上
娞	賄	측	上
琣	賄	측	上
殨	賄	측	上
廆	賄	측	上
櫑	賄	측	上
潣	賄	측	上
燘	賄	측	上
顝	賄	측	上
痱	賄	측	上
俖	賄	측	上
檌	賄	측	上
褽	賄	측	上
喛	賄	측	上
頧	賄	측	上
頛	賄	측	上
蛔	賄	측	上
灅	賄	측	上
浽	賄	측	上
槯	賄	측	上
烠	賄	측	上
詴	賄	측	上
陮	賄	측	上
湏	賄	측	上
礧	賄	측	上
僓	賄	측	上
鯦	賄	측	上
洡	賄	측	上
㠥	賄	측	上
䃬	賄	측	上
㞂	賄	측	上
㠑	賄	측	上
䫭	賄	측	上
㱱	賄	측	上
㼏	賄	측	上
㱬	賄	측	上
㵽	賄	측	上
㚍	賄	측	上
䏨	賄	측	上
䲎	賄	측	上
㱣	賄	측	上
㷄	賄	측	上
䊫	賄	측	上
䜸	賄	측	上
㒦	賄	측	上
䫥	賄	측	上
䕇	賄	측	上
䇏	賄	측	上
㵏	賄	측	上
㾼	賄	측	上
㼍	賄	측	上
㟎	賄	측	上
㨃	賄	측	上
䔒	賄	측	上
㒑	賄	측	上
𡸖	賄	측	上
𥫉	賄	측	上
𦞙	賄	측	上
盡	軫	측	上
筍	軫	측	上
忍	軫	측	上
緊	軫	측	上
尹	軫	측	上
軫	軫	측	上
窘	軫	측	上
隕	軫	측	上
敏	軫	측	上
哂	軫	측	上
泯	軫	측	上
隼	軫	측	上
菌	軫	측	上
憫	軫	측	上
愍	軫	측	上
蚓	軫	측	上
准	軫	측	上
準	軫	측	上
凖	軫	측	上
殞	軫	측	上
蠢	軫	측	上
牝	軫	측	上
閔	軫	측	上
腎	軫	측	上
允	軫	측	上
畛	軫	측	上
鬒	軫	측	上
引	軫	측	上
霣	軫	측	上
稹	軫	측	上
臏	軫	측	上
惷	軫	측	上
疹	軫	측	上
狁	軫	측	上
盾	軫	측	上
楯	軫	측	上
囷	軫	측	上
脤	軫	측	上
嶙	軫	측	上
眹	軫	측	上
辴	軫	측	上
吮	軫	측	上
稛	軫	측	上
診	軫	측	上
蜃	軫	측	上
轔	軫	측	上
箘	軫	측	上
簨	軫	측	上
紖	軫	측	上
絼	軫	측	上
縝	軫	측	上
頣	軫	측	上
僯	軫	측	上
靷	軫	측	上
埻	軫	측	上
胗	軫	측	上
眕	軫	측	上
矧	軫	측	上
黽	軫	측	上
髕	軫	측	上
純	軫	측	上
暋	軫	측	上
朕	軫	측	上
賑	軫	측	上
榫	軫	측	上
慜	軫	측	上
湣	軫	측	上
抎	軫	측	上
紾	軫	측	上
繾	軫	측	上
黰	軫	측	上
偆	軫	측	上
僶	軫	측	上
獜	軫	측	上
袗	軫	측	上
鶽	軫	측	上
螼	軫	측	上
嚍	軫	측	上
抮	軫	측	上
僒	軫	측	上
綧	軫	측	上
弞	軫	측	上
鰵	軫	측	上
駗	軫	측	上
蠠	軫	측	上
荵	軫	측	上
姫	軫	측	上
吲	軫	측	上
頵	軫	측	上
笉	軫	측	上
耣	軫	측	上
弫	軫	측	上
簢	軫	측	上
濜	軫	측	上
敐	軫	측	上
莙	軫	측	上
鈏	軫	측	上
埨	軫	측	上
裖	軫	측	上
橉	軫	측	上
玧	軫	측	上
芛	軫	측	上
愪	軫	측	上
鋠	軫	측	上
嬧	軫	측	上
箺	軫	측	上
撛	軫	측	上
舛	軫	측	上
聄	軫	측	上
沇	軫	측	上
濥	軫	측	上
鈗	軫	측	上
棞	軫	측	上
廴	軫	측	上
揗	軫	측	上
屒	軫	측	上
喗	軫	측	上
睶	軫	측	上
囟	軫	측	上
鎨	軫	측	上
傊	軫	측	上
昣	軫	측	上
潣	軫	측	上
蔨	軫	측	上
婜	軫	측	上
鶣	軫	측	上
萶	軫	측	上
鵘	軫	측	上
敃	軫	측	上
疄	軫	측	上
麎	軫	측	上
亃	軫	측	上
鯅	軫	측	上
阭	軫	측	上
渳	軫	측	上
蜠	軫	측	上
刡	軫	측	上
槙	軫	측	上
馻	軫	측	上
荺	軫	측	上
㩈	軫	측	上
䀕	軫	측	上
䒡	軫	측	上
㽙	軫	측	上
㿤	軫	측	上
䲄	軫	측	上
㦏	軫	측	上
䪳	軫	측	上
㔼	軫	측	上
䟨	軫	측	上
䐔	軫	측	上
㯸	軫	측	上
㖺	軫	측	上
㰮	軫	측	上
㐱	軫	측	上
㾙	軫	측	上
䑐	軫	측	上
䝩	軫	측	上
䮞	軫	측	上
䇙	軫	측	上
䦮	軫	측	上
䨶	軫	측	上
㖥	軫	측	上
䪾	軫	측	上
䐏	軫	측	上
㨚	軫	측	上
䐃	軫	측	上
㣼	軫	측	上
㥸	軫	측	上
䂦	軫	측	上
䇖	軫	측	上
䊶	軫	측	上
㬆	軫	측	上
䀆	軫	측	上
䂧	軫	측	上
𧼒	軫	측	上
𦓾	軫	측	上
粉	吻	측	上
憤	吻	측	上
吻	吻	측	上
謹	吻	측	上
槿	吻	측	上
韞	吻	측	上
殷	吻	측	上
惲	吻	측	上
巹	吻	측	上
隱	吻	측	上
揾	吻	측	上
聽	吻	측	上
近	吻	측	上
癮	吻	측	上
縕	吻	측	上
刎	吻	측	上
蘊	吻	측	上
抿	吻	측	上
墳	吻	측	上
讔	吻	측	上
抆	吻	측	上
弅	吻	측	上
忿	吻	측	上
瑾	吻	측	上
抎	吻	측	上
攈	吻	측	上
菫	吻	측	上
磤	吻	측	上
檃	吻	측	上
膹	吻	측	上
嶾	吻	측	上
蘟	吻	측	上
秎	吻	측	上
坋	吻	측	上
凕	吻	측	上
齳	吻	측	上
歾	吻	측	上
呡	吻	측	上
勽	吻	측	上
賱	吻	측	上
齔	吻	측	上
喗	吻	측	上
愪	吻	측	上
黺	吻	측	上
魵	吻	측	上
赾	吻	측	上
熉	吻	측	上
漌	吻	측	上
伆	吻	측	上
夽	吻	측	上
䨸	吻	측	上
㹏	吻	측	上
䌍	吻	측	上
㻒	吻	측	上
䞫	吻	측	上
䠴	吻	측	上
㗃	吻	측	上
䤺	吻	측	上
䆬	吻	측	上
䌥	吻	측	上
䘆	吻	측	上
㥹	吻	측	上
㦩	吻	측	上
𢀿	吻	측	上
𢅯	吻	측	上
𩸂	吻	측	上
𪏴	吻	측	上
晚	阮	측	上
晩	阮	측	上
暖	阮	측	上
煗	阮	측	上
返	阮	측	上
苑	阮	측	上
阪	阮	측	上
偃	阮	측	上
阮	阮	측	上
碗	阮	측	上
遠	阮	측	上
婉	阮	측	上
反	阮	측	上
幰	阮	측	上
娩	阮	측	上
飯	阮	측	上
宛	阮	측	上
蹇	阮	측	上
巘	阮	측	上
挽	阮	측	上
烜	阮	측	上
綣	阮	측	上
琬	阮	측	上
踠	阮	측	上
畹	阮	측	上
鍵	阮	측	上
揵	阮	측	上
鼴	阮	측	上
晼	阮	측	上
鶠	阮	측	上
夘	阮	측	上
菀	阮	측	上
蝘	阮	측	上
蜿	阮	측	上
堰	阮	측	上
咺	阮	측	上
圈	阮	측	上
躽	阮	측	上
鰋	阮	측	上
楗	阮	측	上
緩	阮	측	上
匽	阮	측	上
皖	阮	측	上
沅	阮	측	上
軬	阮	측	上
箢	阮	측	上
寋	阮	측	上
夗	阮	측	上
愝	阮	측	上
倇	阮	측	上
妴	阮	측	上
攇	阮	측	上
鋺	阮	측	上
朊	阮	측	上
梡	阮	측	上
嬎	阮	측	上
喛	阮	측	上
湕	阮	측	上
傿	阮	측	上
鄢	阮	측	上
薳	阮	측	上
梚	阮	측	上
瓪	阮	측	上
邧	阮	측	上
桳	阮	측	上
睕	阮	측	上
奆	阮	측	上
褗	阮	측	上
媗	阮	측	上
鯇	阮	측	上
愃	阮	측	上
葂	阮	측	上
脕	阮	측	上
盶	阮	측	上
虇	阮	측	上
錪	阮	측	上
綩	阮	측	上
犿	阮	측	上
橎	阮	측	上
搟	阮	측	上
鰎	阮	측	上
㬉	阮	측	上
䜝	阮	측	上
㽜	阮	측	上
䅚	阮	측	上
䩊	阮	측	上
䡊	阮	측	上
䤷	阮	측	上
䊎	阮	측	上
䳃	阮	측	上
㱧	阮	측	上
䅋	阮	측	上
䞁	阮	측	上
䜢	阮	측	上
䘼	阮	측	上
䛀	阮	측	上
䪭	阮	측	上
䑱	阮	측	上
㨴	阮	측	上
䛷	阮	측	上
㿸	阮	측	上
䮿	阮	측	上
㫃	阮	측	上
䎡	阮	측	上
㔓	阮	측	上
𩔃	阮	측	上
𥆗	阮	측	上
𧡩	阮	측	上
穩	阮	측	上
本	阮	측	上
袞	阮	측	上
損	阮	측	上
沌	阮	측	上
閫	阮	측	上
混	阮	측	上
滾	阮	측	上
懇	阮	측	上
悃	阮	측	上
墾	阮	측	上
忖	阮	측	上
壼	阮	측	上
畚	阮	측	上
蓘	阮	측	上
遁	阮	측	上
遯	阮	측	上
鯀	阮	측	上
狠	阮	측	上
很	阮	측	上
輥	阮	측	上
噂	阮	측	上
渾	阮	측	上
梱	阮	측	上
笨	阮	측	上
捆	阮	측	上
焜	阮	측	上
盾	阮	측	上
鱒	阮	측	上
暪	阮	측	上
撙	阮	측	上
躉	阮	측	上
刌	阮	측	上
獖	阮	측	上
棍	阮	측	上
噸	阮	측	上
硱	阮	측	上
掍	阮	측	上
稛	阮	측	上
齦	阮	측	上
坉	阮	측	上
坂	阮	측	上
苯	阮	측	上
緄	阮	측	上
豤	阮	측	上
庉	阮	측	上
裍	阮	측	上
僔	阮	측	上
詪	阮	측	上
峎	阮	측	上
衮	阮	측	上
氽	阮	측	上
潡	阮	측	上
逇	阮	측	上
倱	阮	측	上
腞	阮	측	上
伅	阮	측	上
黗	阮	측	上
眃	阮	측	上
睴	阮	측	上
緷	阮	측	上
惃	阮	측	上
碖	阮	측	上
婫	阮	측	上
泍	阮	측	上
棞	阮	측	上
呠	阮	측	上
崸	阮	측	上
翸	阮	측	上
稐	阮	측	上
睔	阮	측	上
桽	阮	측	上
翉	阮	측	上
齳	阮	측	上
丨	阮	측	上
喗	阮	측	上
壿	阮	측	上
錕	阮	측	上
觨	阮	측	上
菎	阮	측	上
䔿	阮	측	上
䁚	阮	측	上
㵍	阮	측	上
䫟	阮	측	上
㝧	阮	측	上
㮥	阮	측	上
㨧	阮	측	上
㖔	阮	측	上
䃂	阮	측	上
㙥	阮	측	上
䠅	阮	측	上
㡷	阮	측	上
䵯	阮	측	上
㤓	阮	측	上
䓳	阮	측	上
䜇	阮	측	上
䚠	阮	측	上
䬱	阮	측	上
䐣	阮	측	上
䅰	阮	측	上
㯻	阮	측	上
䙛	阮	측	上
䛰	阮	측	上
䅙	阮	측	上
䧰	阮	측	上
𦠆	阮	측	上
𩑔	阮	측	上
滿	旱	측	上
短	旱	측	上
管	旱	측	上
懶	旱	측	上
旱	旱	측	上
款	旱	측	上
煖	旱	측	上
誕	旱	측	上
椀	旱	측	上
坦	旱	측	上
傘	旱	측	上
繖	旱	측	上
罕	旱	측	上
琯	旱	측	上
盌	旱	측	上
纂	旱	측	上
瓚	旱	측	上
疃	旱	측	上
懣	旱	측	上
袒	旱	측	上
窾	旱	측	上
緩	旱	측	上
卵	旱	측	上
館	旱	측	上
舘	旱	측	上
斷	旱	측	上
筦	旱	측	上
散	旱	측	上
蜑	旱	측	上
伴	旱	측	上
稈	旱	측	上
蛋	旱	측	上
浣	旱	측	上
纘	旱	측	上
趲	旱	측	上
算	旱	측	上
趕	旱	측	上
盥	旱	측	上
亶	旱	측	上
笴	旱	측	上
潬	旱	측	上
痯	旱	측	上
悍	旱	측	上
但	旱	측	上
侃	旱	측	上
脘	旱	측	上
嬗	旱	측	上
暵	旱	측	上
篹	旱	측	上
蔊	旱	측	上
柦	旱	측	上
癉	旱	측	上
悹	旱	측	上
匴	旱	측	上
憚	旱	측	上
焊	旱	측	上
疸	旱	측	上
擀	旱	측	上
錧	旱	측	上
瘓	旱	측	上
奤	旱	측	上
坢	旱	측	上
饊	旱	측	上
梡	旱	측	上
皯	旱	측	上
輨	旱	측	上
繵	旱	측	上
潵	旱	측	上
芉	旱	측	上
狚	旱	측	上
輐	旱	측	上
酇	旱	측	上
瓪	旱	측	上
玬	旱	측	上
觛	旱	측	上
裋	旱	측	上
衎	旱	측	上
忄	旱	측	上
靼	旱	측	上
衦	旱	측	上
皽	旱	측	上
璮	旱	측	上
廠	旱	측	上
鉡	旱	측	上
穳	旱	측	上
浫	旱	측	上
攋	旱	측	上
皔	旱	측	上
刐	旱	측	上
藧	旱	측	上
嵈	旱	측	上
秚	旱	측	上
灡	旱	측	上
棵	旱	측	上
粄	旱	측	上
鏾	旱	측	上
跘	旱	측	上
拌	旱	측	上
繟	旱	측	上
駳	旱	측	上
唌	旱	측	上
禶	旱	측	上
焌	旱	측	上
鏋	旱	측	上
睕	旱	측	上
埦	旱	측	上
糷	旱	측	上
捖	旱	측	上
簳	旱	측	上
綄	旱	측	上
䂎	旱	측	上
䍐	旱	측	上
䌣	旱	측	上
䬳	旱	측	上
㪔	旱	측	上
䓍	旱	측	上
䉽	旱	측	上
䞡	旱	측	上
䟎	旱	측	上
䠪	旱	측	上
䛞	旱	측	上
䝹	旱	측	上
䪀	旱	측	上
㫜	旱	측	上
䦔	旱	측	上
䲌	旱	측	上
䩥	旱	측	上
䄤	旱	측	上
䩪	旱	측	上
䵟	旱	측	上
㼫	旱	측	上
㦨	旱	측	上
㼝	旱	측	上
䗆	旱	측	上
㫁	旱	측	上
䦎	旱	측	上
䏓	旱	측	上
㣪	旱	측	上
㦌	旱	측	上
㬊	旱	측	上
䉈	旱	측	上
䘾	旱	측	上
䕀	旱	측	上
𤺺	旱	측	上
𧹳	旱	측	上
眼	潸	측	上
限	潸	측	上
簡	潸	측	上
盞	潸	측	上
產	潸	측	上
産	潸	측	上
板	潸	측	上
版	潸	측	上
赧	潸	측	上
莞	潸	측	上
睆	潸	측	上
柬	潸	측	上
嵼	潸	측	上
滻	潸	측	上
潸	潸	측	上
僩	潸	측	上
揀	潸	측	上
綰	潸	측	上
睅	潸	측	上
剗	潸	측	上
撰	潸	측	上
鏟	潸	측	上
棧	潸	측	上
丳	潸	측	上
戁	潸	측	上
矕	潸	측	上
僝	潸	측	上
昄	潸	측	上
蝂	潸	측	上
鈑	潸	측	上
撊	潸	측	上
轏	潸	측	上
拃	潸	측	上
驏	潸	측	上
輚	潸	측	上
摌	潸	측	上
闆	潸	측	上
唍	潸	측	上
瓪	潸	측	上
嶘	潸	측	上
舨	潸	측	上
眅	潸	측	上
羼	潸	측	上
捾	潸	측	上
橌	潸	측	上
睌	潸	측	上
硍	潸	측	上
魬	潸	측	上
鋎	潸	측	上
晘	潸	측	上
碊	潸	측	上
攌	潸	측	上
皖	潸	측	上
鯇	潸	측	上
娨	潸	측	上
暕	潸	측	上
簅	潸	측	上
䱠	潸	측	上
䎒	潸	측	上
㹌	潸	측	上
䦘	潸	측	上
㸧	潸	측	上
㦃	潸	측	上
㡾	潸	측	上
䩆	潸	측	上
㫱	潸	측	上
㹽	潸	측	上
䁂	潸	측	上
䴼	潸	측	上
䐮	潸	측	上
㟞	潸	측	上
㯆	潸	측	上
𧹞	潸	측	上
𩥮	潸	측	上
𪗙	潸	측	上
𥽽	潸	측	上
𩔊	潸	측	上
𪘪	潸	측	上
淺	銑	측	上
展	銑	측	上
辨	銑	측	上
軟	銑	측	上
輭	銑	측	上
典	銑	측	上
剪	銑	측	上
犬	銑	측	上
免	銑	측	上
篆	銑	측	上
顯	銑	측	上
蘚	銑	측	上
輦	銑	측	上
冕	銑	측	上
繭	銑	측	上
踐	銑	측	上
勉	銑	측	上
捲	銑	측	上
翦	銑	측	上
辯	銑	측	上
泫	銑	측	上
喘	銑	측	上
卷	銑	측	上
緬	銑	측	上
臠	銑	측	上
峴	銑	측	上
鉉	銑	측	上
轉	銑	측	上
演	銑	측	上
扁	銑	측	上
燹	銑	측	上
殄	銑	측	上
沔	銑	측	上
闡	銑	측	上
靦	銑	측	上
鮮	銑	측	上
璉	銑	측	上
腆	銑	측	上
撚	銑	측	上
湎	銑	측	上
遣	銑	측	上
畎	銑	측	上
褊	銑	측	上
荈	銑	측	上
舛	銑	측	上
巘	銑	측	上
衍	銑	측	上
跣	銑	측	上
善	銑	측	上
艑	銑	측	上
謇	銑	측	上
蹇	銑	측	上
獮	銑	측	上
鱔	銑	측	上
蜓	銑	측	上
俛	銑	측	上
筧	銑	측	上
囅	銑	측	上
選	銑	측	上
匾	銑	측	上
辮	銑	측	上
兗	銑	측	上
件	銑	측	上
睍	銑	측	上
涊	銑	측	上
癬	銑	측	上
蕆	銑	측	上
墠	銑	측	上
洗	銑	측	上
孌	銑	측	上
戩	銑	측	上
瑑	銑	측	上
搴	銑	측	上
讞	銑	측	上
眄	銑	측	上
譾	銑	측	上
韅	銑	측	上
覥	銑	측	上
雋	銑	측	上
錢	銑	측	上
餞	銑	측	上
銑	銑	측	上
耎	銑	측	上
筅	銑	측	上
毨	銑	측	上
棧	銑	측	上
鍵	銑	측	上
吮	銑	측	上
趼	銑	측	上
燀	銑	측	上
揃	銑	측	上
齴	銑	측	上
繾	銑	측	上
丏	銑	측	上
嵃	銑	측	上
襺	銑	측	上
愐	銑	측	上
沴	銑	측	上
鞬	銑	측	上
宴	銑	측	上
讌	銑	측	上
醼	銑	측	上
狷	銑	측	上
剸	銑	측	上
輾	銑	측	上
楗	銑	측	上
蹍	銑	측	上
淟	銑	측	上
蜆	銑	측	上
惼	銑	측	上
單	銑	측	上
幝	銑	측	上
緛	銑	측	上
晛	銑	측	上
鋧	銑	측	上
戭	銑	측	上
垷	銑	측	上
墡	銑	측	上
蟺	銑	측	上
愞	銑	측	上
羂	銑	측	上
膞	銑	측	上
圳	銑	측	上
勔	銑	측	上
趁	銑	측	上
挽	銑	측	上
撰	銑	측	上
鏟	銑	측	上
踹	銑	측	上
蜎	銑	측	上
鬋	銑	측	上
黽	銑	측	上
俴	銑	측	上
詃	銑	측	上
偭	銑	측	上
檽	銑	측	上
甗	銑	측	上
諞	銑	측	上
碝	銑	측	上
諓	銑	측	上
沇	銑	측	上
竱	銑	측	上
媆	銑	측	上
囝	銑	측	上
瀽	銑	측	上
橪	銑	측	上
錪	銑	측	上
菤	銑	측	上
揙	銑	측	上
齞	銑	측	上
蟮	銑	측	上
琄	銑	측	上
贙	銑	측	上
臔	銑	측	上
僎	銑	측	上
緶	銑	측	上
輲	銑	측	上
鮸	銑	측	上
鴘	銑	측	上
臇	銑	측	上
呟	銑	측	上
帴	銑	측	上
繟	銑	측	上
僤	銑	측	上
姺	銑	측	上
灦	銑	측	上
榐	銑	측	上
譂	銑	측	上
痶	銑	측	上
藊	銑	측	上
碥	銑	측	上
蜸	銑	측	上
賟	銑	측	上
搌	銑	측	上
梘	銑	측	上
喕	銑	측	上
抮	銑	측	上
蹨	銑	측	上
芇	銑	측	上
摙	銑	측	上
寋	銑	측	上
晪	銑	측	上
瑐	銑	측	上
豣	銑	측	上
咞	銑	측	上
僐	銑	측	上
脟	銑	측	上
磰	銑	측	上
渷	銑	측	上
哯	銑	측	上
梿	銑	측	上
蕇	銑	측	上
鞙	銑	측	上
躎	銑	측	上
橏	銑	측	上
潣	銑	측	上
弿	銑	측	上
鶣	銑	측	上
鱄	銑	측	上
膦	銑	측	上
圢	銑	측	上
豍	銑	측	上
跈	銑	측	上
蔩	銑	측	上
媔	銑	측	上
襈	銑	측	上
縳	銑	측	上
皽	銑	측	上
糄	銑	측	上
睓	銑	측	上
娊	銑	측	上
鄻	銑	측	上
貵	銑	측	上
悿	銑	측	上
熯	銑	측	上
埍	銑	측	上
牑	銑	측	上
烍	銑	측	上
奵	銑	측	上
抁	銑	측	上
繯	銑	측	上
挸	銑	측	上
婰	銑	측	上
覵	銑	측	上
矏	銑	측	上
藆	銑	측	上
椫	銑	측	上
覑	銑	측	上
琠	銑	측	上
孨	銑	측	上
剗	銑	측	上
遃	銑	측	上
腨	銑	측	上
禒	銑	측	上
莬	銑	측	上
簐	銑	측	上
萒	銑	측	上
誢	銑	측	上
蠕	銑	측	上
馻	銑	측	上
謰	銑	측	上
僆	銑	측	上
矊	銑	측	上
攓	銑	측	上
詪	銑	측	上
顈	銑	측	上
鍌	銑	측	上
鄟	銑	측	上
堟	銑	측	上
椼	銑	측	上
渳	銑	측	上
歂	銑	측	上
嘽	銑	측	上
唺	銑	측	上
鍽	銑	측	上
嫣	銑	측	上
㥏	銑	측	上
㾌	銑	측	上
䠄	銑	측	上
㜻	銑	측	上
䓴	銑	측	上
䤄	銑	측	上
㨠	銑	측	上
㹂	銑	측	上
㒄	銑	측	上
䛇	銑	측	上
䓦	銑	측	上
㥝	銑	측	上
䡢	銑	측	上
㣤	銑	측	上
㸁	銑	측	上
䱇	銑	측	上
㛯	銑	측	上
䁵	銑	측	上
㲢	銑	측	上
㧥	銑	측	上
䡱	銑	측	上
䭤	銑	측	上
䩙	銑	측	上
㨺	銑	측	上
㧋	銑	측	上
䧖	銑	측	上
䀎	銑	측	上
䗺	銑	측	上
㮒	銑	측	上
䁴	銑	측	上
䞂	銑	측	上
䧋	銑	측	上
䥪	銑	측	上
䥀	銑	측	上
䧘	銑	측	上
㮟	銑	측	上
㭠	銑	측	上
㬎	銑	측	上
䮿	銑	측	上
䙇	銑	측	上
䵐	銑	측	上
㔵	銑	측	上
㠭	銑	측	上
㙉	銑	측	上
䚚	銑	측	上
㩃	銑	측	上
㜊	銑	측	上
䉸	銑	측	上
䎒	銑	측	上
䏹	銑	측	上
䢾	銑	측	上
㶍	銑	측	上
㞡	銑	측	上
㱛	銑	측	上
䐌	銑	측	上
䵡	銑	측	上
㦓	銑	측	上
㢧	銑	측	上
㔊	銑	측	上
䍾	銑	측	上
䧠	銑	측	上
䄯	銑	측	上
㵷	銑	측	上
㕣	銑	측	上
䓣	銑	측	上
䆓	銑	측	上
㨵	銑	측	上
㓴	銑	측	上
䱼	銑	측	上
䩅	銑	측	上
䵤	銑	측	上
㦚	銑	측	上
䗾	銑	측	上
㷷	銑	측	上
䅐	銑	측	上
𥮏	銑	측	上
𠻤	銑	측	上
𧍒	銑	측	上
𥌭	銑	측	上
𦆀	銑	측	上
𣎓	銑	측	上
𥀹	銑	측	上
𧪈	銑	측	上
𦺍	銑	측	上
𡭐	銑	측	上
𠟉	銑	측	上
𦭶	銑	측	上
𩝡	銑	측	上
𧍢	銑	측	上
𢯼	銑	측	上
𡾰	銑	측	上
𨋚	銑	측	上
𣧟	銑	측	上
𣃘	銑	측	上
𦁆	銑	측	上
𩠹	銑	측	上
鳥	筱	측	上
曉	筱	측	上
了	筱	측	上
小	筱	측	上
表	筱	측	上
杳	筱	측	上
渺	筱	측	上
杪	筱	측	上
擾	筱	측	上
嫋	筱	측	上
裊	筱	측	上
沼	筱	측	上
兆	筱	측	上
窕	筱	측	上
緲	筱	측	上
皎	筱	측	上
矯	筱	측	上
趙	筱	측	上
褭	筱	측	上
筱	筱	측	上
眇	筱	측	上
少	筱	측	上
窈	筱	측	上
窅	筱	측	上
遶	筱	측	上
紹	筱	측	上
旐	筱	측	上
淼	筱	측	上
蓼	筱	측	上
悄	筱	측	上
皦	筱	측	上
醥	筱	측	上
肇	筱	측	上
藐	筱	측	上
瞭	筱	측	上
皛	筱	측	上
縹	筱	측	上
繚	筱	측	上
秒	筱	측	上
嬲	筱	측	上
剿	筱	측	上
殍	筱	측	上
麨	筱	측	上
夭	筱	측	上
溔	筱	측	上
愀	筱	측	上
挑	筱	측	上
撟	筱	측	上
湫	筱	측	上
莩	筱	측	上
鷕	筱	측	上
標	筱	측	上
昭	筱	측	上
燎	筱	측	上
掉	筱	측	上
繳	筱	측	上
窱	筱	측	上
嬌	筱	측	上
蹻	筱	측	上
褾	筱	측	上
舀	筱	측	上
嬈	筱	측	上
晀	筱	측	上
佋	筱	측	上
剽	筱	측	上
佻	筱	측	上
錶	筱	측	上
鰾	筱	측	上
蟜	筱	측	上
朓	筱	측	上
麃	筱	측	上
釕	筱	측	上
眑	筱	측	上
鱎	筱	측	上
僚	筱	측	上
吵	筱	측	上
瞟	筱	측	上
訬	筱	측	上
憭	筱	측	上
嫽	筱	측	上
騕	筱	측	上
鰷	筱	측	上
婹	筱	측	上
枖	筱	측	上
偠	筱	측	上
摽	筱	측	上
駣	筱	측	上
敫	筱	측	上
闄	筱	측	上
譑	筱	측	上
劋	筱	측	上
婊	筱	측	上
抭	筱	측	上
宨	筱	측	上
檦	筱	측	上
苭	筱	측	上
屌	筱	측	上
崾	筱	측	上
萩	筱	측	上
朻	筱	측	上
眧	筱	측	上
煍	筱	측	上
皫	筱	측	上
藠	筱	측	上
菬	筱	측	上
釥	筱	측	上
賋	筱	측	上
絩	筱	측	上
柖	筱	측	上
嫍	筱	측	上
芺	筱	측	上
敿	筱	측	上
髜	筱	측	上
鸄	筱	측	上
祒	筱	측	上
篻	筱	측	上
垗	筱	측	上
蔈	筱	측	上
鐈	筱	측	上
鄝	筱	측	上
袑	筱	측	上
岆	筱	측	上
仯	筱	측	上
璙	筱	측	上
誂	筱	측	上
镽	筱	측	上
鮡	筱	측	上
隢	筱	측	上
藨	筱	측	上
巐	筱	측	上
狣	筱	측	上
扚	筱	측	上
仸	筱	측	上
榚	筱	측	上
尞	筱	측	上
諘	筱	측	上
篎	筱	측	上
鼼	筱	측	上
丿	筱	측	上
顠	筱	측	上
鴢	筱	측	上
蓔	筱	측	上
璬	筱	측	上
宎	筱	측	上
肁	筱	측	上
楢	筱	측	上
柼	筱	측	上
膘	筱	측	上
㒟	筱	측	上
䑠	筱	측	上
㟽	筱	측	上
㵘	筱	측	上
䯚	筱	측	上
㵿	筱	측	上
㨄	筱	측	上
㝔	筱	측	上
㣿	筱	측	上
䦊	筱	측	上
䙚	筱	측	上
㹓	筱	측	上
㴭	筱	측	上
㡑	筱	측	上
䄦	筱	측	上
㭂	筱	측	上
䄪	筱	측	上
䂽	筱	측	上
䁏	筱	측	上
䆞	筱	측	上
䍮	筱	측	上
㵱	筱	측	上
䥵	筱	측	上
㜵	筱	측	上
䃵	筱	측	上
㠡	筱	측	上
㡽	筱	측	上
㪕	筱	측	上
䥞	筱	측	上
䂪	筱	측	上
䈃	筱	측	上
䔸	筱	측	上
䒚	筱	측	上
㹾	筱	측	上
㝋	筱	측	上
㫏	筱	측	上
䉆	筱	측	上
㫐	筱	측	上
㟱	筱	측	上
䙼	筱	측	上
䩍	筱	측	上
㹛	筱	측	上
㩰	筱	측	上
䘨	筱	측	上
䚩	筱	측	上
䏚	筱	측	上
䒕	筱	측	上
𨙹	筱	측	上
𠞰	筱	측	上
𢶏	筱	측	上
𦭼	筱	측	上
𥤹	筱	측	上
𧢄	筱	측	上
𪅃	筱	측	上
𧩮	筱	측	上
𦥝	筱	측	上
𧘈	筱	측	上
𧞧	筱	측	上
𨝰	筱	측	上
𤕷	筱	측	上
𤃭	筱	측	上
𢄺	筱	측	上
飽	巧	측	上
爪	巧	측	上
鮑	巧	측	上
卯	巧	측	上
攪	巧	측	上
齧	巧	측	上
囓	巧	측	上
撓	巧	측	上
狡	巧	측	上
昴	巧	측	上
泖	巧	측	上
姣	巧	측	上
咬	巧	측	上
嚙	巧	측	上
絞	巧	측	上
炒	巧	측	上
煼	巧	측	上
找	巧	측	上
佼	巧	측	上
鉸	巧	측	上
茆	巧	측	上
媌	巧	측	上
巧	巧	측	上
拗	巧	측	上
吵	巧	측	上
筊	巧	측	上
孢	巧	측	上
骲	巧	측	上
瑵	巧	측	上
鞄	巧	측	上
虠	巧	측	上
狕	巧	측	上
笷	巧	측	上
怉	巧	측	上
櫹	巧	측	上
鴢	巧	측	上
灚	巧	측	上
臫	巧	측	上
烄	巧	측	上
焣	巧	측	上
頝	巧	측	上
捁	巧	측	上
緢	巧	측	上
澩	巧	측	上
橚	巧	측	上
挍	巧	측	上
㶤	巧	측	上
䎐	巧	측	上
䲾	巧	측	上
㺐	巧	측	上
㕚	巧	측	上
㚽	巧	측	上
䕧	巧	측	上
䶧	巧	측	上
㥮	巧	측	上
㩭	巧	측	上
䝖	巧	측	上
㑃	巧	측	上
㚹	巧	측	上
㑿	巧	측	上
䀊	巧	측	上
䝤	巧	측	上
㑤	巧	측	上
㽱	巧	측	上
㚣	巧	측	上
𥳴	巧	측	上
老	皓	측	上
草	皓	측	上
艸	皓	측	上
早	皓	측	上
島	皓	측	上
寶	皓	측	上
藻	皓	측	上
惱	皓	측	上
保	皓	측	上
槁	皓	측	上
討	皓	측	上
好	皓	측	上
考	皓	측	上
道	皓	측	上
浩	皓	측	上
稿	皓	측	上
稻	皓	측	上
昊	皓	측	上
潦	皓	측	上
棗	皓	측	上
抱	皓	측	上
掃	皓	측	上
皓	皓	측	上
晧	皓	측	上
蚤	皓	측	上
倒	皓	측	上
腦	皓	측	上
搗	皓	측	上
杲	皓	측	上
葆	皓	측	上
藁	皓	측	上
媼	皓	측	上
燥	皓	측	上
皂	皓	측	上
堡	皓	측	上
嫂	皓	측	上
褓	皓	측	上
鎬	皓	측	上
皞	皓	측	上
造	皓	측	上
襖	皓	측	上
縞	皓	측	上
顥	皓	측	上
瑙	皓	측	上
禱	皓	측	上
澡	皓	측	上
灝	皓	측	上
懆	皓	측	上
埽	皓	측	上
鴇	皓	측	上
栳	皓	측	上
夭	皓	측	上
橑	皓	측	上
璅	皓	측	上
薧	皓	측	上
栲	皓	측	上
澇	皓	측	上
纛	皓	측	上
烤	皓	측	上
碯	皓	측	上
袌	皓	측	上
璪	皓	측	上
繅	皓	측	上
轑	皓	측	上
繰	皓	측	上
愺	皓	측	上
暤	皓	측	上
懊	皓	측	上
拷	皓	측	上
狫	皓	측	上
恅	皓	측	上
駣	皓	측	上
夰	皓	측	上
套	皓	측	上
蝹	皓	측	上
嫐	皓	측	上
媢	皓	측	上
滈	皓	측	上
捯	皓	측	上
薃	皓	측	上
蓩	皓	측	上
鰝	皓	측	上
镺	皓	측	上
堢	皓	측	上
禂	皓	측	上
筶	皓	측	上
菒	皓	측	上
荖	皓	측	上
皃	皓	측	上
鄗	皓	측	上
壔	皓	측	上
狣	皓	측	上
窎	皓	측	上
淏	皓	측	上
洘	皓	측	上
芺	皓	측	上
傐	皓	측	上
郩	皓	측	上
槄	皓	측	上
勽	皓	측	上
絩	皓	측	上
怉	皓	측	上
菿	皓	측	上
忑	皓	측	上
譅	皓	측	上
梍	皓	측	上
咾	皓	측	上
屮	皓	측	上
賲	皓	측	上
聕	皓	측	上
鷎	皓	측	上
鮡	皓	측	上
駂	皓	측	上
簝	皓	측	上
丂	皓	측	上
祰	皓	측	上
恏	皓	측	上
檺	皓	측	上
峼	皓	측	上
悎	皓	측	上
憹	皓	측	上
祮	皓	측	上
糔	皓	측	上
燠	皓	측	上
皫	皓	측	上
鴁	皓	측	上
椺	皓	측	上
劋	皓	측	上
䴠	皓	측	上
䕩	皓	측	上
䎂	皓	측	上
䝤	皓	측	上
䲃	皓	측	上
䖣	皓	측	上
䳈	皓	측	上
䧚	皓	측	上
䯫	皓	측	上
㚼	皓	측	上
㺁	皓	측	上
䯠	皓	측	上
㤇	皓	측	上
㛮	皓	측	上
㧇	皓	측	上
㬶	皓	측	上
䇭	皓	측	上
䮻	皓	측	上
䗢	皓	측	上
䵏	皓	측	上
㙅	皓	측	上
㵆	皓	측	上
㨶	皓	측	上
㛴	皓	측	上
㼥	皓	측	上
䳰	皓	측	上
䆃	皓	측	上
㚖	皓	측	上
㻄	皓	측	上
䴐	皓	측	上
䵚	皓	측	上
㧯	皓	측	上
䴈	皓	측	上
㾸	皓	측	上
㑎	皓	측	上
䳓	皓	측	上
䒃	皓	측	上
䯪	皓	측	上
㿒	皓	측	上
𣐊	皓	측	上
𦯑	皓	측	上
𣓌	皓	측	上
𦶞	皓	측	上
𩢿	皓	측	上
𪊏	皓	측	上
𨱵	皓	측	上
𨎮	皓	측	上
𩕍	皓	측	上
𥈆	皓	측	上
𧎮	皓	측	上
𥢑	皓	측	上
我	哿	측	上
火	哿	측	上
可	哿	측	上
墮	哿	측	上
果	哿	측	上
菓	哿	측	上
鎖	哿	측	上
禍	哿	측	上
朵	哿	측	上
朶	哿	측	上
顆	哿	측	上
裹	哿	측	上
瑣	哿	측	上
舸	哿	측	上
娜	哿	측	上
妥	哿	측	上
坐	哿	측	上
麼	哿	측	上
嚲	哿	측	上
左	哿	측	上
裸	哿	측	上
柁	哿	측	上
砢	哿	측	上
跛	哿	측	上
荷	哿	측	上
頗	哿	측	上
舵	哿	측	上
夥	哿	측	上
躲	哿	측	上
蠃	哿	측	上
惰	哿	측	上
笴	哿	측	上
垛	哿	측	上
柂	哿	측	上
鬌	哿	측	上
簸	哿	측	上
叵	哿	측	上
軻	哿	측	上
瑳	哿	측	上
蓏	哿	측	上
峨	哿	측	上
峩	哿	측	上
坷	哿	측	上
輠	哿	측	上
橢	哿	측	上
沱	哿	측	上
脞	哿	측	上
那	哿	측	上
騀	哿	측	上
播	哿	측	上
堁	哿	측	上
佐	哿	측	上
儺	哿	측	上
沲	哿	측	上
陊	哿	측	上
婐	哿	측	上
哆	哿	측	上
揣	哿	측	上
蜾	哿	측	上
駊	哿	측	上
拖	哿	측	上
埵	哿	측	上
硪	哿	측	上
癉	哿	측	上
猓	哿	측	上
嶞	哿	측	上
惈	哿	측	上
哿	哿	측	上
瘰	哿	측	上
媠	哿	측	上
閜	哿	측	上
娑	哿	측	上
卵	哿	측	上
阿	哿	측	上
懡	哿	측	上
婀	哿	측	上
蟻	哿	측	上
爹	哿	측	上
墯	哿	측	上
棵	哿	측	上
跺	哿	측	上
嬤	哿	측	上
笸	哿	측	上
鎯	哿	측	上
爸	哿	측	上
髁	哿	측	上
婑	哿	측	上
岢	哿	측	上
餜	哿	측	上
鵎	哿	측	上
捰	哿	측	上
嗩	哿	측	上
彵	哿	측	上
誐	哿	측	上
粿	哿	측	上
鐹	哿	측	上
魺	哿	측	上
溑	哿	측	上
敤	哿	측	上
扡	哿	측	上
邩	哿	측	上
抲	哿	측	上
橠	哿	측	上
娿	哿	측	上
攞	哿	측	上
崜	哿	측	上
袳	哿	측	上
惢	哿	측	上
縒	哿	측	上
椯	哿	측	上
灬	哿	측	上
尛	哿	측	上
毻	哿	측	上
陏	哿	측	上
褨	哿	측	上
錁	哿	측	上
褍	哿	측	上
鍺	哿	측	上
睉	哿	측	上
袲	哿	측	上
掗	哿	측	上
她	哿	측	上
欏	哿	측	上
曪	哿	측	上
涐	哿	측	上
葰	哿	측	上
毑	哿	측	上
剆	哿	측	上
挆	哿	측	上
砈	哿	측	上
碋	哿	측	上
綶	哿	측	上
硰	哿	측	上
撱	哿	측	上
隓	哿	측	上
綞	哿	측	上
痑	哿	측	上
頋	哿	측	上
稞	哿	측	上
暛	哿	측	上
炣	哿	측	上
誃	哿	측	上
鈳	哿	측	上
淉	哿	측	上
攭	哿	측	上
㦬	哿	측	上
㰤	哿	측	上
㝾	哿	측	上
䴹	哿	측	上
䑨	哿	측	上
䵀	哿	측	上
䰀	哿	측	上
㛂	哿	측	上
㡅	哿	측	上
㪃	哿	측	上
䅜	哿	측	上
䒳	哿	측	上
䐝	哿	측	上
㻔	哿	측	上
㪼	哿	측	上
㰙	哿	측	上
㰁	哿	측	上
㯐	哿	측	上
䲊	哿	측	上
䩋	哿	측	上
㞹	哿	측	上
䯬	哿	측	上
䙤	哿	측	上
㦱	哿	측	上
䤻	哿	측	上
㰐	哿	측	上
䠤	哿	측	上
䩔	哿	측	上
䫂	哿	측	上
䂺	哿	측	上
㥩	哿	측	上
䰈	哿	측	上
䣔	哿	측	上
㙐	哿	측	上
㱻	哿	측	上
䙨	哿	측	上
㝿	哿	측	上
㛆	哿	측	上
䈗	哿	측	上
㧴	哿	측	上
㶡	哿	측	上
䌱	哿	측	上
䂳	哿	측	上
㩡	哿	측	上
㚌	哿	측	上
𤿑	哿	측	上
𢦪	哿	측	上
𢀴	哿	측	上
𡰟	哿	측	上
𣵺	哿	측	上
𨬍	哿	측	上
𥳔	哿	측	上
𥬲	哿	측	上
𨲉	哿	측	上
𥰮	哿	측	上
𡜮	哿	측	上
𩑸	哿	측	上
者	馬	측	上
馬	馬	측	上
野	馬	측	上
社	馬	측	上
寫	馬	측	上
也	馬	측	上
雅	馬	측	上
瓦	馬	측	上
寡	馬	측	上
冶	馬	측	上
下	馬	측	上
灑	馬	측	上
洒	馬	측	上
舍	馬	측	上
捨	馬	측	上
赭	馬	측	上
把	馬	측	上
假	馬	측	上
瀉	馬	측	上
灺	馬	측	上
惹	馬	측	上
斝	馬	측	上
檟	馬	측	上
且	馬	측	上
鮓	馬	측	上
打	馬	측	上
啞	馬	측	上
夏	馬	측	上
踝	馬	측	上
苴	馬	측	上
嘏	馬	측	上
若	馬	측	上
廈	馬	측	上
耍	馬	측	上
姐	馬	측	上
賈	馬	측	上
扯	馬	측	上
銙	馬	측	上
剮	馬	측	上
庌	馬	측	上
髁	馬	측	上
傻	馬	측	上
瑪	馬	측	上
喏	馬	측	上
奼	馬	측	上
哆	馬	측	上
輠	馬	측	上
碼	馬	측	上
瘕	馬	측	上
閜	馬	측	上
叚	馬	측	上
厊	馬	측	上
疋	馬	측	上
螞	馬	측	上
乜	馬	측	上
壄	馬	측	上
毑	馬	측	上
奲	馬	측	上
痄	馬	측	上
邷	馬	측	上
厏	馬	측	上
苲	馬	측	上
藛	馬	측	上
藞	馬	측	上
搲	馬	측	上
椵	馬	측	上
蕥	馬	측	上
吔	馬	측	上
抯	馬	측	上
溤	馬	측	上
稞	馬	측	上
蘳	馬	측	上
掗	馬	측	上
楇	馬	측	上
錁	馬	측	上
雫	馬	측	上
跒	馬	측	上
耹	馬	측	上
觟	馬	측	上
忚	馬	측	上
謯	馬	측	上
騇	馬	측	上
漜	馬	측	上
襾	馬	측	上
婽	馬	측	上
鮺	馬	측	上
她	馬	측	上
鷌	馬	측	上
偖	馬	측	上
飷	馬	측	上
鰢	馬	측	上
黊	馬	측	上
顝	馬	측	上
蹃	馬	측	上
腂	馬	측	上
粿	馬	측	上
訯	馬	측	上
䰩	馬	측	上
䱹	馬	측	上
㿿	馬	측	上
䪵	馬	측	上
㗿	馬	측	上
㕐	馬	측	上
㨋	馬	측	上
㙒	馬	측	上
䟩	馬	측	上
䈑	馬	측	上
䊬	馬	측	上
䋀	馬	측	上
㡸	馬	측	上
䑝	馬	측	上
䄕	馬	측	上
䵦	馬	측	上
㼘	馬	측	上
䋾	馬	측	上
䥱	馬	측	上
㐄	馬	측	上
㵔	馬	측	上
䠚	馬	측	上
䬷	馬	측	上
𣝒	馬	측	上
𧧏	馬	측	上
𤈩	馬	측	上
𣬕	馬	측	上
𧫝	馬	측	上
𧻀	馬	측	上
賞	養	측	上
往	養	측	上
響	養	측	上
想	養	측	上
象	養	측	上
丈	養	측	上
網	養	측	上
爽	養	측	上
掌	養	측	上
壤	養	측	上
像	養	측	上
槳	養	측	上
黨	養	측	上
朗	養	측	上
幌	養	측	上
敞	養	측	上
上	養	측	上
鞅	養	측	上
長	養	측	上
莽	養	측	上
莾	養	측	上
享	養	측	上
仰	養	측	上
廣	養	측	上
广	養	측	上
枉	養	측	上
氅	養	측	上
獎	養	측	上
奬	養	측	上
恍	養	측	上
惘	養	측	上
罔	養	측	上
漭	養	측	上
痒	養	측	上
癢	養	측	上
養	養	측	上
饗	養	측	上
魎	養	측	上
倆	養	측	上
兩	養	측	上
顙	養	측	上
蕩	養	측	上
盪	養	측	上
仿	養	측	上
曩	養	측	上
蒼	養	측	上
攘	養	측	上
杖	養	측	上
榜	養	측	上
坱	養	측	上
蚃	養	측	上
晃	養	측	上
倣	養	측	上
蟒	養	측	上
簜	養	측	上
強	養	측	上
帑	養	측	上
盎	養	측	上
晌	養	측	上
讜	養	측	上
鏹	養	측	上
昉	養	측	上
沆	養	측	上
紡	養	측	上
橡	養	측	上
瀁	養	측	上
瀼	養	측	上
怏	養	측	上
蔣	養	측	上
放	養	측	上
繈	養	측	上
輛	養	측	上
彊	養	측	上
仗	養	측	上
駔	養	측	上
儻	養	측	上
慷	養	측	上
穰	養	측	上
昶	養	측	上
輞	養	측	上
鯗	養	측	上
泱	養	측	上
向	養	측	上
魍	養	측	上
惝	養	측	上
髣	養	측	上
誷	養	측	上
蜽	養	측	上
愰	養	측	上
彷	養	측	上
滉	養	측	上
榥	養	측	上
廠	養	측	上
搶	養	측	上
檔	養	측	上
吭	養	측	上
嗓	養	측	上
髒	養	측	上
磢	養	측	上
磉	養	측	上
奘	養	측	上
緉	養	측	上
嚮	養	측	上
嚷	養	측	上
肮	養	측	上
懩	養	측	上
駚	養	측	上
厈	養	측	上
瓬	養	측	上
鋹	養	측	上
謊	養	측	上
獷	養	측	上
氧	養	측	上
倘	養	측	上
躺	養	측	上
潒	養	측	上
搡	養	측	上
曭	養	측	上
迋	養	측	上
蒡	養	측	上
蝄	養	측	上
慌	養	측	上
塽	養	측	上
灢	養	측	上
漺	養	측	上
扄	養	측	上
佒	養	측	上
逛	養	측	上
誆	養	측	上
坰	養	측	上
攮	養	측	上
傢	養	측	上
饟	養	측	上
瀇	養	측	上
愓	養	측	上
爣	養	측	上
菵	養	측	上
抰	養	측	上
襐	養	측	上
矘	養	측	上
岟	養	측	上
旊	養	측	上
欓	養	측	上
儣	養	측	上
灙	養	측	上
裲	養	측	上
黋	養	측	上
櫎	養	측	上
氆	養	측	上
膙	養	측	上
璗	養	측	上
蟓	養	측	上
懭	養	측	上
弜	養	측	上
掚	養	측	上
咉	養	측	上
茻	養	측	上
軮	養	측	上
蔃	養	측	上
崵	養	측	上
慡	養	측	上
鐌	養	측	上
曏	養	측	上
誏	養	측	上
仉	養	측	上
銺	養	측	上
蚢	養	측	上
驡	養	측	上
誩	養	측	上
欀	養	측	上
臦	養	측	上
姎	養	측	上
嶑	養	측	上
俍	養	측	上
縔	養	측	上
脼	養	측	上
柍	養	측	上
鎤	養	측	上
雵	養	측	上
鶭	養	측	上
酐	養	측	上
鱌	養	측	上
忹	養	측	上
褬	養	측	上
樉	養	측	上
偒	養	측	上
騯	養	측	上
烺	養	측	上
勨	養	측	上
樃	養	측	上
犺	養	측	上
詤	養	측	上
瓽	養	측	上
躟	養	측	上
覫	養	측	上
紻	養	측	上
詇	養	측	上
蠰	養	측	上
爙	養	측	上
婸	養	측	上
墏	養	측	上
臩	養	측	上
嵣	養	측	上
眪	養	측	上
攁	養	측	上
扙	養	측	上
滰	養	측	上
汻	養	측	上
俇	養	측	上
炴	養	측	上
壾	養	측	上
懬	養	측	上
謽	養	측	上
宺	養	측	上
魧	養	측	上
爌	養	측	上
鄺	養	측	上
皝	養	측	上
鞝	養	측	上
榔	養	측	上
傸	養	측	上
奛	養	측	上
瞊	養	측	上
熿	養	측	上
㟿	養	측	上
䁳	養	측	上
䣊	養	측	上
䋄	養	측	上
㬻	養	측	上
㟐	養	측	上
㫤	養	측	上
䖹	養	측	上
㗽	養	측	上
㔝	養	측	上
䴚	養	측	上
䑗	養	측	上
䒎	養	측	上
㒉	養	측	上
䇦	養	측	上
䲱	養	측	上
䠀	養	측	上
䫪	養	측	上
䴂	養	측	上
䠃	養	측	上
㬒	養	측	上
㿩	養	측	上
㴏	養	측	上
䉃	養	측	上
㤺	養	측	上
㓪	養	측	上
㒳	養	측	上
䡦	養	측	上
䫙	養	측	上
䍩	養	측	上
㕫	養	측	上
䒋	養	측	上
㔦	養	측	上
䥒	養	측	上
㼒	養	측	上
䗮	養	측	上
㑂	養	측	上
䬬	養	측	上
㛨	養	측	上
㯍	養	측	上
㳹	養	측	上
䑆	養	측	上
䒍	養	측	上
䑋	養	측	上
䒂	養	측	上
䒽	養	측	上
㽴	養	측	上
䭺	養	측	上
䁜	養	측	上
䖆	養	측	上
㶞	養	측	上
䢍	養	측	上
㢡	養	측	上
䖮	養	측	上
䟘	養	측	上
㟠	養	측	上
䡉	養	측	上
䔪	養	측	上
㫰	養	측	上
𠞮	養	측	上
𤞛	養	측	上
𣇭	養	측	上
𡧽	養	측	上
𦄍	養	측	上
𣆖	養	측	上
𥇑	養	측	上
𥯕	養	측	上
影	梗	측	上
冷	梗	측	上
靜	梗	측	上
景	梗	측	上
境	梗	측	上
嶺	梗	측	上
井	梗	측	上
永	梗	측	上
省	梗	측	上
幸	梗	측	上
領	梗	측	上
頃	梗	측	上
警	梗	측	上
梗	梗	측	上
整	梗	측	上
穎	梗	측	上
耿	梗	측	上
餅	梗	측	上
餠	梗	측	上
騁	梗	측	上
屏	梗	측	上
屛	梗	측	上
猛	梗	측	上
杏	梗	측	上
靖	梗	측	上
綆	梗	측	上
頸	梗	측	上
潁	梗	측	上
炳	梗	측	上
癭	梗	측	上
秉	梗	측	上
逞	梗	측	上
郢	梗	측	上
荇	梗	측	上
礦	梗	측	上
艋	梗	측	上
鯁	梗	측	上
眚	梗	측	上
哽	梗	측	上
黽	梗	측	上
請	梗	측	上
烱	梗	측	上
丙	梗	측	上
囧	梗	측	上
冏	梗	측	上
皿	梗	측	上
蜢	梗	측	上
靚	梗	측	上
並	梗	측	上
并	梗	측	上
幷	梗	측	上
併	梗	측	上
倂	梗	측	上
竝	梗	측	上
璟	梗	측	上
獷	梗	측	上
箵	梗	측	上
悻	梗	측	上
憬	梗	측	上
箐	梗	측	上
阱	梗	측	上
怲	梗	측	上
打	梗	측	上
邴	梗	측	上
倖	梗	측	上
懭	梗	측	上
袊	梗	측	上
痙	梗	측	上
埂	梗	측	上
竫	梗	측	上
梬	梗	측	上
浻	梗	측	上
冥	梗	측	上
煚	梗	측	上
苪	梗	측	上
渻	梗	측	上
裎	梗	측	上
睜	梗	측	上
檠	梗	측	上
猙	梗	측	上
睈	梗	측	上
蛃	梗	측	上
庰	梗	측	上
穬	梗	측	上
浧	梗	측	上
蟼	梗	측	上
悜	梗	측	上
瓾	梗	측	上
澋	梗	측	上
鯭	梗	측	上
檾	梗	측	上
徎	梗	측	上
陃	梗	측	上
奣	梗	측	上
浜	梗	측	上
栐	梗	측	上
鈵	梗	측	上
炅	梗	측	上
憼	梗	측	上
皏	梗	측	上
鋞	梗	측	上
鼆	梗	측	上
峺	梗	측	上
睲	梗	측	上
莄	梗	측	上
晸	梗	측	上
箳	梗	측	上
彾	梗	측	上
郠	梗	측	上
廎	梗	측	上
廮	梗	측	上
鉼	梗	측	上
眳	梗	측	上
偗	梗	측	上
鱦	梗	측	上
摼	梗	측	上
窉	梗	측	上
鮩	梗	측	上
塣	梗	측	上
臦	梗	측	上
擤	梗	측	上
眪	梗	측	上
柃	梗	측	上
璥	梗	측	上
朾	梗	측	上
侱	梗	측	上
暻	梗	측	上
胻	梗	측	上
炴	梗	측	上
帲	梗	측	上
掟	梗	측	上
鄳	梗	측	上
帡	梗	측	上
挭	梗	측	上
擏	梗	측	上
幜	梗	측	上
撔	梗	측	上
檸	梗	측	上
誁	梗	측	上
氶	梗	측	上
旲	梗	측	上
寎	梗	측	上
睛	梗	측	上
㾪	梗	측	上
䴵	梗	측	上
㯳	梗	측	上
㗂	梗	측	上
䓷	梗	측	上
㣏	梗	측	上
㼳	梗	측	上
䗒	梗	측	上
㓏	梗	측	上
䊯	梗	측	上
䂔	梗	측	上
㩩	梗	측	上
㼬	梗	측	上
䚇	梗	측	上
㹙	梗	측	上
㢍	梗	측	上
䁄	梗	측	上
㹚	梗	측	上
䁅	梗	측	上
䩶	梗	측	上
䜘	梗	측	上
䵃	梗	측	上
䋑	梗	측	上
㑟	梗	측	上
䭊	梗	측	上
䭘	梗	측	上
㓑	梗	측	上
㮐	梗	측	上
䋁	梗	측	上
㲟	梗	측	上
䁞	梗	측	上
䭗	梗	측	上
䑍	梗	측	上
㨀	梗	측	上
㬌	梗	측	上
㴄	梗	측	上
䯧	梗	측	上
䚆	梗	측	上
㝭	梗	측	上
㾘	梗	측	上
𤯝	梗	측	上
𡈼	梗	측	上
𪍿	梗	측	上
𢟫	梗	측	上
𩘑	梗	측	上
𠱛	梗	측	上
𪘀	梗	측	上
頂	迥	측	上
迥	迥	측	上
逈	迥	측	上
鼎	迥	측	上
艇	迥	측	上
茗	迥	측	上
等	迥	측	上
酊	迥	측	上
炯	迥	측	上
肯	迥	측	上
挺	迥	측	上
涬	迥	측	上
拯	迥	측	上
梃	迥	측	上
町	迥	측	上
醒	迥	측	上
鋌	迥	측	上
謦	迥	측	上
褧	迥	측	上
溟	迥	측	上
剄	迥	측	上
絅	迥	측	上
酩	迥	측	上
泂	迥	측	上
艼	迥	측	上
嵿	迥	측	上
珽	迥	측	上
莛	迥	측	上
並	迥	측	上
并	迥	측	上
幷	迥	측	上
併	迥	측	上
倂	迥	측	上
竝	迥	측	上
惺	迥	측	上
脡	迥	측	上
熲	迥	측	上
侹	迥	측	上
脛	迥	측	上
濙	迥	측	上
頲	迥	측	上
矃	迥	측	上
冼	迥	측	上
佲	迥	측	上
奵	迥	측	上
冂	迥	측	上
詗	迥	측	上
訂	迥	측	上
夐	迥	측	上
濘	迥	측	上
烴	迥	측	上
婞	迥	측	上
笭	迥	측	上
炅	迥	측	上
濎	迥	측	上
圢	迥	측	上
榠	迥	측	上
涏	迥	측	上
汫	迥	측	上
眳	迥	측	上
巊	迥	측	上
娗	迥	측	上
嫇	迥	측	上
巠	迥	측	上
靪	迥	측	上
烶	迥	측	上
顈	迥	측	上
漀	迥	측	上
踜	迥	측	上
耵	迥	측	上
煛	迥	측	上
瑩	迥	측	上
庱	迥	측	上
誙	迥	측	上
鑏	迥	측	上
鑋	迥	측	上
廎	迥	측	上
矨	迥	측	上
鋞	迥	측	上
檾	迥	측	上
姳	迥	측	上
朾	迥	측	上
侱	迥	측	上
緈	迥	측	上
閮	迥	측	上
徎	迥	측	上
瀴	迥	측	上
誔	迥	측	上
鎣	迥	측	上
䔛	迥	측	上
䵺	迥	측	上
㴿	迥	측	上
䗿	迥	측	上
㟰	迥	측	上
㱡	迥	측	上
㽪	迥	측	上
㷫	迥	측	上
㯋	迥	측	上
䦐	迥	측	上
㫥	迥	측	上
㫀	迥	측	上
䅍	迥	측	上
㷡	迥	측	上
䳙	迥	측	上
𩚱	迥	측	上
𦊓	迥	측	上
酒	有	측	上
手	有	측	上
久	有	측	上
乆	有	측	上
有	有	측	上
柳	有	측	上
友	有	측	上
口	有	측	上
朽	有	측	上
叟	有	측	上
牖	有	측	上
牗	有	측	上
九	有	측	上
偶	有	측	上
醜	有	측	上
否	有	측	上
狗	有	측	上
首	有	측	上
走	有	측	上
垢	有	측	上
藪	有	측	上
肘	有	측	上
后	有	측	上
鬥	有	측	上
斗	有	측	上
闘	有	측	上
阜	有	측	上
守	有	측	上
後	有	측	上
帚	有	측	上
咎	有	측	上
厚	有	측	上
臼	有	측	上
藕	有	측	上
畝	有	측	上
畮	有	측	上
亩	有	측	上
畒	有	측	上
畆	有	측	上
缶	有	측	上
韭	有	측	上
負	有	측	上
吼	有	측	上
玖	有	측	上
酉	有	측	上
壽	有	측	上
剖	有	측	上
取	有	측	上
舅	有	측	上
苟	有	측	上
紐	有	측	上
母	有	측	上
右	有	측	上
莠	有	측	上
塿	有	측	上
糾	有	측	上
誘	有	측	上
受	有	측	上
婦	有	측	上
耦	有	측	上
某	有	측	上
蚪	有	측	上
黝	有	측	上
耇	有	측	上
不	有	측	上
陡	有	측	上
擻	有	측	上
笱	有	측	上
瓿	有	측	上
嘔	有	측	上
綬	有	측	上
蔀	有	측	上
鈕	有	측	上
杻	有	측	上
扣	有	측	上
罶	有	측	上
紂	有	측	上
牡	有	측	上
瀏	有	측	上
狃	有	측	上
授	有	측	上
掊	有	측	上
卣	有	측	上
叩	有	측	上
揉	有	측	上
蹂	有	측	上
抖	有	측	上
糗	有	측	上
槱	有	측	上
蟉	有	측	上
綹	有	측	上
莽	有	측	上
莾	有	측	上
滫	有	측	上
嶁	有	측	上
桕	有	측	上
赳	有	측	上
糺	有	측	上
忸	有	측	上
瞍	有	측	上
糅	有	측	上
扭	有	측	上
毆	有	측	上
部	有	측	上
灸	有	측	上
拇	有	측	上
嗾	有	측	上
篰	有	측	上
黈	有	측	上
眑	有	측	上
枓	有	측	上
羑	有	측	上
垕	有	측	上
醙	有	측	上
掫	有	측	上
趣	有	측	上
簍	有	측	上
蚴	有	측	上
琇	有	측	上
甊	有	측	上
棷	有	측	上
苃	有	측	上
歐	有	측	上
佑	有	측	上
籔	有	측	上
釦	有	측	上
懰	有	측	上
茩	有	측	上
搝	有	측	上
鈄	有	측	上
禸	有	측	上
岰	有	측	上
婁	有	측	上
茆	有	측	上
溲	有	측	上
漊	有	측	上
妵	有	측	上
涭	有	측	上
麔	有	측	上
鋀	有	측	上
枸	有	측	上
鯫	有	측	上
鉚	有	측	上
蚼	有	측	上
殕	有	측	上
睭	有	측	上
岣	有	측	上
艏	有	측	上
鯞	有	측	上
栯	有	측	上
塸	有	측	上
萯	有	측	上
楺	有	측	上
郈	有	측	上
蛗	有	측	上
蜏	有	측	上
玽	有	측	上
偩	有	측	上
糔	有	측	上
砪	有	측	上
蝜	有	측	上
踇	有	측	上
缹	有	측	上
櫢	有	측	上
劶	有	측	上
勏	有	측	上
峊	有	측	上
餢	有	측	上
腢	有	측	上
炄	有	측	上
媀	有	측	上
啂	有	측	上
橾	有	측	上
璹	有	측	上
齱	有	측	上
泑	有	측	上
熮	有	측	上
妞	有	측	上
紤	有	측	上
牳	有	측	上
疛	有	측	上
紑	有	측	上
煣	有	측	上
葤	有	측	上
朻	有	측	上
飳	有	측	上
龓	有	측	上
綇	有	측	上
雬	有	측	上
紏	有	측	上
斢	有	측	上
箁	有	측	上
沑	有	측	上
懮	有	측	上
鮦	有	측	上
莥	有	측	上
蘣	有	측	上
奺	有	측	上
吋	有	측	上
侴	有	측	上
棸	有	측	上
杽	有	측	上
鯦	有	측	上
犼	有	측	上
楢	有	측	上
羐	有	측	上
喁	有	측	上
犃	有	측	上
聈	有	측	上
嬼	有	측	上
湡	有	측	上
庮	有	측	上
煪	有	측	上
培	有	측	上
厶	有	측	上
珋	有	측	上
吘	有	측	上
鴀	有	측	上
舏	有	측	上
吜	有	측	上
媨	有	측	上
齨	有	측	上
嘍	有	측	上
藰	有	측	上
倃	有	측	上
湵	有	측	上
婄	有	측	上
垺	有	측	上
㪷	有	측	上
䳇	有	측	上
㰶	有	측	上
㽲	有	측	上
䪮	有	측	上
㝅	有	측	上
㱙	有	측	上
㺲	有	측	上
㧕	有	측	上
䈹	有	측	上
㔽	有	측	上
䚵	有	측	上
䅹	有	측	上
㺃	有	측	上
䭭	有	측	上
䂇	有	측	上
䕆	有	측	上
㕗	有	측	上
䅎	有	측	上
䳝	有	측	上
㔚	有	측	上
䱏	有	측	上
㪗	有	측	上
䴺	有	측	上
㞳	有	측	上
䎻	有	측	上
㞫	有	측	上
䈙	有	측	上
㥅	有	측	上
䒴	有	측	上
㺵	有	측	上
㷆	有	측	上
㶭	有	측	上
㪹	有	측	上
㸸	有	측	上
䶇	有	측	上
㰴	有	측	上
䳑	有	측	上
䏔	有	측	上
㫶	有	측	上
䘀	有	측	上
䞜	有	측	上
䖞	有	측	上
㥉	有	측	上
䏂	有	측	上
䬀	有	측	上
㨐	有	측	上
䏽	有	측	上
㒖	有	측	上
䱂	有	측	上
㓡	有	측	上
䬏	有	측	上
㕛	有	측	上
䛮	有	측	上
䊆	有	측	上
㼴	有	측	上
䳎	有	측	上
㝊	有	측	上
𪍣	有	측	上
𩖴	有	측	上
𨋖	有	측	上
𧥣	有	측	上
𤛐	有	측	上
𣢜	有	측	上
𥣙	有	측	上
𨺅	有	측	上
𪕋	有	측	上
𡜊	有	측	上
𥈃	有	측	上
𣸈	有	측	上
𥈟	有	측	上
錦	寢	측	上
品	寢	측	上
寢	寢	측	上
稔	寢	측	上
凜	寢	측	上
廩	寢	측	上
審	寢	측	上
枕	寢	측	上
飲	寢	측	上
飮	寢	측	上
稟	寢	측	上
甚	寢	측	上
諗	寢	측	上
沈	寢	측	上
瀋	寢	측	上
飪	寢	측	上
蕈	寢	측	上
懍	寢	측	上
衽	寢	측	上
噤	寢	측	上
恁	寢	측	上
椹	寢	측	上
葚	寢	측	上
荏	寢	측	上
淰	寢	측	上
踸	寢	측	上
朕	寢	측	上
怎	寢	측	上
鋟	寢	측	上
檁	寢	측	上
磣	寢	측	上
墋	寢	측	上
腍	寢	측	上
嬸	寢	측	上
瘮	寢	측	上
凚	寢	측	上
魫	寢	측	上
伈	寢	측	上
趻	寢	측	上
覾	寢	측	上
栣	寢	측	上
鰧	寢	측	上
昑	寢	측	上
唫	寢	측	上
梫	寢	측	上
瞫	寢	측	上
橝	寢	측	上
銋	寢	측	上
棯	寢	측	上
菍	寢	측	上
訦	寢	측	上
嬐	寢	측	上
謲	寢	측	上
抌	寢	측	上
箖	寢	측	上
贂	寢	측	上
闇	寢	측	上
趛	寢	측	上
拰	寢	측	上
栚	寢	측	上
秹	寢	측	上
顲	寢	측	上
菻	寢	측	上
㾕	寢	측	上
䫈	寢	측	上
㶒	寢	측	上
䭙	寢	측	上
䄒	寢	측	上
㝲	寢	측	上
䭃	寢	측	上
㯢	寢	측	上
㾛	寢	측	上
䫖	寢	측	上
㤛	寢	측	上
㮳	寢	측	上
䪴	寢	측	上
䫬	寢	측	上
䚓	寢	측	上
㱃	寢	측	上
㔤	寢	측	上
㴨	寢	측	上
㐭	寢	측	上
㱈	寢	측	上
㰂	寢	측	上
䫴	寢	측	上
㶵	寢	측	上
䇮	寢	측	上
㜤	寢	측	上
㨆	寢	측	上
𡼒	寢	측	上
𤎭	寢	측	上
𣞵	寢	측	上
𥧲	寢	측	上
𩒯	寢	측	上
𩖆	寢	측	上
感	感	측	上
覽	感	측	上
膽	感	측	上
慘	感	측	上
敢	感	측	上
萏	感	측	上
坎	感	측	上
糝	感	측	上
攬	感	측	上
頷	感	측	上
撼	感	측	上
壈	感	측	上
菼	感	측	上
毯	感	측	上
欖	感	측	上
窞	感	측	上
黮	感	측	上
紞	感	측	上
髧	感	측	上
憯	感	측	上
黲	感	측	上
匼	感	측	上
歜	感	측	上
黕	感	측	上
嵌	感	측	上
淡	感	측	上
啖	感	측	上
槧	感	측	上
禫	感	측	上
餤	感	측	上
菡	感	측	上
椮	感	측	上
澹	感	측	上
砍	感	측	上
闇	感	측	上
黭	感	측	上
醓	感	측	上
耽	感	측	上
傪	感	측	上
嗿	感	측	上
醰	感	측	上
贉	感	측	上
轗	感	측	上
罱	感	측	上
顉	感	측	上
惂	感	측	上
鱤	感	측	上
輡	感	측	上
晻	感	측	上
喊	感	측	上
埳	感	측	上
橄	感	측	上
憺	感	측	上
贛	感	측	上
唵	感	측	上
忐	感	측	上
欿	感	측	上
黵	感	측	上
鏨	感	측	上
澉	感	측	上
揞	感	측	上
昝	感	측	上
歁	感	측	上
腩	感	측	上
啿	感	측	上
黬	感	측	上
竷	感	측	上
霮	感	측	上
醂	感	측	上
朁	感	측	上
湳	感	측	上
顑	感	측	上
莟	感	측	上
鏒	感	측	上
饏	感	측	上
豃	感	측	上
濫	感	측	上
臽	感	측	上
襑	感	측	上
倓	感	측	上
轁	感	측	上
爦	感	측	上
肣	感	측	上
坅	感	측	上
撍	感	측	上
掩	感	측	上
錎	感	측	上
浨	感	측	上
顲	感	측	上
馾	感	측	上
嘾	感	측	上
醈	感	측	上
揝	感	측	上
馣	感	측	上
莐	感	측	上
罯	感	측	上
參	感	측	上
衴	感	측	上
薝	感	측	上
幓	感	측	上
喒	感	측	上
頜	感	측	上
篢	感	측	上
腤	感	측	上
蜭	感	측	上
燣	感	측	上
暔	感	측	上
澰	感	측	上
揇	感	측	上
寁	感	측	上
惏	感	측	上
澸	感	측	上
瓭	感	측	上
抌	感	측	上
鰔	感	측	上
䃭	感	측	上
㯺	感	측	上
㙳	感	측	上
㛧	感	측	上
㲜	感	측	上
㨔	感	측	上
䖔	感	측	上
㽢	感	측	上
䉞	感	측	上
㰖	感	측	上
㛦	感	측	上
㧲	感	측	上
䆦	感	측	上
㣅	感	측	上
㟛	感	측	上
㜗	感	측	上
䨢	感	측	上
㸝	感	측	上
䎨	感	측	上
䊖	感	측	上
䫩	感	측	上
䭛	感	측	上
㩜	感	측	上
䫲	感	측	上
䓿	感	측	上
䤗	感	측	上
䊉	感	측	上
䭕	感	측	上
䃫	感	측	上
㺂	感	측	上
㕪	感	측	上
㞄	感	측	上
䊤	感	측	上
㜝	感	측	上
䏙	感	측	上
䊏	感	측	上
䈒	感	측	上
𦃖	感	측	上
𩞀	感	측	上
𨎺	感	측	上
𥸡	感	측	上
𪒾	感	측	上
𠿑	感	측	上
𧖺	感	측	上
𥲄	感	측	上
𦛜	感	측	上
𤃷	感	측	上
𣐺	感	측	上
𤎥	感	측	上
𥳸	感	측	上
𧆐	感	측	上
險	儉	측	上
點	儉	측	上
染	儉	측	上
簟	儉	측	上
冉	儉	측	上
儉	儉	측	上
檢	儉	측	上
臉	儉	측	上
燄	儉	측	上
玷	儉	측	上
苒	儉	측	上
琰	儉	측	上
閃	儉	측	上
剡	儉	측	上
貶	儉	측	上
颭	儉	측	上
陝	儉	측	上
嶮	儉	측	上
漸	儉	측	上
芡	儉	측	上
崦	儉	측	上
諂	儉	측	上
儼	儉	측	上
慊	儉	측	上
掩	儉	측	上
斂	儉	측	上
睒	儉	측	上
嗛	儉	측	上
歉	儉	측	上
魘	儉	측	上
忝	儉	측	上
撿	儉	측	上
廣	儉	측	上
广	儉	측	上
黶	儉	측	上
檿	儉	측	上
隒	儉	측	上
垵	儉	측	上
磹	儉	측	上
覢	儉	측	上
渰	儉	측	上
罨	儉	측	上
舔	儉	측	上
晱	儉	측	上
扊	儉	측	上
顩	儉	측	上
弇	儉	측	上
厴	儉	측	上
奄	儉	측	上
槧	儉	측	上
瀲	儉	측	上
瞼	儉	측	上
黵	儉	측	上
噞	儉	측	上
譣	儉	측	上
獫	儉	측	上
驔	儉	측	上
膁	儉	측	上
鏩	儉	측	上
黬	儉	측	上
裺	儉	측	上
螹	儉	측	上
薟	儉	측	上
晻	儉	측	上
稴	儉	측	上
曮	儉	측	上
棪	儉	측	上
扂	儉	측	上
礆	儉	측	上
鍩	儉	측	上
彡	儉	측	上
馣	儉	측	上
夵	儉	측	上
孍	儉	측	上
媣	儉	측	上
讇	儉	측	上
珃	儉	측	上
嬐	儉	측	上
澰	儉	측	上
咁	儉	측	上
硽	儉	측	上
溓	儉	측	上
嬚	儉	측	上
婖	儉	측	上
疺	儉	측	上
蒧	儉	측	上
呥	儉	측	上
悿	儉	측	上
鼸	儉	측	上
橝	儉	측	上
羷	儉	측	上
龑	儉	측	上
蘞	儉	측	上
㴸	儉	측	上
䠾	儉	측	上
䄼	儉	측	上
䣍	儉	측	上
䒣	儉	측	上
䀹	儉	측	上
㚧	儉	측	上
㱘	儉	측	上
䍄	儉	측	上
䇜	儉	측	上
㪎	儉	측	上
㯬	儉	측	上
㰈	儉	측	上
䄋	儉	측	上
䣸	儉	측	上
䤡	儉	측	上
䭠	儉	측	上
㤁	儉	측	上
䎦	儉	측	上
䌞	儉	측	上
䎃	儉	측	上
㓠	儉	측	上
㚩	儉	측	上
㭺	儉	측	上
㢂	儉	측	上
㐁	儉	측	上
䌪	儉	측	上
㶘	儉	측	上
䟋	儉	측	上
䤔	儉	측	上
䭑	儉	측	上
䲓	儉	측	上
㚒	儉	측	上
㶑	儉	측	上
㨛	儉	측	上
𡹮	儉	측	上
𥯃	儉	측	上
𡕢	儉	측	上
𧞣	儉	측	上
𣃳	儉	측	上
減	豏	측	上
减	豏	측	上
檻	豏	측	上
範	豏	측	上
黯	豏	측	上
犯	豏	측	上
艦	豏	측	上
斬	豏	측	上
摻	豏	측	上
湛	豏	측	上
黤	豏	측	上
轞	豏	측	上
軓	豏	측	上
嶄	豏	측	上
淰	豏	측	上
豏	豏	측	上
錽	豏	측	上
甉	豏	측	上
巉	豏	측	上
歉	豏	측	上
堿	豏	측	上
闇	豏	측	上
溓	豏	측	上
趻	豏	측	上
豃	豏	측	上
懢	豏	측	上
啿	豏	측	上
鹻	豏	측	上
釩	豏	측	上
喊	豏	측	上
凵	豏	측	上
撖	豏	측	上
旵	豏	측	上
醦	豏	측	上
闞	豏	측	上
鰔	豏	측	上
偡	豏	측	上
槏	豏	측	上
瀺	豏	측	上
黬	豏	측	上
払	豏	측	上
濫	豏	측	上
瘎	豏	측	上
壏	豏	측	上
魙	豏	측	上
㺑	豏	측	上
㺖	豏	측	上
㧄	豏	측	上
㺝	豏	측	上
䤘	豏	측	上
㺌	豏	측	上
㴴	豏	측	上
𧍙	豏	측	上
𥳒	豏	측	上
𢜩	豏	측	上
𦊔	豏	측	上
𦉞	豏	측	上
𪒠	豏	측	上
夢	送	측	去
鳳	送	측	去
送	送	측	去
弄	送	측	去
凍	送	측	去
甕	送	측	去
罋	送	측	去
瓮	送	측	去
眾	送	측	去
衆	送	측	去
痛	送	측	去
棟	送	측	去
貢	送	측	去
仲	送	측	去
慟	送	측	去
鞚	送	측	去
諷	送	측	去
中	送	측	去
控	送	측	去
哢	送	측	去
動	送	측	去
閧	送	측	去
洞	送	측	去
鬨	送	측	去
峒	送	측	去
粽	送	측	去
哄	送	측	去
衷	送	측	去
霿	送	측	去
羾	送	측	去
礱	送	측	去
恫	送	측	去
空	送	측	去
傯	送	측	去
同	送	측	去
賵	送	측	去
瞢	送	측	去
凇	送	측	去
贛	送	측	去
湩	送	측	去
齆	送	측	去
蕻	送	측	去
銃	送	측	去
胴	送	측	去
蝀	送	측	去
涷	送	측	去
衕	送	측	去
嗊	送	측	去
汞	送	측	去
緵	送	측	去
倊	送	측	去
迵	送	측	去
懜	送	측	去
憁	送	측	去
洚	送	측	去
駧	送	측	去
眮	送	측	去
蚛	送	측	去
詷	送	측	去
菄	送	측	去
戙	送	측	去
惣	送	측	去
霘	送	측	去
腖	送	측	去
崠	送	측	去
焨	送	측	去
烔	送	측	去
齈	送	측	去
堹	送	측	去
姛	送	측	去
謥	送	측	去
煈	送	측	去
愩	送	측	去
梇	送	측	去
妕	送	측	去
翪	送	측	去
趥	送	측	去
懵	送	측	去
愡	送	측	去
筗	送	측	去
癑	送	측	去
茽	送	측	去
揔	送	측	去
硦	送	측	去
霥	送	측	去
棇	送	측	去
倲	送	측	去
絧	送	측	去
蘣	送	측	去
娻	送	측	去
槰	送	측	去
焪	送	측	去
祌	送	측	去
繷	送	측	去
㔶	送	측	去
㢅	送	측	去
㚇	送	측	去
㳥	送	측	去
㑋	送	측	去
䠢	送	측	去
㞲	送	측	去
㖆	送	측	去
䛪	送	측	去
㜴	送	측	去
䍟	送	측	去
䇨	送	측	去
㝱	送	측	去
㯯	送	측	去
䔈	送	측	去
㲴	送	측	去
㸜	送	측	去
㗢	送	측	去
㑝	送	측	去
㮸	送	측	去
䠻	送	측	去
㐺	送	측	去
㼯	送	측	去
㓊	送	측	去
䏵	送	측	去
㧤	送	측	去
𨹁	送	측	去
𢄐	送	측	去
𣹟	送	측	去
用	宋	측	去
共	宋	측	去
頌	宋	측	去
誦	宋	측	去
供	宋	측	去
從	宋	측	去
宋	宋	측	去
訟	宋	측	去
俸	宋	측	去
縫	宋	측	去
綜	宋	측	去
葑	宋	측	去
雍	宋	측	去
重	宋	측	去
種	宋	측	去
縱	宋	측	去
封	宋	측	去
憃	宋	측	去
奉	宋	측	去
疭	宋	측	去
雺	宋	측	去
恐	宋	측	去
統	宋	측	去
壅	宋	측	去
躘	宋	측	去
緟	宋	측	去
徿	宋	측	去
偅	宋	측	去
揰	宋	측	去
捀	宋	측	去
謥	宋	측	去
縙	宋	측	去
昮	宋	측	去
錝	宋	측	去
諥	宋	측	去
龏	宋	측	去
緃	宋	측	去
苚	宋	측	去
澭	宋	측	去
贚	宋	측	去
湗	宋	측	去
碂	宋	측	去
褈	宋	측	去
灉	宋	측	去
䃔	宋	측	去
㙲	宋	측	去
䛦	宋	측	去
䝋	宋	측	去
㮔	宋	측	去
㴩	宋	측	去
㡝	宋	측	去
巷	絳	측	去
降	絳	측	去
戇	絳	측	去
絳	絳	측	去
撞	絳	측	去
虹	絳	측	去
幢	絳	측	去
憧	絳	측	去
鬨	絳	측	去
淙	絳	측	去
洚	絳	측	去
肨	絳	측	去
艟	絳	측	去
憃	絳	측	去
漴	絳	측	去
袶	絳	측	去
炐	絳	측	去
䡴	絳	측	去
㦼	絳	측	去
䎫	絳	측	去
䣈	絳	측	去
䚎	絳	측	去
䢽	絳	측	去
㟟	絳	측	去
㕩	絳	측	去
𥈄	絳	측	去
事	寘	측	去
地	寘	측	去
意	寘	측	去
醉	寘	측	去
至	寘	측	去
淚	寘	측	去
字	寘	측	去
志	寘	측	去
寺	寘	측	去
異	寘	측	去
翠	寘	측	去
寐	寘	측	去
思	寘	측	去
睡	寘	측	去
寄	寘	측	去
吏	寘	측	去
義	寘	측	去
記	寘	측	去
致	寘	측	去
器	寘	측	去
利	寘	측	去
棄	寘	측	去
墜	寘	측	去
媚	寘	측	去
戲	寘	측	去
戯	寘	측	去
戱	寘	측	去
騎	寘	측	去
瑞	寘	측	去
二	寘	측	去
避	寘	측	去
悴	寘	측	去
愧	寘	측	去
媿	寘	측	去
位	寘	측	去
類	寘	측	去
試	寘	측	去
秘	寘	측	去
賜	寘	측	去
遂	寘	측	去
議	寘	측	去
次	寘	측	去
置	寘	측	去
臂	寘	측	去
轡	寘	측	去
備	寘	측	去
吹	寘	측	去
忌	寘	측	去
智	寘	측	去
驥	寘	측	去
治	寘	측	去
翅	寘	측	去
翄	寘	측	去
翤	寘	측	去
誼	寘	측	去
四	寘	측	去
膩	寘	측	去
侍	寘	측	去
値	寘	측	去
易	寘	측	去
鼻	寘	측	去
肆	寘	측	去
季	寘	측	去
邃	寘	측	去
笥	寘	측	去
閟	寘	측	去
稚	寘	측	去
瘁	寘	측	去
嗣	寘	측	去
祟	寘	측	去
自	寘	측	去
穗	寘	측	去
嗜	寘	측	去
偽	寘	측	去
僞	寘	측	去
魅	寘	측	去
熾	寘	측	去
幟	寘	측	去
祕	寘	측	去
駟	寘	측	去
泗	寘	측	去
饋	寘	측	去
粹	寘	측	去
庇	寘	측	去
示	寘	측	去
匱	寘	측	去
鞴	寘	측	去
萃	寘	측	去
燧	寘	측	去
喟	寘	측	去
冀	寘	측	去
漬	寘	측	去
悸	寘	측	去
施	寘	측	去
躓	寘	측	去
恣	寘	측	去
帔	寘	측	去
屭	寘	측	去
芰	寘	측	去
遺	寘	측	去
隧	寘	측	去
貳	寘	측	去
懿	寘	측	去
爲	寘	측	去
累	寘	측	去
纍	寘	측	去
諡	寘	측	去
伎	寘	측	去
誌	寘	측	去
刺	寘	측	去
鷙	寘	측	去
畀	寘	측	去
贄	寘	측	去
伺	寘	측	去
摯	寘	측	去
識	寘	측	去
詈	寘	측	去
惴	寘	측	去
輊	寘	측	去
莉	寘	측	去
緻	寘	측	去
痹	寘	측	去
遲	寘	측	去
遅	寘	측	去
覬	寘	측	去
賁	寘	측	去
胾	寘	측	去
廁	寘	측	去
肄	寘	측	去
視	寘	측	去
眡	寘	측	去
飼	寘	측	去
被	寘	측	去
恚	寘	측	去
穟	寘	측	去
豉	寘	측	去
譬	寘	측	去
蒔	寘	측	去
裏	寘	측	去
韝	寘	측	去
使	寘	측	去
啻	寘	측	去
食	寘	측	去
懟	寘	측	去
劓	寘	측	去
勩	寘	측	去
知	寘	측	去
寘	寘	측	去
似	寘	측	去
芘	寘	측	去
帥	寘	측	去
餌	寘	측	去
諉	寘	측	去
贔	寘	측	去
洎	寘	측	去
出	寘	측	去
植	寘	측	去
蒞	寘	측	去
簣	寘	측	去
積	寘	측	去
比	寘	측	去
縋	寘	측	去
觶	寘	측	去
糒	寘	측	去
已	寘	측	去
陂	寘	측	去
忮	寘	측	去
毖	寘	측	去
弑	寘	측	去
牸	寘	측	去
骴	寘	측	去
始	寘	측	去
彗	寘	측	去
篲	寘	측	去
胔	寘	측	去
惎	寘	측	去
膇	寘	측	去
澻	寘	측	去
屣	寘	측	去
俐	寘	측	去
縊	寘	측	去
織	寘	측	去
企	寘	측	去
曬	寘	측	去
痢	寘	측	去
蕢	寘	측	去
幾	寘	측	去
眙	寘	측	去
技	寘	측	去
睢	寘	측	去
襚	寘	측	去
瞆	寘	측	去
嚱	寘	측	去
痣	寘	측	去
璲	寘	측	去
繸	寘	측	去
跂	寘	측	去
孳	寘	측	去
倚	寘	측	去
司	寘	측	去
珥	寘	측	去
屁	寘	측	去
饎	寘	측	去
奰	寘	측	去
懫	寘	측	去
咡	寘	측	去
疐	寘	측	去
硾	寘	측	去
懥	寘	측	去
鉺	寘	측	去
觗	寘	측	去
翨	寘	측	去
萎	寘	측	去
德	寘	측	去
質	寘	측	去
痿	寘	측	去
眥	寘	측	去
眦	寘	측	去
掎	寘	측	去
詖	寘	측	去
泌	寘	측	去
誶	寘	측	去
欬	寘	측	去
暨	寘	측	去
巋	寘	측	去
睟	寘	측	去
僿	寘	측	去
髲	寘	측	去
佽	寘	측	去
塈	寘	측	去
笓	寘	측	去
廙	寘	측	去
剚	寘	측	去
柲	寘	측	去
柶	寘	측	去
甀	寘	측	去
禭	寘	측	去
儩	寘	측	去
瓃	寘	측	去
攰	寘	측	去
肂	寘	측	去
尯	寘	측	去
儗	寘	측	去
垍	寘	측	去
瑟	寘	측	去
刵	寘	측	去
蚑	寘	측	去
螠	寘	측	去
旞	寘	측	去
近	寘	측	去
鵋	寘	측	去
錘	寘	측	去
敡	寘	측	去
侐	寘	측	去
蘱	寘	측	去
槌	寘	측	去
蹕	寘	측	去
喂	寘	측	去
卛	寘	측	去
率	寘	측	去
澌	寘	측	去
庳	寘	측	去
唏	寘	측	去
毦	寘	측	去
饐	寘	측	去
哩	寘	측	去
咥	寘	측	去
蜼	寘	측	去
洱	寘	측	去
鐀	寘	측	去
諈	寘	측	去
懻	寘	측	去
杘	寘	측	去
檖	寘	측	去
倳	寘	측	去
樲	寘	측	去
庛	寘	측	去
髶	寘	측	去
鬾	寘	측	去
謘	寘	측	去
裡	寘	측	去
穊	寘	측	去
鷾	寘	측	去
蛓	寘	측	去
鞼	寘	측	去
坒	寘	측	去
痓	寘	측	去
騩	寘	측	去
樻	寘	측	去
猤	寘	측	去
峜	寘	측	去
皕	寘	측	去
呬	寘	측	去
瀡	寘	측	去
揓	寘	측	去
欭	寘	측	去
謉	寘	측	去
鯚	寘	측	去
螆	寘	측	去
貱	寘	측	去
槜	寘	측	去
衈	寘	측	去
蝞	寘	측	去
亄	寘	측	去
駤	寘	측	去
絘	寘	측	去
嘳	寘	측	去
嚊	寘	측	去
呮	寘	측	去
錗	寘	측	去
袣	寘	측	去
滍	寘	측	去
糦	寘	측	去
螅	寘	측	去
蔧	寘	측	去
攱	寘	측	去
訵	寘	측	去
坔	寘	측	去
忥	寘	측	去
稩	寘	측	去
螝	寘	측	去
貤	寘	측	去
栨	寘	측	去
鍦	寘	측	去
憙	寘	측	去
芖	寘	측	去
筫	寘	측	去
潪	寘	측	去
腄	寘	측	去
瀃	寘	측	去
徛	寘	측	去
戠	寘	측	去
邔	寘	측	去
嬑	寘	측	去
瞡	寘	측	去
翆	寘	측	去
鶅	寘	측	去
輢	寘	측	去
鄪	寘	측	去
賥	寘	측	去
沶	寘	측	去
妼	寘	측	去
珕	寘	측	去
婎	寘	측	去
覟	寘	측	去
佊	寘	측	去
邲	寘	측	去
聏	寘	측	去
眭	寘	측	去
術	寘	측	去
嬟	寘	측	去
贀	寘	측	去
檍	寘	측	去
扻	寘	측	去
梞	寘	측	去
埴	寘	측	去
袘	寘	측	去
牭	寘	측	去
醀	寘	측	去
楴	寘	측	去
鐾	寘	측	去
鑆	寘	측	去
胒	寘	측	去
囟	寘	측	去
藣	寘	측	去
秲	寘	측	去
茡	寘	측	去
夡	寘	측	去
蔇	寘	측	去
蕼	寘	측	去
帺	寘	측	去
搱	寘	측	去
吱	寘	측	去
鷧	寘	측	去
饖	寘	측	去
誃	寘	측	去
馶	寘	측	去
詒	寘	측	去
浰	寘	측	去
瓗	寘	측	去
祱	寘	측	去
硊	寘	측	去
枈	寘	측	去
唭	寘	측	去
佴	寘	측	去
怶	寘	측	去
酨	寘	측	去
鴲	寘	측	去
撌	寘	측	去
腃	寘	측	去
蟌	寘	측	去
孖	寘	측	去
韢	寘	측	去
跮	寘	측	去
潩	寘	측	去
燱	寘	측	去
肶	寘	측	去
卶	寘	측	去
畁	寘	측	去
羛	寘	측	去
娷	寘	측	去
誀	寘	측	去
痵	寘	측	去
濢	寘	측	去
其	寘	측	去
禷	寘	측	去
絥	寘	측	去
洷	寘	측	去
諅	寘	측	去
芓	寘	측	去
穖	寘	측	去
徝	寘	측	去
杫	寘	측	去
殔	寘	측	去
詄	寘	측	去
垝	寘	측	去
娡	寘	측	去
汥	寘	측	去
鞁	寘	측	去
嚜	寘	측	去
纗	寘	측	去
煝	寘	측	去
憄	寘	측	去
犕	寘	측	去
柴	寘	측	去
聭	寘	측	去
轛	寘	측	去
肞	寘	측	去
臎	寘	측	去
蠔	寘	측	去
騺	寘	측	去
枇	寘	측	去
貄	寘	측	去
怬	寘	측	去
洓	寘	측	去
恎	寘	측	去
襣	寘	측	去
哆	寘	측	去
茦	寘	측	去
粊	寘	측	去
嬘	寘	측	去
睸	寘	측	去
㩻	寘	측	去
䆳	寘	측	去
㘩	寘	측	去
㱁	寘	측	去
䞃	寘	측	去
㑶	寘	측	去
䎶	寘	측	去
䠔	寘	측	去
㞓	寘	측	去
㢰	寘	측	去
䜐	寘	측	去
䬥	寘	측	去
㦐	寘	측	去
㳏	寘	측	去
䀣	寘	측	去
䣵	寘	측	去
䔬	寘	측	去
㿫	寘	측	去
㛅	寘	측	去
㑥	寘	측	去
㢀	寘	측	去
㱴	寘	측	去
䐉	寘	측	去
㣇	寘	측	去
㯜	寘	측	去
㕄	寘	측	去
䩀	寘	측	去
䳐	寘	측	去
㱖	寘	측	去
㹑	寘	측	去
䪐	寘	측	去
㞖	寘	측	去
㨖	寘	측	去
㒾	寘	측	去
䰎	寘	측	去
䜻	寘	측	去
䏪	寘	측	去
㙺	寘	측	去
㻑	寘	측	去
㱲	寘	측	去
㑧	寘	측	去
䏯	寘	측	去
㸂	寘	측	去
㐸	寘	측	去
䀿	寘	측	去
㸢	寘	측	去
㵨	寘	측	去
㢻	寘	측	去
䇐	寘	측	去
㿷	寘	측	去
䔹	寘	측	去
䠦	寘	측	去
䜜	寘	측	去
㜇	寘	측	去
㤦	寘	측	去
㽷	寘	측	去
䦯	寘	측	去
䎵	寘	측	去
䆊	寘	측	去
㨁	寘	측	去
䅆	寘	측	去
㣁	寘	측	去
㢽	寘	측	去
㣈	寘	측	去
䛈	寘	측	去
㦉	寘	측	去
䩃	寘	측	去
䛋	寘	측	去
䄁	寘	측	去
䉅	寘	측	去
㰣	寘	측	去
䙡	寘	측	去
䚳	寘	측	去
䆈	寘	측	去
䄲	寘	측	去
䉜	寘	측	去
䠏	寘	측	去
㧘	寘	측	去
䉾	寘	측	去
㳵	寘	측	去
㥡	寘	측	去
䐀	寘	측	去
䰨	寘	측	去
㸍	寘	측	去
䕌	寘	측	去
䕗	寘	측	去
䝯	寘	측	去
䓽	寘	측	去
䢦	寘	측	去
㴛	寘	측	去
㻽	寘	측	去
㦤	寘	측	去
㽈	寘	측	去
㒸	寘	측	去
㴃	寘	측	去
䣦	寘	측	去
䰡	寘	측	去
䞈	寘	측	去
䗹	寘	측	去
䁛	寘	측	去
㓨	寘	측	去
䓌	寘	측	去
䘭	寘	측	去
䰯	寘	측	去
䋘	寘	측	去
㒃	寘	측	去
䗽	寘	측	去
䑄	寘	측	去
䲀	寘	측	去
䝸	寘	측	去
㥞	寘	측	去
䫁	寘	측	去
䯸	寘	측	去
䜵	寘	측	去
㴚	寘	측	去
䯣	寘	측	去
㥍	寘	측	去
䉌	寘	측	去
䭄	寘	측	去
㩼	寘	측	去
䡵	寘	측	去
䉋	寘	측	去
㮹	寘	측	去
䋟	寘	측	去
䥙	寘	측	去
䢋	寘	측	去
䨳	寘	측	去
㿙	寘	측	去
䦙	寘	측	去
㾽	寘	측	去
䕚	寘	측	去
䏤	寘	측	去
䨽	寘	측	去
𥴦	寘	측	去
𢴨	寘	측	去
𩪧	寘	측	去
𤡬	寘	측	去
𩰢	寘	측	去
𨬝	寘	측	去
𩥉	寘	측	去
𣨙	寘	측	去
𧠎	寘	측	去
𤹝	寘	측	去
𩏚	寘	측	去
𩍘	寘	측	去
𣣌	寘	측	去
𢈶	寘	측	去
𨿠	寘	측	去
𦥊	寘	측	去
𨚓	寘	측	去
𧙁	寘	측	去
𣖾	寘	측	去
𨽸	寘	측	去
氣	未	측	去
貴	未	측	去
味	未	측	去
未	未	측	去
畏	未	측	去
慰	未	측	去
沸	未	측	去
費	未	측	去
緯	未	측	去
魏	未	측	去
謂	未	측	去
渭	未	측	去
諱	未	측	去
既	未	측	去
旣	未	측	去
毅	未	측	去
蝟	未	측	去
胃	未	측	去
尉	未	측	去
欷	未	측	去
餼	未	측	去
蔚	未	측	去
衣	未	측	去
罻	未	측	去
芾	未	측	去
髴	未	측	去
彙	未	측	去
狒	未	측	去
卉	未	측	去
愾	未	측	去
汽	未	측	去
溉	未	측	去
漑	未	측	去
暨	未	측	去
塈	未	측	去
誹	未	측	去
熂	未	측	去
屝	未	측	去
翡	未	측	去
蜚	未	측	去
剕	未	측	去
媦	未	측	去
黖	未	측	去
菋	未	측	去
霨	未	측	去
熨	未	측	去
唏	未	측	去
瞆	未	측	去
痱	未	측	去
菲	未	측	去
煟	未	측	去
黂	未	측	去
芔	未	측	去
瞶	未	측	去
穊	未	측	去
胇	未	측	去
顡	未	측	去
泋	未	측	去
藙	未	측	去
俷	未	측	去
藯	未	측	去
昲	未	측	去
螱	未	측	去
靅	未	측	去
笰	未	측	去
攈	未	측	去
陫	未	측	去
鯡	未	측	去
緭	未	측	去
刏	未	측	去
奜	未	측	去
霼	未	측	去
犚	未	측	去
旡	未	측	去
盵	未	측	去
喡	未	측	去
荱	未	측	去
蛂	未	측	去
摡	未	측	去
甶	未	측	去
忥	未	측	去
蔇	未	측	去
濷	未	측	去
鮇	未	측	去
蘶	未	측	去
炥	未	측	去
禨	未	측	去
餥	未	측	去
鱀	未	측	去
滊	未	측	去
犔	未	측	去
蕜	未	측	去
䠊	未	측	去
䤒	未	측	去
䛍	未	측	去
㭑	未	측	去
㔗	未	측	去
䪋	未	측	去
㒫	未	측	去
䬣	未	측	去
䭳	未	측	去
䮎	未	측	去
䰁	未	측	去
䲁	未	측	去
㵒	未	측	去
㩌	未	측	去
䝘	未	측	去
䵝	未	측	去
㰟	未	측	去
䙿	未	측	去
㫓	未	측	去
䆏	未	측	去
䝿	未	측	去
䊧	未	측	去
㥜	未	측	去
䊠	未	측	去
䀈	未	측	去
䉨	未	측	去
䬑	未	측	去
䨾	未	측	去
䊊	未	측	去
𧱲	未	측	去
𥄱	未	측	去
𩰾	未	측	去
𣢆	未	측	去
𥝈	未	측	去
𢖫	未	측	去
絮	御	측	去
曙	御	측	去
禦	御	측	去
御	御	측	去
馭	御	측	去
助	御	측	去
署	御	측	去
據	御	측	去
箸	御	측	去
筯	御	측	去
譽	御	측	去
慮	御	측	去
豫	御	측	去
翥	御	측	去
踞	御	측	去
遽	御	측	去
庶	御	측	去
覷	御	측	去
恕	御	측	去
預	御	측	去
洳	御	측	去
飫	御	측	去
去	御	측	去
處	御	측	去
澦	御	측	去
鋸	御	측	去
倨	御	측	去
語	御	측	去
如	御	측	去
輿	御	측	去
蕷	御	측	去
茹	御	측	去
濾	御	측	去
與	御	측	去
除	御	측	去
著	御	측	去
淤	御	측	去
薯	御	측	去
醵	御	측	去
舁	御	측	去
鋁	御	측	去
鑢	御	측	去
穥	御	측	去
噓	御	측	去
詛	御	측	去
懅	御	측	去
悆	御	측	去
櫖	御	측	去
鏣	御	측	去
楚	御	측	去
詎	御	측	去
呿	御	측	去
瘀	御	측	去
鐻	御	측	去
怵	御	측	去
沮	御	측	去
歟	御	측	去
礜	御	측	去
悇	御	측	去
麆	御	측	去
豦	御	측	去
忬	御	측	去
爈	御	측	去
濖	御	측	去
櫡	御	측	去
藇	御	측	去
棜	御	측	去
躆	御	측	去
鸒	御	측	去
椐	御	측	去
暏	御	측	去
藷	御	측	去
女	御	측	去
勴	御	측	去
澽	御	측	去
耝	御	측	去
嗻	御	측	去
勮	御	측	去
狙	御	측	去
櫲	御	측	去
謯	御	측	去
怚	御	측	去
饇	御	측	去
儊	御	측	去
坥	御	측	去
壉	御	측	去
嫬	御	측	去
莇	御	측	去
胠	御	측	去
竌	御	측	去
麮	御	측	去
謶	御	측	去
㰦	御	측	去
㵂	御	측	去
䎝	御	측	去
䭖	御	측	去
䥨	御	측	去
䁦	御	측	去
䂊	御	측	去
䘄	御	측	去
㵖	御	측	去
㫢	御	측	去
㾻	御	측	去
䢩	御	측	去
䱟	御	측	去
䉀	御	측	去
㣽	御	측	去
㫂	御	측	去
䛯	御	측	去
㫹	御	측	去
䬡	御	측	去
𡫽	御	측	去
𡱣	御	측	去
路	遇	측	去
暮	遇	측	去
住	遇	측	去
露	遇	측	去
賦	遇	측	去
霧	遇	측	去
步	遇	측	去
渡	遇	측	去
顧	遇	측	去
遇	遇	측	去
素	遇	측	去
故	遇	측	去
誤	遇	측	去
具	遇	측	去
度	遇	측	去
護	遇	측	去
注	遇	측	去
註	遇	측	去
悟	遇	측	去
慕	遇	측	去
妒	遇	측	去
妬	遇	측	去
墓	遇	측	去
固	遇	측	去
鷺	遇	측	去
布	遇	측	去
句	遇	측	去
駐	遇	측	去
訴	遇	측	去
趣	遇	측	去
兔	遇	측	去
屨	遇	측	去
戍	遇	측	去
務	遇	측	去
傅	遇	측	去
懼	遇	측	去
惧	遇	측	去
愳	遇	측	去
蠹	遇	측	去
蠧	遇	측	去
樹	遇	측	去
寓	遇	측	去
附	遇	측	去
付	遇	측	去
汙	遇	측	去
晤	遇	측	去
鑄	遇	측	去
騖	遇	측	去
疏	遇	측	去
哺	遇	측	去
互	遇	측	去
屢	遇	측	去
赴	遇	측	去
庫	遇	측	去
怖	遇	측	去
祚	遇	측	去
褲	遇	측	去
忤	遇	측	去
寤	遇	측	去
負	遇	측	去
喻	遇	측	去
溯	遇	측	去
泝	遇	측	去
遡	遇	측	去
數	遇	측	去
冱	遇	측	去
裕	遇	측	去
孺	遇	측	去
措	遇	측	去
痼	遇	측	去
婦	遇	측	去
芋	遇	측	去
諭	遇	측	去
愫	遇	측	去
嫗	遇	측	去
濩	遇	측	去
捕	遇	측	去
怒	遇	측	去
輅	遇	측	去
錮	遇	측	去
瓠	遇	측	去
富	遇	측	去
惡	遇	측	去
迕	遇	측	去
莫	遇	측	去
雨	遇	측	去
娶	遇	측	去
鮒	遇	측	去
聚	遇	측	去
訃	遇	측	去
吐	遇	측	去
澍	遇	측	去
鶩	遇	측	去
婺	遇	측	去
仆	遇	측	去
醋	遇	측	去
嫭	遇	측	去
募	遇	측	去
賂	遇	측	去
塑	遇	측	去
頀	遇	측	去
颶	遇	측	去
璐	遇	측	去
呼	遇	측	去
炷	遇	측	去
亍	遇	측	去
胙	遇	측	去
鋪	遇	측	去
苦	遇	측	去
霔	遇	측	去
呴	遇	측	去
圃	遇	측	去
籲	遇	측	去
吁	遇	측	去
愬	遇	측	去
蛀	遇	측	去
柱	遇	측	去
嗉	遇	측	去
羽	遇	측	去
祔	遇	측	去
阼	遇	측	去
煦	遇	측	去
埠	遇	측	去
絝	遇	측	去
潞	遇	측	去
錯	遇	측	去
副	遇	측	去
咐	遇	측	去
簬	遇	측	去
斁	遇	측	去
賻	遇	측	去
酗	遇	측	去
戽	遇	측	去
擭	遇	측	去
鍍	遇	측	去
驅	遇	측	去
厝	遇	측	去
傃	遇	측	去
埧	遇	측	去
頋	遇	측	去
輸	遇	측	去
瞀	遇	측	去
酺	遇	측	去
枑	遇	측	去
捂	遇	측	去
祻	遇	측	去
菟	遇	측	去
酤	遇	측	去
茹	遇	측	去
餔	遇	측	去
謼	遇	측	去
馵	遇	측	去
屬	遇	측	去
足	遇	측	去
瞿	遇	측	去
跗	遇	측	去
疰	遇	측	去
蚹	遇	측	去
堌	遇	측	去
袝	遇	측	去
作	遇	측	去
胍	遇	측	去
穫	遇	측	去
雇	遇	측	去
胯	遇	측	去
絇	遇	측	去
覦	遇	측	去
抪	遇	측	去
蒟	遇	측	去
俉	遇	측	去
啎	遇	측	去
腧	遇	측	去
虂	遇	측	去
熃	遇	측	去
綔	遇	측	去
紸	遇	측	去
窹	遇	측	去
涸	遇	측	去
奼	遇	측	去
詛	遇	측	去
駙	遇	측	去
鮬	遇	측	去
捗	遇	측	去
鉒	遇	측	去
飳	遇	측	去
葄	遇	측	去
殶	遇	측	去
韄	遇	측	去
祩	遇	측	去
鵵	遇	측	去
棝	遇	측	去
崓	遇	측	去
蕗	遇	측	去
嵍	遇	측	去
婟	遇	측	去
裋	遇	측	去
芏	遇	측	去
侸	遇	측	去
尌	遇	측	去
誧	遇	측	去
鵏	遇	측	去
娪	遇	측	去
鱯	遇	측	去
鏴	遇	측	去
嫊	遇	측	去
豧	遇	측	去
怘	遇	측	去
孵	遇	측	去
榡	遇	측	去
怐	遇	측	去
鵅	遇	측	去
饇	遇	측	去
詂	遇	측	去
瘺	遇	측	去
龥	遇	측	去
姇	遇	측	去
魱	遇	측	去
媀	遇	측	去
稒	遇	측	去
鸌	遇	측	去
敄	遇	측	去
旿	遇	측	去
聥	遇	측	去
陚	遇	측	去
摢	遇	측	去
咮	遇	측	去
縸	遇	측	去
鯝	遇	측	去
縤	遇	측	去
秅	遇	측	去
姹	遇	측	去
捬	遇	측	去
鈷	遇	측	去
篧	遇	측	去
禺	遇	측	去
攎	遇	측	去
忂	遇	측	去
嬎	遇	측	去
秙	遇	측	去
蘁	遇	측	去
榑	遇	측	去
紨	遇	측	去
弖	遇	측	去
罜	遇	측	去
齼	遇	측	去
鴮	遇	측	去
秨	遇	측	去
盓	遇	측	去
胕	遇	측	去
迬	遇	측	去
凅	遇	측	去
喥	遇	측	去
捒	遇	측	去
墿	遇	측	去
荹	遇	측	去
軴	遇	측	去
慔	遇	측	去
秺	遇	측	去
埾	遇	측	去
緅	遇	측	去
陠	遇	측	去
隃	遇	측	去
奦	遇	측	去
趶	遇	측	去
姁	遇	측	去
邭	遇	측	去
䊺	遇	측	去
䑰	遇	측	去
䪒	遇	측	去
㬬	遇	측	去
㤔	遇	측	去
㾟	遇	측	去
䴁	遇	측	去
㸦	遇	측	去
䵕	遇	측	去
䒀	遇	측	去
䐍	遇	측	去
䍛	遇	측	去
㽽	遇	측	去
䝬	遇	측	去
㻉	遇	측	去
䞯	遇	측	去
㲓	遇	측	去
㓃	遇	측	去
㳍	遇	측	去
㜐	遇	측	去
䠼	遇	측	去
䣴	遇	측	去
䥄	遇	측	去
䦌	遇	측	去
䨁	遇	측	去
䨼	遇	측	去
䮛	遇	측	去
㯝	遇	측	去
䎷	遇	측	去
䇘	遇	측	去
䛾	遇	측	去
㺛	遇	측	去
䂤	遇	측	去
㨞	遇	측	去
䠵	遇	측	去
㹘	遇	측	去
䝵	遇	측	去
䟔	遇	측	去
䊇	遇	측	去
䟻	遇	측	去
㧽	遇	측	去
䔯	遇	측	去
㕖	遇	측	去
㚴	遇	측	去
䘱	遇	측	去
䀠	遇	측	去
㹥	遇	측	去
䈮	遇	측	去
㴑	遇	측	去
䣱	遇	측	去
䝾	遇	측	去
䜑	遇	측	去
䜴	遇	측	去
䓢	遇	측	去
䎸	遇	측	去
𩣷	遇	측	去
𥉁	遇	측	去
𦺉	遇	측	去
𧏺	遇	측	去
𧯛	遇	측	去
𠕦	遇	측	去
𤸵	遇	측	去
𩽩	遇	측	去
世	霽	측	去
計	霽	측	去
際	霽	측	去
歲	霽	측	去
細	霽	측	去
霽	霽	측	去
勢	霽	측	去
麗	霽	측	去
桂	霽	측	去
袂	霽	측	去
逝	霽	측	去
第	霽	측	去
制	霽	측	去
帝	霽	측	去
系	霽	측	去
繼	霽	측	去
滯	霽	측	去
砌	霽	측	去
裔	霽	측	去
翳	霽	측	去
惠	霽	측	去
厲	霽	측	去
繫	霽	측	去
衛	霽	측	去
髻	霽	측	去
藝	霽	측	去
憩	霽	측	去
蔽	霽	측	去
蒂	霽	측	去
蔕	霽	측	去
稅	霽	측	去
替	霽	측	去
唳	霽	측	去
荔	霽	측	去
製	霽	측	去
敝	霽	측	去
例	霽	측	去
脆	霽	측	去
銳	霽	측	去
詣	霽	측	去
弊	霽	측	去
閉	霽	측	去
閇	霽	측	去
慧	霽	측	去
契	霽	측	去
婿	霽	측	去
壻	霽	측	去
誓	霽	측	去
蕙	霽	측	去
睨	霽	측	去
礪	霽	측	去
隶	霽	측	去
隸	霽	측	去
隷	霽	측	去
曳	霽	측	去
癘	霽	측	去
睇	霽	측	去
贅	霽	측	去
噬	霽	측	去
戾	霽	측	去
諦	霽	측	去
勵	霽	측	去
幣	霽	측	去
斃	霽	측	去
獘	霽	측	去
綴	霽	측	去
枻	霽	측	去
禊	霽	측	去
薊	霽	측	去
澨	霽	측	去
儷	霽	측	去
劑	霽	측	去
毳	霽	측	去
嘒	霽	측	去
薙	霽	측	去
䯻	霽	측	去
汭	霽	측	去
係	霽	측	去
曀	霽	측	去
祭	霽	측	去
彘	霽	측	去
蚋	霽	측	去
離	霽	측	去
棣	霽	측	去
濟	霽	측	去
瘞	霽	측	去
蛻	霽	측	去
筮	霽	측	去
罽	霽	측	去
謎	霽	측	去
剃	霽	측	去
涕	霽	측	去
濞	霽	측	去
殪	霽	측	去
偈	霽	측	去
囈	霽	측	去
睿	霽	측	去
殢	霽	측	去
羿	霽	측	去
嚏	霽	측	去
弟	霽	측	去
遰	霽	측	去
枘	霽	측	去
堄	霽	측	去
遞	霽	측	去
盭	霽	측	去
蠣	霽	측	去
媲	霽	측	去
猘	霽	측	去
說	霽	측	去
嬖	霽	측	去
泄	霽	측	去
洩	霽	측	去
貰	霽	측	去
嚌	霽	측	去
泥	霽	측	去
懘	霽	측	去
傺	霽	측	去
締	霽	측	去
劌	霽	측	去
柢	霽	측	去
蓺	霽	측	去
揭	霽	측	去
蜧	霽	측	去
穧	霽	측	去
沴	霽	측	去
禘	霽	측	去
踶	霽	측	去
薜	霽	측	去
屜	霽	측	去
漈	霽	측	去
涖	霽	측	去
糲	霽	측	去
芮	霽	측	去
筀	霽	측	去
噦	霽	측	去
愒	霽	측	去
蹶	霽	측	去
切	霽	측	去
掣	霽	측	去
槥	霽	측	去
寱	霽	측	去
妻	霽	측	去
擠	霽	측	去
彗	霽	측	去
篲	霽	측	去
襼	霽	측	去
轊	霽	측	去
釱	霽	측	去
蘙	霽	측	去
揥	霽	측	去
秇	霽	측	去
甈	霽	측	去
逮	霽	측	去
鱖	霽	측	去
題	霽	측	去
眥	霽	측	去
眦	霽	측	去
埶	霽	측	去
帨	霽	측	去
穄	霽	측	去
涚	霽	측	去
軑	霽	측	去
螮	霽	측	去
蟪	霽	측	去
綟	霽	측	去
憏	霽	측	去
砅	霽	측	去
箅	霽	측	去
瞖	霽	측	去
竁	霽	측	去
墆	霽	측	去
鯷	霽	측	去
欐	霽	측	去
悷	霽	측	去
嫕	霽	측	去
睥	霽	측	去
瘈	霽	측	去
齊	霽	측	去
唑	霽	측	去
璿	霽	측	去
軎	霽	측	去
蜹	霽	측	去
珶	霽	측	去
棙	霽	측	去
鏏	霽	측	去
熭	霽	측	去
觢	霽	측	去
晢	霽	측	去
醫	霽	측	去
暳	霽	측	去
捩	霽	측	去
銴	霽	측	去
昋	霽	측	去
霓	霽	측	去
蜺	霽	측	去
娣	霽	측	去
盻	霽	측	去
裼	霽	측	去
紒	霽	측	去
鷩	霽	측	去
攦	霽	측	去
迾	霽	측	去
醊	霽	측	去
洟	霽	측	去
跇	霽	측	去
杕	霽	측	去
簭	霽	측	去
蝭	霽	측	去
慸	霽	측	去
蹛	霽	측	去
劙	霽	측	去
稧	霽	측	去
躗	霽	측	去
葪	霽	측	去
嵽	霽	측	去
枍	霽	측	去
濿	霽	측	去
淠	霽	측	去
鄨	霽	측	去
迣	霽	측	去
讆	霽	측	去
獙	霽	측	去
疐	霽	측	去
摖	霽	측	去
檵	霽	측	去
畷	霽	측	去
偙	霽	측	去
櫗	霽	측	去
腣	霽	측	去
瘱	霽	측	去
檕	霽	측	去
銐	霽	측	去
儶	霽	측	去
焍	霽	측	去
鐴	霽	측	去
齌	霽	측	去
跩	霽	측	去
瀱	霽	측	去
豷	霽	측	去
媂	霽	측	去
僀	霽	측	去
蟿	霽	측	去
殹	霽	측	去
蘮	霽	측	去
槸	霽	측	去
鮨	霽	측	去
彑	霽	측	去
彆	霽	측	去
橇	霽	측	去
渧	霽	측	去
彐	霽	측	去
罊	霽	측	去
楴	霽	측	去
怟	霽	측	去
蘻	霽	측	去
鷤	霽	측	去
摕	霽	측	去
袣	霽	측	去
奃	霽	측	去
鮤	霽	측	去
蛈	霽	측	去
裞	霽	측	去
栵	霽	측	去
詍	霽	측	去
疶	霽	측	去
挮	霽	측	去
浙	霽	측	去
狾	霽	측	去
妎	霽	측	去
幆	霽	측	去
鈌	霽	측	去
鈗	霽	측	去
懠	霽	측	去
丿	霽	측	去
魝	霽	측	去
櫅	霽	측	去
贎	霽	측	去
誽	霽	측	去
浰	霽	측	去
鑖	霽	측	去
韢	霽	측	去
橞	霽	측	去
痸	霽	측	去
赽	霽	측	去
栛	霽	측	去
骶	霽	측	去
炔	霽	측	去
濔	霽	측	去
鏸	霽	측	去
栺	霽	측	去
寭	霽	측	去
帠	霽	측	去
櫔	霽	측	去
祱	霽	측	去
忕	霽	측	去
鰶	霽	측	去
轚	霽	측	去
犡	霽	측	去
潎	霽	측	去
慀	霽	측	去
潓	霽	측	去
泲	霽	측	去
哾	霽	측	去
鱥	霽	측	去
暩	霽	측	去
睼	霽	측	去
忚	霽	측	去
玴	霽	측	去
捙	霽	측	去
抁	霽	측	去
曞	霽	측	去
遾	霽	측	去
靪	霽	측	去
炅	霽	측	去
臷	霽	측	去
達	霽	측	去
眱	霽	측	去
譓	霽	측	去
噎	霽	측	去
戻	霽	측	去
嫛	霽	측	去
鶗	霽	측	去
眭	霽	측	去
爄	霽	측	去
淣	霽	측	去
趆	霽	측	去
瞉	霽	측	去
栬	霽	측	去
榽	霽	측	去
猰	霽	측	去
捝	霽	측	去
璏	霽	측	去
瘛	霽	측	去
笍	霽	측	去
巁	霽	측	去
裚	霽	측	去
呭	霽	측	去
溎	霽	측	去
攭	霽	측	去
靾	霽	측	去
瓗	霽	측	去
餀	霽	측	去
悘	霽	측	去
蓕	霽	측	去
禲	霽	측	去
珕	霽	측	去
梊	霽	측	去
掜	霽	측	去
㵝	霽	측	去
䳏	霽	측	去
䱥	霽	측	去
䬅	霽	측	去
㝣	霽	측	去
㓷	霽	측	去
䲪	霽	측	去
䙆	霽	측	去
䄌	霽	측	去
㪒	霽	측	去
㜒	霽	측	去
䡟	霽	측	去
㨹	霽	측	去
㘑	霽	측	去
㩨	霽	측	去
䘙	霽	측	去
㓹	霽	측	去
䇽	霽	측	去
䦇	霽	측	去
㡂	霽	측	去
㸷	霽	측	去
䚕	霽	측	去
䄿	霽	측	去
㳪	霽	측	去
䢃	霽	측	去
䭁	霽	측	去
䏅	霽	측	去
䚉	霽	측	去
䁹	霽	측	去
䄟	霽	측	去
䆿	霽	측	去
㙪	霽	측	去
㑦	霽	측	去
䤞	霽	측	去
㡼	霽	측	去
㜆	霽	측	去
㖂	霽	측	去
䨆	霽	측	去
䅄	霽	측	去
㯔	霽	측	去
㾐	霽	측	去
㦣	霽	측	去
㡜	霽	측	去
䟤	霽	측	去
䶏	霽	측	去
䬽	霽	측	去
䵻	霽	측	去
䎈	霽	측	去
㬩	霽	측	去
㰥	霽	측	去
䶑	霽	측	去
䗟	霽	측	去
㿃	霽	측	去
㲅	霽	측	去
䂱	霽	측	去
䩢	霽	측	去
䫔	霽	측	去
䤱	霽	측	去
䇧	霽	측	去
䓲	霽	측	去
䔾	霽	측	去
䜞	霽	측	去
䠠	霽	측	去
㿛	霽	측	去
䋵	霽	측	去
㽝	霽	측	去
㡀	霽	측	去
䏿	霽	측	去
䐭	霽	측	去
䶩	霽	측	去
䀙	霽	측	去
㨅	霽	측	去
㥷	霽	측	去
䇩	霽	측	去
㪈	霽	측	去
䧥	霽	측	去
㻰	霽	측	去
䕍	霽	측	去
䰏	霽	측	去
㴉	霽	측	去
㸄	霽	측	去
䛖	霽	측	去
䤧	霽	측	去
䶍	霽	측	去
䎺	霽	측	去
䎮	霽	측	去
䟷	霽	측	去
㼖	霽	측	去
䨖	霽	측	去
㵩	霽	측	去
䲦	霽	측	去
㥣	霽	측	去
㹭	霽	측	去
㡫	霽	측	去
䟡	霽	측	去
䀸	霽	측	去
㓯	霽	측	去
㭡	霽	측	去
䇤	霽	측	去
䠘	霽	측	去
㑜	霽	측	去
䩚	霽	측	去
㗣	霽	측	去
㛳	霽	측	去
䓞	霽	측	去
㤡	霽	측	去
䶓	霽	측	去
㔺	霽	측	去
𦒎	霽	측	去
𦇧	霽	측	去
𤜂	霽	측	去
𩊒	霽	측	去
𤤺	霽	측	去
𣴪	霽	측	去
𧫚	霽	측	去
𣃍	霽	측	去
𥉻	霽	측	去
𡢖	霽	측	去
𢄢	霽	측	去
𨇙	霽	측	去
𥶙	霽	측	去
𢰂	霽	측	去
𠭥	霽	측	去
𢘽	霽	측	去
𤫝	霽	측	去
𥶽	霽	측	去
𥰰	霽	측	去
𤸪	霽	측	去
𤛶	霽	측	去
𡿋	霽	측	去
𥉆	霽	측	去
𢢞	霽	측	去
外	泰	측	去
帶	泰	측	去
靄	泰	측	去
賴	泰	측	去
籟	泰	측	去
泰	泰	측	去
瀨	泰	측	去
艾	泰	측	去
害	泰	측	去
大	泰	측	去
鱠	泰	측	去
藹	泰	측	去
蔡	泰	측	去
蓋	泰	측	去
盖	泰	측	去
壒	泰	측	去
柰	泰	측	去
奈	泰	측	去
鄶	泰	측	去
太	泰	측	去
汰	泰	측	去
獪	泰	측	去
丐	泰	측	去
馤	泰	측	去
磕	泰	측	去
癩	泰	측	去
旝	泰	측	去
忲	泰	측	去
糲	泰	측	去
軑	泰	측	去
愒	泰	측	去
釱	泰	측	去
濭	泰	측	去
瞹	泰	측	去
藾	泰	측	去
糩	泰	측	去
堨	泰	측	去
噯	泰	측	去
戤	泰	측	去
嗐	泰	측	去
跢	泰	측	去
忕	泰	측	去
廗	泰	측	去
篕	泰	측	去
忦	泰	측	去
冭	泰	측	去
贎	泰	측	去
攋	泰	측	去
匃	泰	측	去
餀	泰	측	去
鴱	泰	측	去
摕	泰	측	去
溙	泰	측	去
昹	泰	측	去
刏	泰	측	去
艜	泰	측	去
棑	泰	측	去
胈	泰	측	去
簤	泰	측	去
婡	泰	측	去
舦	泰	측	去
瓂	泰	측	去
毻	泰	측	去
笩	泰	측	去
渿	泰	측	去
瘌	泰	측	去
㟋	泰	측	去
䮑	泰	측	去
㞭	泰	측	去
䡷	泰	측	去
㐲	泰	측	去
㲡	泰	측	去
䯤	泰	측	去
䱞	泰	측	去
䈆	泰	측	去
䨠	泰	측	去
䭝	泰	측	去
䔽	泰	측	去
㪡	泰	측	去
㘷	泰	측	去
䲚	泰	측	去
㲕	泰	측	去
㥭	泰	측	去
䓶	泰	측	去
㞧	泰	측	去
䠭	泰	측	去
㯂	泰	측	去
㧩	泰	측	去
㮏	泰	측	去
䊪	泰	측	去
𥄔	泰	측	去
𡕗	泰	측	去
𨞨	泰	측	去
會	泰	측	去
旆	泰	측	去
㝡	泰	측	去
最	泰	측	去
檜	泰	측	去
膾	泰	측	去
繪	泰	측	去
沛	泰	측	去
貝	泰	측	去
霈	泰	측	去
薈	泰	측	去
澮	泰	측	去
狽	泰	측	去
昧	泰	측	去
兌	泰	측	去
儈	泰	측	去
蕞	泰	측	去
翽	泰	측	去
蛻	泰	측	去
廥	泰	측	去
酹	泰	측	去
襘	泰	측	去
噦	泰	측	去
祋	泰	측	去
禬	泰	측	去
駾	泰	측	去
濊	泰	측	去
茷	泰	측	去
杮	泰	측	去
徻	泰	측	去
鋇	泰	측	去
梖	泰	측	去
浿	泰	측	去
癐	泰	측	去
璯	泰	측	去
鋷	泰	측	去
戻	泰	측	去
裞	泰	측	去
珼	泰	측	去
綐	泰	측	去
餯	泰	측	去
幆	泰	측	去
姵	泰	측	去
鐬	泰	측	去
鈗	泰	측	去
郥	泰	측	去
眛	泰	측	去
杸	泰	측	去
襊	泰	측	去
頪	泰	측	去
懀	泰	측	去
祱	泰	측	去
瀢	泰	측	去
犡	泰	측	去
翇	泰	측	去
娧	泰	측	去
絊	泰	측	去
劊	泰	측	去
嬒	泰	측	去
馷	泰	측	去
瞺	泰	측	去
昁	泰	측	去
稡	泰	측	去
䔴	泰	측	去
㝮	泰	측	去
㸽	泰	측	去
㙂	泰	측	去
㤄	泰	측	去
䟺	泰	측	去
䢈	泰	측	去
䠿	泰	측	去
㣛	泰	측	去
䬈	泰	측	去
䰽	泰	측	去
䵳	泰	측	去
㛝	泰	측	去
㸬	泰	측	去
𨘇	泰	측	去
界	卦	측	去
怪	卦	측	去
恠	卦	측	去
拜	卦	측	去
戒	卦	측	去
債	卦	측	去
快	卦	측	去
邁	卦	측	去
隘	卦	측	去
派	卦	측	去
敗	卦	측	去
賣	卦	측	去
介	卦	측	去
壞	卦	측	去
芥	卦	측	去
械	卦	측	去
瘵	卦	측	去
湃	卦	측	去
憊	卦	측	去
薤	卦	측	去
寨	卦	측	去
誡	卦	측	去
懈	卦	측	去
唄	卦	측	去
屆	卦	측	去
届	卦	측	去
稗	卦	측	去
聵	卦	측	去
蠆	卦	측	去
嘬	卦	측	去
疥	卦	측	去
廨	卦	측	去
砦	卦	측	去
蒯	卦	측	去
玠	卦	측	去
犗	卦	측	去
噲	卦	측	去
解	卦	측	去
曬	卦	측	去
夬	卦	측	去
邂	卦	측	去
韛	卦	측	去
瀣	卦	측	去
噫	卦	측	去
價	卦	측	去
喟	卦	측	去
齘	卦	측	去
粺	卦	측	去
勱	卦	측	去
獪	卦	측	去
孬	卦	측	去
蚧	卦	측	去
齂	卦	측	去
欬	卦	측	去
柴	卦	측	去
佅	卦	측	去
躗	卦	측	去
繲	卦	측	去
魪	卦	측	去
衸	卦	측	去
阨	卦	측	去
咶	卦	측	去
唏	卦	측	去
駃	卦	측	去
呃	卦	측	去
嶰	卦	측	去
譺	卦	측	去
韰	卦	측	去
賹	卦	측	去
吤	卦	측	去
懀	卦	측	去
膪	卦	측	去
袃	卦	측	去
悈	卦	측	去
欯	卦	측	去
攦	卦	측	去
庍	卦	측	去
簣	卦	측	去
炌	卦	측	去
欳	卦	측	去
丯	卦	측	去
紒	卦	측	去
蕢	卦	측	去
楐	卦	측	去
棑	卦	측	去
欼	卦	측	去
琾	卦	측	去
祭	卦	측	去
汖	卦	측	去
慸	卦	측	去
囆	卦	측	去
狤	卦	측	去
祄	卦	측	去
噧	卦	측	去
帴	卦	측	去
浿	卦	측	去
骱	卦	측	去
睉	卦	측	去
烗	卦	측	去
眥	卦	측	去
眦	卦	측	去
訍	卦	측	去
餲	卦	측	去
斺	卦	측	去
鶛	卦	측	去
砈	卦	측	去
嘳	卦	측	去
忦	卦	측	去
嬇	卦	측	去
纗	卦	측	去
謑	卦	측	去
妎	卦	측	去
璯	卦	측	去
庎	卦	측	去
喝	卦	측	去
蘾	卦	측	去
㬠	卦	측	去
䪥	卦	측	去
䯰	卦	측	去
䜕	卦	측	去
㑘	卦	측	去
䅬	卦	측	去
䢙	卦	측	去
㝏	卦	측	去
䶐	卦	측	去
㠹	卦	측	去
䇒	卦	측	去
㧔	卦	측	去
䈛	卦	측	去
㠔	卦	측	去
㳗	卦	측	去
䛺	卦	측	去
䵘	卦	측	去
㾏	卦	측	去
㞒	卦	측	去
㦅	卦	측	去
㿍	卦	측	去
䖰	卦	측	去
㕟	卦	측	去
㒠	卦	측	去
䊽	卦	측	去
䝽	卦	측	去
䘍	卦	측	去
㭛	卦	측	去
䒔	卦	측	去
䦏	卦	측	去
䦤	卦	측	去
䴝	卦	측	去
㖑	卦	측	去
㳦	卦	측	去
䚸	卦	측	去
㶔	卦	측	去
㿄	卦	측	去
𢗊	卦	측	去
𧜅	卦	측	去
𧜁	卦	측	去
𣤌	卦	측	去
𥌚	卦	측	去
𣏟	卦	측	去
𡀽	卦	측	去
𨢦	卦	측	去
話	卦	측	去
掛	卦	측	去
畫	卦	측	去
畵	卦	측	去
卦	卦	측	去
絓	卦	측	去
褂	卦	측	去
鎩	卦	측	去
殺	卦	측	去
衩	卦	측	去
尬	卦	측	去
繣	卦	측	去
瘥	卦	측	去
罫	卦	측	去
榨	卦	측	去
睚	卦	측	去
嗄	卦	측	去
詿	卦	측	去
杷	卦	측	去
舙	卦	측	去
黊	卦	측	去
澅	卦	측	去
諣	卦	측	去
䛡	卦	측	去
䇈	卦	측	去
愛	隊	측	去
態	隊	측	去
代	隊	측	去
慨	隊	측	去
礙	隊	측	去
黛	隊	측	去
菜	隊	측	去
再	隊	측	去
概	隊	측	去
戴	隊	측	去
耐	隊	측	去
岱	隊	측	去
槩	隊	측	去
貸	隊	측	去
賽	隊	측	去
靆	隊	측	去
袋	隊	측	去
在	隊	측	去
睞	隊	측	去
嘅	隊	측	去
埭	隊	측	去
賚	隊	측	去
塞	隊	측	去
曖	隊	측	去
柿	隊	측	去
靉	隊	측	去
閡	隊	측	去
裁	隊	측	去
載	隊	측	去
襶	隊	측	去
逮	隊	측	去
簺	隊	측	去
縡	隊	측	去
溉	隊	측	去
玳	隊	측	去
薆	隊	측	去
鼐	隊	측	去
徠	隊	측	去
欬	隊	측	去
縩	隊	측	去
鎧	隊	측	去
愾	隊	측	去
咳	隊	측	去
怠	隊	측	去
劾	隊	측	去
曃	隊	측	去
瑁	隊	측	去
棌	隊	측	去
褦	隊	측	去
輆	隊	측	去
皧	隊	측	去
采	隊	측	去
酨	隊	측	去
摡	隊	측	去
嬡	隊	측	去
蝳	隊	측	去
燤	隊	측	去
螚	隊	측	去
墤	隊	측	去
埰	隊	측	去
蚮	隊	측	去
栽	隊	측	去
杚	隊	측	去
儗	隊	측	去
懝	隊	측	去
棑	隊	측	去
瀻	隊	측	去
婇	隊	측	去
璦	隊	측	去
佴	隊	측	去
洅	隊	측	去
柋	隊	측	去
鴱	隊	측	去
㤥	隊	측	去
䣬	隊	측	去
㾢	隊	측	去
㝵	隊	측	去
㕢	隊	측	去
䒫	隊	측	去
䚅	隊	측	去
䵧	隊	측	去
㻖	隊	측	去
㧉	隊	측	去
㙕	隊	측	去
㑷	隊	측	去
㕌	隊	측	去
𣉘	隊	측	去
𢟪	隊	측	去
輩	隊	측	去
內	隊	측	去
佩	隊	측	去
對	隊	측	去
碎	隊	측	去
背	隊	측	去
廢	隊	측	去
退	隊	측	去
晦	隊	측	去
珮	隊	측	去
隊	隊	측	去
吠	隊	측	去
穢	隊	측	去
塊	隊	측	去
妹	隊	측	去
肺	隊	측	去
配	隊	측	去
潰	隊	측	去
喙	隊	측	去
耒	隊	측	去
昧	隊	측	去
誨	隊	측	去
闠	隊	측	去
碓	隊	측	去
刈	隊	측	去
乂	隊	측	去
憒	隊	측	去
焙	隊	측	去
痗	隊	측	去
回	隊	측	去
廻	隊	측	去
迴	隊	측	去
囬	隊	측	去
纇	隊	측	去
淬	隊	측	去
倅	隊	측	去
沬	隊	측	去
磑	隊	측	去
憝	隊	측	去
酹	隊	측	去
悔	隊	측	去
瀣	隊	측	去
悖	隊	측	去
頮	隊	측	去
礌	隊	측	去
晬	隊	측	去
繢	隊	측	去
靧	隊	측	去
倍	隊	측	去
北	隊	측	去
瀩	隊	측	去
抺	隊	측	去
啐	隊	측	去
綷	隊	측	去
傫	隊	측	去
鐓	隊	측	去
邶	隊	측	去
韎	隊	측	去
濧	隊	측	去
薱	隊	측	去
圚	隊	측	去
儽	隊	측	去
孛	隊	측	去
擂	隊	측	去
眛	隊	측	去
敦	隊	측	去
朏	隊	측	去
昩	隊	측	去
誶	隊	측	去
褙	隊	측	去
茷	隊	측	去
捘	隊	측	去
脢	隊	측	去
癈	隊	측	去
憞	隊	측	去
篃	隊	측	去
繀	隊	측	去
胇	隊	측	去
啛	隊	측	去
蝐	隊	측	去
槶	隊	측	去
鮁	隊	측	去
殨	隊	측	去
鼣	隊	측	去
嶏	隊	측	去
苝	隊	측	去
犻	隊	측	去
顪	隊	측	去
砩	隊	측	去
饖	隊	측	去
橃	隊	측	去
靅	隊	측	去
柭	隊	측	去
銇	隊	측	去
錊	隊	측	去
嬇	隊	측	去
烠	隊	측	去
鞼	隊	측	去
嚜	隊	측	去
杮	隊	측	去
櫑	隊	측	去
鼥	隊	측	去
膭	隊	측	去
燊	隊	측	去
蓌	隊	측	去
螝	隊	측	去
櫠	隊	측	去
哱	隊	측	去
埣	隊	측	去
怢	隊	측	去
獩	隊	측	去
慖	隊	측	去
轛	隊	측	去
礧	隊	측	去
瀢	隊	측	去
刏	隊	측	去
詯	隊	측	去
頪	隊	측	去
琗	隊	측	去
簂	隊	측	去
睟	隊	측	去
祽	隊	측	去
跊	隊	측	去
眊	隊	측	去
姵	隊	측	去
䨴	隊	측	去
㾦	隊	측	去
㣻	隊	측	去
䃍	隊	측	去
䉪	隊	측	去
䕠	隊	측	去
䯟	隊	측	去
䋳	隊	측	去
䏗	隊	측	去
䨺	隊	측	去
㑍	隊	측	去
㘨	隊	측	去
㐻	隊	측	去
䵢	隊	측	去
㳃	隊	측	去
㫲	隊	측	去
㲼	隊	측	去
䠩	隊	측	去
䘹	隊	측	去
䀛	隊	측	去
䌆	隊	측	去
㻗	隊	측	去
䮹	隊	측	去
㔨	隊	측	去
䈐	隊	측	去
䊃	隊	측	去
䩈	隊	측	去
䜋	隊	측	去
䚨	隊	측	去
㠚	隊	측	去
䐴	隊	측	去
䃀	隊	측	去
䂕	隊	측	去
㬣	隊	측	去
䒹	隊	측	去
䉬	隊	측	去
䣂	隊	측	去
䛛	隊	측	去
䖊	隊	측	去
㥆	隊	측	去
𥳊	隊	측	去
𣨶	隊	측	去
𢂛	隊	측	去
𨯢	隊	측	去
潤	震	측	去
信	震	측	去
鬢	震	측	去
鬂	震	측	去
印	震	측	去
進	震	측	去
陣	震	측	去
訊	震	측	去
仞	震	측	去
峻	震	측	去
俊	震	측	去
儁	震	측	去
鎮	震	측	去
鎭	震	측	去
燼	震	측	去
晉	震	측	去
駿	震	측	去
順	震	측	去
刃	震	측	去
舜	震	측	去
震	震	측	去
認	震	측	去
吝	震	측	去
振	震	측	去
瞬	震	측	去
迅	震	측	去
閏	震	측	去
慎	震	측	去
愼	震	측	去
覲	震	측	去
釁	震	측	去
殉	震	측	去
軔	震	측	去
浚	震	측	去
櫬	震	측	去
襯	震	측	去
疢	震	측	去
胤	震	측	去
殯	震	측	去
徇	震	측	去
贐	震	측	去
藎	震	측	去
擯	震	측	去
饉	震	측	去
藺	震	측	去
畯	震	측	去
躪	震	측	去
憖	震	측	去
趁	震	측	去
汛	震	측	去
僅	震	측	去
燐	震	측	去
磷	震	측	去
餕	震	측	去
牣	震	측	去
陳	震	측	去
舋	震	측	去
韌	震	측	去
訒	震	측	去
親	震	측	去
遴	震	측	去
紉	震	측	去
蕣	震	측	去
雋	震	측	去
墐	震	측	去
殣	震	측	去
酳	震	측	去
菣	震	측	去
引	震	측	去
瑨	震	측	去
晙	震	측	去
儐	震	측	去
賑	震	측	去
堇	震	측	去
搢	震	측	去
盹	震	측	去
娠	震	측	去
袗	震	측	去
呁	震	측	去
瑱	震	측	去
瑾	震	측	去
殾	震	측	去
楯	震	측	去
圳	震	측	去
診	震	측	去
蜃	震	측	去
齔	震	측	去
睃	震	측	去
驎	震	측	去
螾	震	측	去
縉	震	측	去
轥	震	측	去
焌	震	측	去
靷	震	측	去
鵔	震	측	去
囟	震	측	去
攈	震	측	去
瞤	震	측	去
侲	震	측	去
嚫	震	측	去
橉	震	측	去
儭	震	측	去
訰	震	측	去
垽	震	측	去
葰	震	측	去
檼	震	측	去
甐	震	측	去
閵	震	측	去
朄	震	측	去
填	震	측	去
鬊	震	측	去
枃	震	측	去
抻	震	측	去
菫	震	측	去
琗	震	측	去
扨	震	측	去
焛	震	측	去
稕	震	측	去
螴	震	측	去
璡	震	측	去
懏	震	측	去
洕	震	측	去
麐	震	측	去
眒	震	측	去
疄	震	측	去
鋠	震	측	去
馸	震	측	去
螼	震	측	去
覕	震	측	去
茚	震	측	去
毥	震	측	去
帪	震	측	去
濥	震	측	去
鏻	震	측	去
夋	震	측	去
諄	震	측	去
湚	震	측	去
軐	震	측	去
敒	震	측	去
揗	震	측	去
獜	震	측	去
侚	震	측	去
岕	震	측	去
賐	震	측	去
寴	震	측	去
挋	震	측	去
汮	震	측	去
瞵	震	측	去
寯	震	측	去
奞	震	측	去
杒	震	측	去
綧	震	측	去
鈏	震	측	去
歏	震	측	去
迿	震	측	去
屻	震	측	去
阠	震	측	去
埈	震	측	去
鮣	震	측	去
嫤	震	측	去
璶	震	측	去
溍	震	측	去
廴	震	측	去
橍	震	측	去
猌	震	측	去
瀙	震	측	去
荵	震	측	去
臸	震	측	去
䭀	震	측	去
䏰	震	측	去
䗲	震	측	去
㒞	震	측	去
㠴	震	측	去
䀔	震	측	去
䴄	震	측	去
㬜	震	측	去
䀢	震	측	去
䚏	震	측	去
㧈	震	측	去
䢯	震	측	去
㢙	震	측	去
㣀	震	측	去
㷠	震	측	去
㝻	震	측	去
䒖	震	측	去
㸾	震	측	去
䛜	震	측	去
㼱	震	측	去
䪿	震	측	去
䦞	震	측	去
䉮	震	측	去
㕙	震	측	去
䚱	震	측	去
䜭	震	측	去
䚔	震	측	去
䗯	震	측	去
䞋	震	측	去
䑞	震	측	去
䫃	震	측	去
㖁	震	측	去
䛨	震	측	去
㶦	震	측	去
䏖	震	측	去
㪦	震	측	去
㠈	震	측	去
㐰	震	측	去
㥧	震	측	去
㝦	震	측	去
㶳	震	측	去
𦬄	震	측	去
𥳞	震	측	去
𦺸	震	측	去
𠬍	震	측	去
𥇜	震	측	去
𦚧	震	측	去
𪕞	震	측	去
𧥺	震	측	去
𣱐	震	측	去
問	問	측	去
郡	問	측	去
韻	問	측	去
韵	問	측	去
運	問	측	去
分	問	측	去
訓	問	측	去
暈	問	측	去
奮	問	측	去
慍	問	측	去
醞	問	측	去
靳	問	측	去
糞	問	측	去
紊	問	측	去
聞	問	측	去
近	問	측	去
份	問	측	去
僨	問	측	去
腪	問	측	去
璺	問	측	去
焮	問	측	去
捃	問	측	去
瀵	問	측	去
鄆	問	측	去
餫	問	측	去
汶	問	측	去
隱	問	측	去
蘊	問	측	去
絻	問	측	去
坋	問	측	去
煇	問	측	去
拚	問	측	去
忿	問	측	去
堇	問	측	去
抆	問	측	去
攈	問	측	去
垽	問	측	去
韗	問	측	去
懚	問	측	去
緷	問	측	去
秎	問	측	去
渂	問	측	去
鱝	問	측	去
鶤	問	측	去
檃	問	측	去
員	問	측	去
檼	問	측	去
珺	問	측	去
賱	問	측	去
妏	問	측	去
泿	問	측	去
挋	問	측	去
鼤	問	측	去
忶	問	측	去
鵘	問	측	去
鑂	問	측	去
莬	問	측	去
縥	問	측	去
桾	問	측	去
鐼	問	측	去
歏	問	측	去
縕	問	측	去
馸	問	측	去
斤	問	측	去
脕	問	측	去
枟	問	측	去
臐	問	측	去
魵	問	측	去
㨷	問	측	去
䩵	問	측	去
㸪	問	측	去
㟦	問	측	去
㥼	問	측	去
䝍	問	측	去
㡈	問	측	去
㱵	問	측	去
㧆	問	측	去
㒚	問	측	去
㡥	問	측	去
䲰	問	측	去
䚋	問	측	去
㿎	問	측	去
㞬	問	측	去
㴈	問	측	去
𤸫	問	측	去
健	願	측	去
願	願	측	去
怨	願	측	去
萬	願	측	去
万	願	측	去
勸	願	측	去
獻	願	측	去
蔓	願	측	去
建	願	측	去
憲	願	측	去
券	願	측	去
楦	願	측	去
曼	願	측	去
販	願	측	去
飯	願	측	去
遠	願	측	去
郾	願	측	去
圈	願	측	去
堰	願	측	去
綣	願	측	去
畈	願	측	去
挽	願	측	去
腱	願	측	去
畹	願	측	去
媛	願	측	去
蟃	願	측	去
番	願	측	去
旔	願	측	去
毽	願	측	去
隁	願	측	去
獌	願	측	去
韏	願	측	去
妴	願	측	去
踺	願	측	去
褑	願	측	去
謜	願	측	去
絭	願	측	去
婏	願	측	去
僆	願	측	去
脕	願	측	去
褍	願	측	去
鄤	願	측	去
閞	願	측	去
鬗	願	측	去
鬳	願	측	去
楥	願	측	去
傿	願	측	去
贎	願	측	去
卍	願	측	去
鶨	願	측	去
傆	願	측	去
槾	願	측	去
瓛	願	측	去
褗	願	측	去
虇	願	측	去
臶	願	측	去
汳	願	측	去
椻	願	측	去
牶	願	측	去
奿	願	측	去
瀗	願	측	去
漹	願	측	去
嫣	願	측	去
㪻	願	측	去
㰽	願	측	去
㝃	願	측	去
䄐	願	측	去
䇟	願	측	去
㬅	願	측	去
䛄	願	측	去
䏍	願	측	去
䉊	願	측	去
㸘	願	측	去
㽹	願	측	去
䧮	願	측	去
㤪	願	측	去
㤆	願	측	去
㜛	願	측	去
䝡	願	측	去
㶗	願	측	去
䡬	願	측	去
𩕾	願	측	去
𣀔	願	측	去
𡙷	願	측	去
𨻳	願	측	去
𨠒	願	측	去
𧾨	願	측	去
𩋢	願	측	去
𢑆	願	측	去
𥁠	願	측	去
恨	願	측	去
論	願	측	去
困	願	측	去
寸	願	측	去
嫩	願	측	去
嫰	願	측	去
悶	願	측	去
頓	願	측	去
鈍	願	측	去
遜	願	측	去
褪	願	측	去
坌	願	측	去
噴	願	측	去
溷	願	측	去
巽	願	측	去
艮	願	측	去
慁	願	측	去
遁	願	측	去
遯	願	측	去
噀	願	측	去
鐏	願	측	去
囤	願	측	去
奔	願	측	去
諢	願	측	去
揾	願	측	去
涽	願	측	去
捘	願	측	去
睔	願	측	去
碖	願	측	去
硍	願	측	去
摌	願	측	去
媆	願	측	去
憞	願	측	去
殙	願	측	去
謴	願	측	去
焝	願	측	去
敦	願	측	去
陯	願	측	去
瀳	願	측	去
焌	願	측	去
忳	願	측	去
炃	願	측	去
睴	願	측	去
溣	願	측	去
茛	願	측	去
涃	願	측	去
埨	願	측	去
銌	願	측	去
袸	願	측	去
詪	願	측	去
扽	願	측	去
拵	願	측	去
俒	願	측	去
捹	願	측	去
顐	願	측	去
渀	願	측	去
㥃	願	측	去
㯎	願	측	去
㥵	願	측	去
㫻	願	측	去
㫔	願	측	去
䅱	願	측	去
㴫	願	측	去
㶧	願	측	去
㨰	願	측	去
㧷	願	측	去
䵪	願	측	去
䭡	願	측	去
䭓	願	측	去
䬶	願	측	去
䍎	願	측	去
䤜	願	측	去
䫀	願	측	去
𥃩	願	측	去
𣏔	願	측	去
亂	翰	측	去
漢	翰	측	去
岸	翰	측	去
半	翰	측	去
畔	翰	측	去
看	翰	측	去
換	翰	측	去
歎	翰	측	去
嘆	翰	측	去
旦	翰	측	去
觀	翰	측	去
玩	翰	측	去
翫	翰	측	去
案	翰	측	去
爛	翰	측	去
漫	翰	측	去
幹	翰	측	去
喚	翰	측	去
粲	翰	측	去
翰	翰	측	去
貫	翰	측	去
段	翰	측	去
炭	翰	측	去
難	翰	측	去
幔	翰	측	去
汗	翰	측	去
爨	翰	측	去
絆	翰	측	去
燦	翰	측	去
竄	翰	측	去
冠	翰	측	去
熳	翰	측	去
腕	翰	측	去
贊	翰	측	去
泮	翰	측	去
煥	翰	측	去
灌	翰	측	去
散	翰	측	去
璨	翰	측	去
彈	翰	측	去
判	翰	측	去
閈	翰	측	去
榦	翰	측	去
斷	翰	측	去
按	翰	측	去
惋	翰	측	去
渙	翰	측	去
叛	翰	측	去
鸛	翰	측	去
鍛	翰	측	去
旰	翰	측	去
算	翰	측	去
奐	翰	측	去
懦	翰	측	去
瀚	翰	측	去
捍	翰	측	去
蒜	翰	측	去
逭	翰	측	去
伴	翰	측	去
漶	翰	측	去
悍	翰	측	去
晏	翰	측	去
館	翰	측	去
舘	翰	측	去
憚	翰	측	去
彖	翰	측	去
瀾	翰	측	去
沜	翰	측	去
骭	翰	측	去
筭	翰	측	去
罐	翰	측	去
瓘	翰	측	去
祼	翰	측	去
煆	翰	측	去
盥	翰	측	去
矸	翰	측	去
犴	翰	측	去
墁	翰	측	去
鑽	翰	측	去
謾	翰	측	去
浣	翰	측	去
毈	翰	측	去
鼾	翰	측	去
讕	翰	측	去
涆	翰	측	去
桉	翰	측	去
衎	翰	측	去
垾	翰	측	去
灘	翰	측	去
杆	翰	측	去
攛	翰	측	去
緞	翰	측	去
暵	翰	측	去
駻	翰	측	去
爟	翰	측	去
愞	翰	측	去
諺	翰	측	去
宴	翰	측	去
讌	翰	측	去
醼	翰	측	去
豻	翰	측	去
頖	翰	측	去
捥	翰	측	去
碫	翰	측	去
哻	翰	측	去
盰	翰	측	去
縵	翰	측	去
侃	翰	측	去
碳	翰	측	去
雚	翰	측	去
簳	翰	측	去
抏	翰	측	去
鴠	翰	측	去
笇	翰	측	去
釬	翰	측	去
靽	翰	측	去
偄	翰	측	去
螒	翰	측	去
攤	翰	측	去
胖	翰	측	去
巏	翰	측	去
熯	翰	측	去
疸	翰	측	去
酇	翰	측	去
垸	翰	측	去
椴	翰	측	去
餪	翰	측	去
痑	翰	측	去
腶	翰	측	去
鑹	翰	측	去
瓓	翰	측	去
悹	翰	측	去
獌	翰	측	去
牉	翰	측	去
饡	翰	측	去
鏆	翰	측	去
毌	翰	측	去
忨	翰	측	去
愌	翰	측	去
怑	翰	측	去
湠	翰	측	去
鮟	翰	측	去
澯	翰	측	去
姅	翰	측	去
矔	翰	측	去
殩	翰	측	去
洝	翰	측	去
狚	翰	측	去
忓	翰	측	去
肒	翰	측	去
婩	翰	측	去
釺	翰	측	去
嚾	翰	측	去
瑍	翰	측	去
兓	翰	측	去
拌	翰	측	去
觛	翰	측	去
鶨	翰	측	去
妲	翰	측	去
皔	翰	측	去
傼	翰	측	去
雗	翰	측	去
檊	翰	측	去
鑚	翰	측	去
湪	翰	측	去
妧	翰	측	去
睕	翰	측	去
皯	翰	측	去
喛	翰	측	去
褖	翰	측	去
峖	翰	측	去
咹	翰	측	去
穳	翰	측	去
鑭	翰	측	去
淉	翰	측	去
竱	翰	측	去
攼	翰	측	去
倝	翰	측	去
坢	翰	측	去
仠	翰	측	去
遃	翰	측	去
錧	翰	측	去
錌	翰	측	去
糷	翰	측	去
躖	翰	측	去
薒	翰	측	去
貚	翰	측	去
禶	翰	측	去
遦	翰	측	去
梡	翰	측	去
灒	翰	측	去
暺	翰	측	去
屽	翰	측	去
詊	翰	측	去
帴	翰	측	去
衦	翰	측	去
灡	翰	측	去
瑖	翰	측	去
溿	翰	측	去
馯	翰	측	去
鱹	翰	측	去
碝	翰	측	去
槾	翰	측	去
媻	翰	측	去
蠸	翰	측	去
廠	翰	측	去
襸	翰	측	去
鳱	翰	측	去
炍	翰	측	去
灓	翰	측	去
䡬	翰	측	去
䝺	翰	측	去
㬮	翰	측	去
䯛	翰	측	去
㛶	翰	측	去
㪱	翰	측	去
䮗	翰	측	去
㪋	翰	측	去
㱫	翰	측	去
㪵	翰	측	去
䏎	翰	측	去
㢨	翰	측	去
䠉	翰	측	去
䛃	翰	측	去
䥗	翰	측	去
㡢	翰	측	去
㵄	翰	측	去
㜺	翰	측	去
䏷	翰	측	去
㽩	翰	측	去
㯘	翰	측	去
䅁	翰	측	去
䀓	翰	측	去
㣓	翰	측	去
㻮	翰	측	去
䃹	翰	측	去
㬇	翰	측	去
㲦	翰	측	去
䗰	翰	측	去
䯎	翰	측	去
䕿	翰	측	去
㡺	翰	측	去
䯘	翰	측	去
䮧	翰	측	去
䎯	翰	측	去
䬤	翰	측	去
䝢	翰	측	去
㛑	翰	측	去
䍐	翰	측	去
䕕	翰	측	去
𩏇	翰	측	去
𩛻	翰	측	去
𣉙	翰	측	去
𤳉	翰	측	去
𠯘	翰	측	去
𦔔	翰	측	去
𤅩	翰	측	去
𤼐	翰	측	去
𣵼	翰	측	去
𢧀	翰	측	去
𩀼	翰	측	去
雁	諫	측	去
鴈	諫	측	去
幻	諫	측	去
澗	諫	측	去
磵	諫	측	去
慣	諫	측	去
宦	諫	측	去
患	諫	측	去
辦	諫	측	去
諫	諫	측	去
盼	諫	측	去
綻	諫	측	去
慢	諫	측	去
間	諫	측	去
瓣	諫	측	去
鴳	諫	측	去
鶠	諫	측	去
鷃	諫	측	去
串	諫	측	去
豢	諫	측	去
莧	諫	측	去
贗	諫	측	去
丱	諫	측	去
訕	諫	측	去
篡	諫	측	去
晏	諫	측	去
汕	諫	측	去
薍	諫	측	去
襻	諫	측	去
扮	諫	측	去
閒	諫	측	去
虥	諫	측	去
覸	諫	측	去
嫚	諫	측	去
擐	諫	측	去
棧	諫	측	去
轘	諫	측	去
骭	諫	측	去
襇	諫	측	去
鏟	諫	측	去
綰	諫	측	去
虦	諫	측	去
謾	諫	측	去
扳	諫	측	去
柵	諫	측	去
縵	諫	측	去
疝	諫	측	去
僈	諫	측	去
涮	諫	측	去
剗	諫	측	去
藖	諫	측	去
羼	諫	측	去
鐧	諫	측	去
赸	諫	측	去
孿	諫	측	去
槵	諫	측	去
輚	諫	측	去
卝	諫	측	去
矔	諫	측	去
騴	諫	측	去
銏	諫	측	去
繯	諫	측	去
菚	諫	측	去
摱	諫	측	去
暥	諫	측	去
摜	諫	측	去
奻	諫	측	去
梘	諫	측	去
洝	諫	측	去
鳱	諫	측	去
覵	諫	측	去
梡	諫	측	去
澋	諫	측	去
贃	諫	측	去
麲	諫	측	去
妟	諫	측	去
鋬	諫	측	去
睔	諫	측	去
姲	諫	측	去
瞯	諫	측	去
粯	諫	측	去
蔄	諫	측	去
繝	諫	측	去
釆	諫	측	去
綄	諫	측	去
䴮	諫	측	去
䋎	諫	측	去
㵎	諫	측	去
䆠	諫	측	去
䍺	諫	측	去
䊲	諫	측	去
㕕	諫	측	去
䚲	諫	측	去
䗃	諫	측	去
䉯	諫	측	去
㬄	諫	측	去
䒛	諫	측	去
䙪	諫	측	去
䳛	諫	측	去
䙮	諫	측	去
䁙	諫	측	去
㝈	諫	측	去
㹖	諫	측	去
㻵	諫	측	去
䘺	諫	측	去
㷳	諫	측	去
𤅲	諫	측	去
𤜵	諫	측	去
見	霰	측	去
面	霰	측	去
麵	霰	측	去
變	霰	측	去
遍	霰	측	去
徧	霰	측	去
殿	霰	측	去
燕	霰	측	去
鷰	霰	측	去
倦	霰	측	去
戰	霰	측	去
賤	霰	측	去
院	霰	측	去
戀	霰	측	去
羨	霰	측	去
羡	霰	측	去
扇	霰	측	去
練	霰	측	去
彥	霰	측	去
彦	霰	측	去
片	霰	측	去
線	霰	측	去
縣	霰	측	去
箭	霰	측	去
傳	霰	측	去
電	霰	측	去
薦	霰	측	去
硯	霰	측	去
甸	霰	측	去
便	霰	측	去
現	霰	측	去
霰	霰	측	去
眷	霰	측	去
饌	霰	측	去
囀	霰	측	去
掾	霰	측	去
茜	霰	측	去
蒨	霰	측	去
膳	霰	측	去
奠	霰	측	去
絹	霰	측	去
顫	霰	측	去
鍊	霰	측	去
擅	霰	측	去
煉	霰	측	去
絢	霰	측	去
宴	霰	측	去
讌	霰	측	去
醼	霰	측	去
眩	霰	측	去
弁	霰	측	去
炫	霰	측	去
譴	霰	측	去
轉	霰	측	去
釧	霰	측	去
衒	霰	측	去
禪	霰	측	去
咽	霰	측	去
援	霰	측	去
濺	霰	측	去
嚥	霰	측	去
汴	霰	측	去
卷	霰	측	去
罥	霰	측	去
研	霰	측	去
旋	霰	측	去
鈿	霰	측	去
唁	霰	측	去
繕	霰	측	去
澱	霰	측	去
忭	霰	측	去
碾	霰	측	去
暗	霰	측	去
倩	霰	측	去
抃	霰	측	去
善	霰	측	去
緣	霰	측	去
選	霰	측	去
眄	霰	측	去
先	霰	측	去
纏	霰	측	去
漩	霰	측	去
衍	霰	측	去
卞	霰	측	去
劵	霰	측	去
楝	霰	측	去
瑗	霰	측	去
餞	霰	측	去
遣	霰	측	去
麪	霰	측	去
靛	霰	측	去
牽	霰	측	去
眴	霰	측	去
拚	霰	측	去
煎	霰	측	去
狷	霰	측	去
佃	霰	측	去
瑱	霰	측	去
竁	霰	측	去
煽	霰	측	去
勌	霰	측	去
撰	霰	측	去
騙	霰	측	去
堰	霰	측	去
諺	霰	측	去
晛	霰	측	去
惓	霰	측	去
媛	霰	측	去
飯	霰	측	去
穿	霰	측	去
孌	霰	측	去
渲	霰	측	去
輤	霰	측	去
嬿	霰	측	去
綪	霰	측	去
昡	霰	측	去
剸	霰	측	去
昪	霰	측	去
袨	霰	측	去
縼	霰	측	去
悁	霰	측	去
鄄	霰	측	去
湔	霰	측	去
鬋	霰	측	去
棬	霰	측	去
甗	霰	측	去
伣	霰	측	去
繾	霰	측	去
淃	霰	측	去
睊	霰	측	去
涀	霰	측	去
帣	霰	측	去
填	霰	측	去
晵	霰	측	去
騗	霰	측	去
餋	霰	측	去
鋻	霰	측	去
臶	霰	측	去
弮	霰	측	去
這	霰	측	去
揀	霰	측	去
輾	霰	측	去
僝	霰	측	去
圈	霰	측	去
蜆	霰	측	去
椫	霰	측	去
騸	霰	측	去
諓	霰	측	去
浰	霰	측	去
縓	霰	측	去
莚	霰	측	去
狿	霰	측	去
湅	霰	측	去
葥	霰	측	去
獧	霰	측	去
贙	霰	측	去
絭	霰	측	去
鄯	霰	측	去
嵃	霰	측	去
萰	霰	측	去
栫	霰	측	去
婩	霰	측	去
癜	霰	측	去
褑	霰	측	去
衏	霰	측	去
軐	霰	측	去
埢	霰	측	去
蔙	霰	측	去
蜔	霰	측	去
噮	霰	측	去
烇	霰	측	去
瓹	霰	측	去
孨	霰	측	去
閞	霰	측	去
玣	霰	측	去
禐	霰	측	去
瑓	霰	측	去
趼	霰	측	去
琔	霰	측	去
鶨	霰	측	去
勬	霰	측	去
哯	霰	측	去
湣	霰	측	去
迿	霰	측	去
汳	霰	측	去
姰	霰	측	去
繏	霰	측	去
抁	霰	측	去
梘	霰	측	去
婘	霰	측	去
僆	霰	측	去
曫	霰	측	去
牪	霰	측	去
夐	霰	측	去
珔	霰	측	去
偭	霰	측	去
襈	霰	측	去
裫	霰	측	去
鼰	霰	측	去
堜	霰	측	去
瀳	霰	측	去
棈	霰	측	去
汧	霰	측	去
嫸	霰	측	去
縳	霰	측	去
橏	霰	측	去
鰊	霰	측	去
梋	霰	측	去
纞	霰	측	去
刋	霰	측	去
糋	霰	측	去
灷	霰	측	去
琠	霰	측	去
烻	霰	측	去
覵	霰	측	去
溎	霰	측	去
涏	霰	측	去
檈	霰	측	去
槙	霰	측	去
驠	霰	측	去
矎	霰	측	去
瞑	霰	측	去
咞	霰	측	去
怰	霰	측	去
惗	霰	측	去
豣	霰	측	去
篟	霰	측	去
儙	霰	측	去
擶	霰	측	去
閵	霰	측	去
飬	霰	측	去
睼	霰	측	去
猭	霰	측	去
糆	霰	측	去
駨	霰	측	去
袸	霰	측	去
蒝	霰	측	去
媡	霰	측	去
肙	霰	측	去
硟	霰	측	去
帴	霰	측	去
謆	霰	측	去
楥	霰	측	去
汌	霰	측	去
姩	霰	측	去
摙	霰	측	去
灓	霰	측	去
頨	霰	측	去
繟	霰	측	去
牑	霰	측	去
廎	霰	측	去
諯	霰	측	去
匽	霰	측	去
竱	霰	측	去
婝	霰	측	去
橂	霰	측	去
榗	霰	측	去
怋	霰	측	去
鱄	霰	측	去
牮	霰	측	去
皘	霰	측	去
闐	霰	측	去
䄠	霰	측	去
䢭	霰	측	去
䉵	霰	측	去
䈠	霰	측	去
䖭	霰	측	去
㯠	霰	측	去
㪨	霰	측	去
䪈	霰	측	去
㭇	霰	측	去
㪇	霰	측	去
䝮	霰	측	去
䅈	霰	측	去
䪻	霰	측	去
㜃	霰	측	去
䀎	霰	측	去
䍻	霰	측	去
䡓	霰	측	去
㧦	霰	측	去
㞟	霰	측	去
䏒	霰	측	去
㳎	霰	측	去
䍗	霰	측	去
㴐	霰	측	去
㸤	霰	측	去
㳬	霰	측	去
㝸	霰	측	去
㺹	霰	측	去
䑶	霰	측	去
㴜	霰	측	去
䥖	霰	측	去
䢥	霰	측	去
䵖	霰	측	去
䠣	霰	측	去
䀏	霰	측	去
䬼	霰	측	去
䒪	霰	측	去
䂩	霰	측	去
䛉	霰	측	去
㢾	霰	측	去
䴏	霰	측	去
䛹	霰	측	去
㬫	霰	측	去
㼑	霰	측	去
䡀	霰	측	去
䬇	霰	측	去
䆄	霰	측	去
㪝	霰	측	去
㬗	霰	측	去
㢧	霰	측	去
䡪	霰	측	去
䄅	霰	측	去
䨘	霰	측	去
㭓	霰	측	去
𢿌	霰	측	去
𪃉	霰	측	去
𤩱	霰	측	去
𦌾	霰	측	去
𦛔	霰	측	去
𢂺	霰	측	去
𤬝	霰	측	去
𦱽	霰	측	去
𩎌	霰	측	去
𧭦	霰	측	去
𢴯	霰	측	去
𥻩	霰	측	去
𥶉	霰	측	去
𧯦	霰	측	去
𣬏	霰	측	去
笑	嘯	측	去
咲	嘯	측	去
照	嘯	측	去
嘯	嘯	측	去
妙	嘯	측	去
玅	嘯	측	去
調	嘯	측	去
詔	嘯	측	去
廟	嘯	측	去
庙	嘯	측	去
釣	嘯	측	去
眺	嘯	측	去
召	嘯	측	去
耀	嘯	측	去
峭	嘯	측	去
嶠	嘯	측	去
料	嘯	측	去
叫	嘯	측	去
竅	嘯	측	去
要	嘯	측	去
誚	嘯	측	去
徼	嘯	측	去
曜	嘯	측	去
肖	嘯	측	去
燒	嘯	측	去
療	嘯	측	去
吊	嘯	측	去
弔	嘯	측	去
釂	嘯	측	去
俏	嘯	측	去
藋	嘯	측	去
蔦	嘯	측	去
少	嘯	측	去
跳	嘯	측	去
趒	嘯	측	去
邵	嘯	측	去
獠	嘯	측	去
鞘	嘯	측	去
醮	嘯	측	去
劭	嘯	측	去
糶	嘯	측	去
窔	嘯	측	去
驃	嘯	측	去
噭	嘯	측	去
漂	嘯	측	去
譙	嘯	측	去
掉	嘯	측	去
轎	嘯	측	去
噍	嘯	측	去
銚	嘯	측	去
炤	嘯	측	去
燎	嘯	측	去
穾	嘯	측	去
剽	嘯	측	去
鷂	嘯	측	去
爝	嘯	측	去
哨	嘯	측	去
蓧	嘯	측	去
窱	嘯	측	去
脁	嘯	측	去
嘂	嘯	측	去
溺	嘯	측	去
繞	嘯	측	去
票	嘯	측	去
嘹	嘯	측	去
悄	嘯	측	去
尿	嘯	측	去
裱	嘯	측	去
僄	嘯	측	去
約	嘯	측	去
鷯	嘯	측	去
僬	嘯	측	去
搖	嘯	측	去
瘭	嘯	측	去
鐐	嘯	측	去
俵	嘯	측	去
偢	嘯	측	去
覜	嘯	측	去
嬥	嘯	측	去
朓	嘯	측	去
卲	嘯	측	去
窎	嘯	측	去
誂	嘯	측	去
尥	嘯	측	去
膫	嘯	측	去
潐	嘯	측	去
趭	嘯	측	去
藠	嘯	측	去
獟	嘯	측	去
摽	嘯	측	去
葽	嘯	측	去
瘹	嘯	측	去
髚	嘯	측	去
艞	嘯	측	去
伄	嘯	측	去
帩	嘯	측	去
僺	嘯	측	去
嘺	嘯	측	去
讑	嘯	측	去
抭	嘯	측	去
絩	嘯	측	去
撨	嘯	측	去
璙	嘯	측	去
尞	嘯	측	去
踃	嘯	측	去
炓	嘯	측	去
鸄	嘯	측	去
晱	嘯	측	去
熮	嘯	측	去
嬈	嘯	측	去
訆	嘯	측	去
鋽	嘯	측	去
嬓	嘯	측	去
熎	嘯	측	去
鷣	嘯	측	去
篍	嘯	측	去
嫽	嘯	측	去
枛	嘯	측	去
筄	嘯	측	去
獥	嘯	측	去
竨	嘯	측	去
敿	嘯	측	去
顤	嘯	측	去
劁	嘯	측	去
篎	嘯	측	去
訋	嘯	측	去
敫	嘯	측	去
顅	嘯	측	去
瞾	嘯	측	去
蔈	嘯	측	去
翏	嘯	측	去
顟	嘯	측	去
徱	嘯	측	去
樢	嘯	측	去
顠	嘯	측	去
覞	嘯	측	去
熽	嘯	측	去
窲	嘯	측	去
嫖	嘯	측	去
鑃	嘯	측	去
鐈	嘯	측	去
䔄	嘯	측	去
䊥	嘯	측	去
䂃	嘯	측	去
䔙	嘯	측	去
㗛	嘯	측	去
㢗	嘯	측	去
䠷	嘯	측	去
䎆	嘯	측	去
㔅	嘯	측	去
䆻	嘯	측	去
㴥	嘯	측	去
㬭	嘯	측	去
䬰	嘯	측	去
䉼	嘯	측	去
㬓	嘯	측	去
㞙	嘯	측	去
㚁	嘯	측	去
㞁	嘯	측	去
䏇	嘯	측	去
䃝	嘯	측	去
㳮	嘯	측	去
㧼	嘯	측	去
㰾	嘯	측	去
䐹	嘯	측	去
䇌	嘯	측	去
㿢	嘯	측	去
䢧	嘯	측	去
䨅	嘯	측	去
㙩	嘯	측	去
䞄	嘯	측	去
㷖	嘯	측	去
䧂	嘯	측	去
䊮	嘯	측	去
䆗	嘯	측	去
𧇠	嘯	측	去
𦡱	嘯	측	去
𠿕	嘯	측	去
𦌒	嘯	측	去
𥌺	嘯	측	去
𧢢	嘯	측	去
𢶡	嘯	측	去
𤊽	嘯	측	去
𤾫	嘯	측	去
𤑗	嘯	측	去
𢵿	嘯	측	去
𩮳	嘯	측	去
𠧙	嘯	측	去
𪖑	嘯	측	去
𥁮	嘯	측	去
貌	效	측	去
孝	效	측	去
豹	效	측	去
鬧	效	측	去
閙	效	측	去
教	效	측	去
敎	效	측	去
效	效	측	去
校	效	측	去
罩	效	측	去
淖	效	측	去
窖	效	측	去
稍	效	측	去
炮	效	측	去
棹	效	측	去
櫂	效	측	去
趠	效	측	去
砲	效	측	去
覺	效	측	去
鈔	效	측	去
泡	效	측	去
珓	效	측	去
較	效	측	去
皰	效	측	去
樂	效	측	去
橈	效	측	去
膠	效	측	去
敲	效	측	去
礮	效	측	去
坳	效	측	去
酵	效	측	去
巧	效	측	去
恔	效	측	去
儤	效	측	去
哮	效	측	去
獶	效	측	去
笊	效	측	去
袎	效	측	去
踔	效	측	去
箹	效	측	去
爆	效	측	去
窌	效	측	去
靿	效	측	去
娋	效	측	去
刨	效	측	去
敩	效	측	去
拗	效	측	去
艄	效	측	去
挍	效	측	去
餃	效	측	去
婥	效	측	去
睄	效	측	去
潲	效	측	去
撽	效	측	去
岰	效	측	去
嗃	效	측	去
髱	效	측	去
烄	效	측	去
骲	效	측	去
麭	效	측	去
緢	效	측	去
犦	效	측	去
詏	效	측	去
悎	效	측	去
奅	效	측	去
仯	效	측	去
礉	效	측	去
洨	效	측	去
漖	效	측	去
軪	效	측	去
䶂	效	측	去
䑲	效	측	去
㹸	效	측	去
䏴	效	측	去
㹿	效	측	去
㒵	效	측	去
䡚	效	측	去
䫉	效	측	去
䶌	效	측	去
㯡	效	측	去
䍜	效	측	去
㷹	效	측	去
䔠	效	측	去
䈇	效	측	去
㘐	效	측	去
𠟅	效	측	去
到	號	측	去
報	號	측	去
帽	號	측	去
㡌	號	측	去
操	號	측	去
灶	號	측	去
竈	號	측	去
傲	號	측	去
噪	號	측	去
奧	號	측	去
盜	號	측	去
誥	號	측	去
號	號	측	去
導	號	측	去
蹈	號	측	去
耗	號	측	去
悼	號	측	去
耄	號	측	去
勞	號	측	去
告	號	측	去
隩	號	측	去
躁	號	측	去
暴	號	측	去
道	號	측	去
好	號	측	去
奡	號	측	去
冒	號	측	去
靠	號	측	去
嫪	號	측	去
氉	號	측	去
漕	號	측	去
燾	號	측	去
造	號	측	去
犒	號	측	去
膏	號	측	去
芼	號	측	去
抱	號	측	去
掃	號	측	去
翿	號	측	去
驁	號	측	去
倒	號	측	去
幬	號	측	去
瀑	號	측	去
瑁	號	측	去
墺	號	측	去
眊	號	측	去
纛	號	측	去
糙	號	측	去
禱	號	측	去
慠	號	측	去
曝	號	측	去
鑿	號	측	去
秏	號	측	去
瘙	號	측	去
郜	號	측	去
懊	號	측	去
燠	號	측	去
搞	號	측	去
謷	號	측	去
慥	號	측	去
鷔	號	측	去
謟	號	측	去
旄	號	측	去
套	號	측	去
縞	號	측	去
埽	號	측	去
澇	號	측	去
癆	號	측	去
澳	號	측	去
媢	號	측	去
鏊	號	측	去
軂	號	측	去
嶅	號	측	去
髞	號	측	去
鮳	號	측	去
憦	號	측	去
髝	號	측	去
僗	號	측	去
毷	號	측	去
軇	號	측	去
橯	號	측	去
璹	號	측	去
瓙	號	측	去
蔜	號	측	去
镺	號	측	去
烄	號	측	去
哠	號	측	去
菿	號	측	去
耮	號	측	去
襙	號	측	去
萺	號	측	去
鄵	號	측	去
祮	號	측	去
覒	號	측	去
祰	號	측	去
鐭	號	측	去
藃	號	측	去
艒	號	측	去
鯌	號	측	去
嚗	號	측	去
芺	號	측	去
冃	號	측	去
擙	號	측	去
喿	號	측	去
叝	號	측	去
扷	號	측	去
檤	號	측	去
圫	號	측	去
翢	號	측	去
鼜	號	측	去
䤖	號	측	去
㟼	號	측	去
㜩	號	측	去
㬥	號	측	去
㧌	號	측	去
㿞	號	측	去
㪞	號	측	去
㘪	號	측	去
䊭	號	측	去
㚪	號	측	去
㺺	號	측	去
䒵	號	측	去
㞻	號	측	去
㿋	號	측	去
㲒	號	측	去
㴘	號	측	去
䌦	號	측	去
㜜	號	측	去
䋃	號	측	去
䜒	號	측	去
䎋	號	측	去
㥿	號	측	去
㲧	號	측	去
㙱	號	측	去
䚽	號	측	去
䐧	號	측	去
㚐	號	측	去
㒻	號	측	去
䪽	號	측	去
𣔺	號	측	去
𩼈	號	측	去
𦺜	號	측	去
過	个	측	去
臥	个	측	去
卧	个	측	去
破	个	측	去
座	个	측	去
和	个	측	去
个	个	측	去
賀	个	측	去
課	个	측	去
餓	个	측	去
唾	个	측	去
箇	个	측	去
些	个	측	去
涴	个	측	去
磨	个	측	去
貨	个	측	去
大	个	측	去
做	个	측	去
挫	个	측	去
坐	个	측	去
個	个	측	去
邏	个	측	去
奈	个	측	去
佐	个	측	去
惰	个	측	去
作	个	측	去
懦	个	측	去
剉	个	측	去
糯	个	측	去
簸	个	측	去
那	个	측	去
播	个	측	去
左	个	측	去
銼	个	측	去
莝	个	측	去
馱	个	측	去
蹉	个	측	去
堁	个	측	去
坷	个	측	去
軻	个	측	去
磋	个	측	去
愞	个	측	去
他	个	측	去
剁	个	측	去
媠	个	측	去
癉	个	측	去
譒	个	측	去
騍	个	측	去
逤	个	측	去
盉	个	측	去
蓌	个	측	去
哆	个	측	去
哪	个	측	去
啊	个	측	去
髁	个	측	去
蚵	个	측	去
摞	个	측	去
毻	个	측	去
藦	个	측	去
耱	个	측	去
袔	个	측	去
蔢	个	측	去
誃	个	측	去
欏	个	측	去
腂	个	측	去
硰	个	측	去
夎	个	측	去
楇	个	측	去
娑	个	측	去
袏	个	측	去
襎	个	측	去
吤	个	측	去
侳	个	측	去
跢	个	측	去
攠	个	측	去
侉	个	측	去
尮	个	측	去
沎	个	측	去
敤	个	측	去
攍	个	측	去
鐹	个	측	去
俰	个	측	去
纙	个	측	去
涶	个	측	去
痑	个	측	去
桗	个	측	去
挆	个	측	去
䙃	个	측	去
䃺	个	측	去
䞆	个	측	去
㘞	个	측	去
㰤	个	측	去
䇔	个	측	去
䉓	个	측	去
㿚	个	측	去
䟶	个	측	去
㖠	个	측	去
㳀	个	측	去
㞅	个	측	去
㾧	个	측	去
㵑	个	측	去
㟇	个	측	去
㘸	个	측	去
𧟌	个	측	去
夜	祃	측	去
化	祃	측	去
駕	祃	측	去
暇	祃	측	去
謝	祃	측	去
亞	祃	측	去
榭	祃	측	去
稼	祃	측	去
架	祃	측	去
罅	祃	측	去
嫁	祃	측	去
罵	祃	측	去
訝	祃	측	去
下	祃	측	去
華	祃	측	去
詫	祃	측	去
怕	祃	측	去
麝	祃	측	去
罷	祃	측	去
借	祃	측	去
跨	祃	측	去
射	祃	측	去
舍	祃	측	去
詐	祃	측	去
卸	祃	측	去
蔗	祃	측	去
赦	祃	측	去
迓	祃	측	去
柘	祃	측	去
藉	祃	측	去
乍	祃	측	去
價	祃	측	去
夏	祃	측	去
霸	祃	측	去
吒	祃	측	去
咜	祃	측	去
瀉	祃	측	去
稏	祃	측	去
炙	祃	측	去
壩	祃	측	去
帕	祃	측	去
汊	祃	측	去
婭	祃	측	去
砑	祃	측	去
靶	祃	측	去
姹	祃	측	去
咤	祃	측	去
嚇	祃	측	去
胯	祃	측	去
假	祃	측	去
斝	祃	측	去
灞	祃	측	去
鷓	祃	측	去
差	祃	측	去
岔	祃	측	去
貰	祃	측	去
祃	祃	측	去
籍	祃	측	去
把	祃	측	去
蠟	祃	측	去
廈	祃	측	去
嗄	祃	측	去
弝	祃	측	去
榨	祃	측	去
嗎	祃	측	去
髂	祃	측	去
睱	祃	측	去
賈	祃	측	去
樺	祃	측	去
杷	祃	측	去
耙	祃	측	去
衩	祃	측	去
獁	祃	측	去
鵺	祃	측	去
奼	祃	측	去
諕	祃	측	去
蓌	祃	측	去
槬	祃	측	去
酠	祃	측	去
渣	祃	측	去
唬	祃	측	去
哆	祃	측	去
哧	祃	측	去
掗	祃	측	去
偌	祃	측	去
榪	祃	측	去
觟	祃	측	去
爸	祃	측	去
跁	祃	측	去
侘	祃	측	去
摦	祃	측	去
褯	祃	측	去
鬕	祃	측	去
厙	祃	측	去
傌	祃	측	去
杹	祃	측	去
騇	祃	측	去
閕	祃	측	去
揢	祃	측	去
哋	祃	측	去
膪	祃	측	去
嗻	祃	측	去
諣	祃	측	去
坬	祃	측	去
衙	祃	측	去
侂	祃	측	去
仛	祃	측	去
疜	祃	측	去
鱯	祃	측	去
犽	祃	측	去
愘	祃	측	去
芐	祃	측	去
懗	祃	측	去
謑	祃	측	去
搲	祃	측	去
渃	祃	측	去
誜	祃	측	去
笡	祃	측	去
宱	祃	측	去
夎	祃	측	去
狛	祃	측	去
躤	祃	측	去
灹	祃	측	去
俹	祃	측	去
砟	祃	측	去
椵	祃	측	去
踷	祃	측	去
疨	祃	측	去
觰	祃	측	去
閯	祃	측	去
涻	祃	측	去
襾	祃	측	去
訍	祃	측	去
矺	祃	측	去
叭	祃	측	去
嬅	祃	측	去
䏑	祃	측	去
䕢	祃	측	去
䄍	祃	측	去
䆉	祃	측	去
㕦	祃	측	去
㣾	祃	측	去
䟕	祃	측	去
䉣	祃	측	去
䤳	祃	측	去
㰳	祃	측	去
䂞	祃	측	去
㖡	祃	측	去
㾝	祃	측	去
䃎	祃	측	去
㓔	祃	측	去
䵭	祃	측	去
䣕	祃	측	去
䩗	祃	측	去
䒲	祃	측	去
䖳	祃	측	去
㴬	祃	측	去
䃻	祃	측	去
㙈	祃	측	去
㾺	祃	측	去
䆛	祃	측	去
䗪	祃	측	去
䠶	祃	측	去
䩾	祃	측	去
䧞	祃	측	去
䢝	祃	측	去
䀅	祃	측	去
𡧗	祃	측	去
𧧻	祃	측	去
𨻲	祃	측	去
𧬮	祃	측	去
𨢧	祃	측	去
𥝧	祃	측	去
𢺞	祃	측	去
望	漾	측	去
朢	漾	측	去
壯	漾	측	去
相	漾	측	去
浪	漾	측	去
悵	漾	측	去
唱	漾	측	去
帳	漾	측	去
恙	漾	측	去
曠	漾	측	去
狀	漾	측	去
訪	漾	측	去
將	漾	측	去
漲	漾	측	去
嶂	漾	측	去
樣	漾	측	去
㨾	漾	측	去
障	漾	측	去
尚	漾	측	去
尙	漾	측	去
舫	漾	측	去
釀	漾	측	去
亮	漾	측	去
上	漾	측	去
讓	漾	측	去
妄	漾	측	去
喪	漾	측	去
漾	漾	측	去
況	漾	측	去
餉	漾	측	去
暢	漾	측	去
瘴	漾	측	去
匠	漾	측	去
量	漾	측	去
葬	漾	측	去
貺	漾	측	去
藏	漾	측	去
謗	漾	측	去
王	漾	측	去
向	漾	측	去
忘	漾	측	去
傍	漾	측	去
放	漾	측	去
愴	漾	측	去
宕	漾	측	去
抗	漾	측	去
杖	漾	측	去
纊	漾	측	去
諒	漾	측	去
當	漾	측	去
颺	漾	측	去
醬	漾	측	去
創	漾	측	去
蕩	漾	측	去
盪	漾	측	去
誑	漾	측	去
幛	漾	측	去
旺	漾	측	去
閬	漾	측	去
行	漾	측	去
倡	漾	측	去
鬯	漾	측	去
桁	漾	측	去
壙	漾	측	去
盎	漾	측	去
仗	漾	측	去
亢	漾	측	去
長	漾	측	去
養	漾	측	去
兩	漾	측	去
仰	漾	측	去
頏	漾	측	去
揚	漾	측	去
絖	漾	측	去
嚮	漾	측	去
擋	漾	측	去
張	漾	측	去
伉	漾	측	去
悢	漾	측	去
韔	漾	측	去
炕	漾	측	去
脹	漾	측	去
髒	漾	측	去
吭	漾	측	去
碭	漾	측	去
妨	漾	측	去
賬	漾	측	去
儻	漾	측	去
償	漾	측	去
怏	漾	측	去
強	漾	측	去
防	漾	측	去
榜	漾	측	去
鄣	漾	측	去
廣	漾	측	去
广	漾	측	去
淌	漾	측	去
閌	漾	측	去
踼	漾	측	去
旁	漾	측	去
瀁	漾	측	去
喨	漾	측	去
醠	漾	측	去
煬	漾	측	去
艕	漾	측	去
燙	漾	측	去
饟	漾	측	去
畼	漾	측	去
曏	漾	측	去
掠	漾	측	去
綁	漾	측	去
棓	漾	측	去
懹	漾	측	去
糨	漾	측	去
菪	漾	측	去
湯	漾	측	去
矌	漾	측	去
埌	漾	측	去
羕	漾	측	去
烺	漾	측	去
棒	漾	측	去
誆	漾	측	去
桄	漾	측	去
晾	漾	측	去
攩	漾	측	去
戧	漾	측	去
爌	漾	측	去
迋	漾	측	去
逿	漾	측	去
儾	漾	측	去
塝	漾	측	去
枊	漾	측	去
懬	漾	측	去
哴	漾	측	去
搒	漾	측	去
湸	漾	측	去
軦	漾	측	去
弶	漾	측	去
犺	漾	측	去
唴	漾	측	去
緉	漾	측	去
囥	漾	측	去
岲	漾	측	去
櫎	漾	측	去
焋	漾	측	去
嵣	漾	측	去
晑	漾	측	去
摾	漾	측	去
掚	漾	측	去
諹	漾	측	去
凔	漾	측	去
懭	漾	측	去
盳	漾	측	去
姠	漾	측	去
焻	漾	측	去
摥	漾	측	去
畺	漾	측	去
曂	漾	측	去
嫎	漾	측	去
蠰	漾	측	去
邟	漾	측	去
鐋	漾	측	去
趽	漾	측	去
摪	漾	측	去
姎	漾	측	去
賶	漾	측	去
蟓	漾	측	去
嗙	漾	측	去
砊	漾	측	去
趤	漾	측	去
珦	漾	측	去
瀇	漾	측	去
焵	漾	측	去
瞕	漾	측	去
瓺	漾	측	去
俇	漾	측	去
蒗	漾	측	去
柍	漾	측	去
詇	漾	측	去
礑	漾	측	去
臦	漾	측	去
羻	漾	측	去
眖	漾	측	去
灀	漾	측	去
倞	漾	측	去
嵹	漾	측	去
徬	漾	측	去
圵	漾	측	去
逛	漾	측	去
欀	漾	측	去
邡	漾	측	去
萫	漾	측	去
潢	漾	측	去
恦	漾	측	去
蚢	漾	측	去
俍	漾	측	去
眻	漾	측	去
誏	漾	측	去
撗	漾	측	去
䩨	漾	측	去
㼽	漾	측	去
㤮	漾	측	去
䩫	漾	측	去
䅮	漾	측	去
䦒	漾	측	去
䵁	漾	측	去
䵮	漾	측	去
㾗	漾	측	去
䭐	漾	측	去
䍚	漾	측	去
㔀	漾	측	去
䞪	漾	측	去
㼜	漾	측	去
䬬	漾	측	去
䤑	漾	측	去
䕞	漾	측	去
䦳	漾	측	去
䊑	漾	측	去
䬺	漾	측	去
䀶	漾	측	去
䌙	漾	측	去
㢓	漾	측	去
㙣	漾	측	去
㺊	漾	측	去
㫛	漾	측	去
𣄴	漾	측	去
𪛋	漾	측	去
𤵼	漾	측	去
𡵙	漾	측	去
𥩿	漾	측	去
𧭅	漾	측	去
病	敬	측	去
命	敬	측	去
鏡	敬	측	去
性	敬	측	去
詠	敬	측	去
咏	敬	측	去
淨	敬	측	去
凈	敬	측	去
盛	敬	측	去
聖	敬	측	去
政	敬	측	去
映	敬	측	去
暎	敬	측	去
令	敬	측	去
勁	敬	측	去
競	敬	측	去
正	敬	측	去
姓	敬	측	去
柄	敬	측	去
慶	敬	측	去
敬	敬	측	去
竟	敬	측	去
孟	敬	측	去
迸	敬	측	去
逬	敬	측	去
聘	敬	측	去
鄭	敬	측	去
泳	敬	측	去
橫	敬	측	去
硬	敬	측	去
證	敬	측	去
更	敬	측	去
諍	敬	측	去
儆	敬	측	去
獍	敬	측	去
凊	敬	측	去
行	敬	측	去
迎	敬	측	去
評	敬	측	去
另	敬	측	去
夐	敬	측	去
並	敬	측	去
并	敬	측	去
幷	敬	측	去
併	敬	측	去
倂	敬	측	去
竝	敬	측	去
靚	敬	측	去
榜	敬	측	去
幀	敬	측	去
偵	敬	측	去
輕	敬	측	去
倩	敬	측	去
醟	敬	측	去
阱	敬	측	去
証	敬	측	去
請	敬	측	去
掙	敬	측	去
禜	敬	측	去
摒	敬	측	去
晟	敬	측	去
娉	敬	측	去
盟	敬	측	去
碰	敬	측	去
婧	敬	측	去
渹	敬	측	去
摬	敬	측	去
檠	敬	측	去
詗	敬	측	去
邴	敬	측	去
鋥	敬	측	去
跰	敬	측	去
怲	敬	측	去
啈	敬	측	去
詺	敬	측	去
胻	敬	측	去
璥	敬	측	去
鑋	敬	측	去
曔	敬	측	去
絎	敬	측	去
詇	敬	측	去
鉼	敬	측	去
掅	敬	측	去
墭	敬	측	去
妌	敬	측	去
梷	敬	측	去
滰	敬	측	去
誩	敬	측	去
澃	敬	측	去
賏	敬	측	去
靗	敬	측	去
窉	敬	측	去
悙	敬	측	去
倞	敬	측	去
眐	敬	측	去
姃	敬	측	去
賆	敬	측	去
浧	敬	측	去
鈵	敬	측	去
貹	敬	측	去
狌	敬	측	去
矎	敬	측	去
瀴	敬	측	去
寎	敬	측	去
牚	敬	측	去
儬	敬	측	去
竧	敬	측	去
炩	敬	측	去
朾	敬	측	去
葝	敬	측	去
竀	敬	측	去
鴴	敬	측	去
鞕	敬	측	去
㡠	敬	측	去
䈣	敬	측	去
䀻	敬	측	去
䓝	敬	측	去
䨻	敬	측	去
䔔	敬	측	去
㽀	敬	측	去
䛭	敬	측	去
㘫	敬	측	去
䂻	敬	측	去
㶇	敬	측	去
㼞	敬	측	去
䡖	敬	측	去
㡧	敬	측	去
䰢	敬	측	去
䙬	敬	측	去
𩓞	敬	측	去
定	徑	측	去
興	徑	측	去
徑	徑	측	去
逕	徑	측	去
勝	徑	측	去
贈	徑	측	去
暝	徑	측	去
應	徑	측	去
磬	徑	측	去
磴	徑	측	去
稱	徑	측	去
乘	徑	측	去
聽	徑	측	去
甑	徑	측	去
罄	徑	측	去
剩	徑	측	去
佞	徑	측	去
蹬	徑	측	去
瑩	徑	측	去
凝	徑	측	去
憑	徑	측	去
飣	徑	측	去
亙	徑	측	去
孕	徑	측	去
瞑	徑	측	去
鄧	徑	측	去
媵	徑	측	去
鐙	徑	측	去
秤	徑	측	去
凳	徑	측	去
醒	徑	측	去
碇	徑	측	去
瀅	徑	측	去
靘	徑	측	去
症	徑	측	去
綮	徑	측	去
證	徑	측	去
錠	徑	측	去
經	徑	측	去
瞪	徑	측	去
淩	徑	측	去
凌	徑	측	去
庭	徑	측	去
訂	徑	측	去
濘	徑	측	去
嶝	徑	측	去
釘	徑	측	去
廷	徑	측	去
隥	徑	측	去
脛	徑	측	去
寧	徑	측	去
宁	徑	측	去
寜	徑	측	去
寍	徑	측	去
譍	徑	측	去
穪	徑	측	去
懵	徑	측	去
蹭	徑	측	去
懜	徑	측	去
墱	徑	측	去
鸋	徑	측	去
鑋	徑	측	去
倰	徑	측	去
踜	徑	측	去
靪	徑	측	去
掟	徑	측	去
膡	徑	측	去
搄	徑	측	去
碃	徑	측	去
鎣	徑	측	去
冥	徑	측	去
鋞	徑	측	去
鼮	徑	측	去
氶	徑	측	去
芿	徑	측	去
掕	徑	측	去
堋	徑	측	去
誔	徑	측	去
濎	徑	측	去
橙	徑	측	去
濪	徑	측	去
驓	徑	측	去
俓	徑	측	去
鱦	徑	측	去
殸	徑	측	去
霯	徑	측	去
覴	徑	측	去
堩	徑	측	去
烝	徑	측	去
碠	徑	측	去
傰	徑	측	去
臖	徑	측	去
桱	徑	측	去
掅	徑	측	去
褮	徑	측	去
榺	徑	측	去
僜	徑	측	去
邆	徑	측	去
痭	徑	측	去
睲	徑	측	去
蕂	徑	측	去
撜	徑	측	去
靐	徑	측	去
忊	徑	측	去
㵾	徑	측	去
䒅	徑	측	去
䒌	徑	측	去
㲌	徑	측	去
䥌	徑	측	去
㿦	徑	측	去
䠬	徑	측	去
㣷	徑	측	去
䲛	徑	측	去
䵴	徑	측	去
㹵	徑	측	去
㑞	徑	측	去
㚺	徑	측	去
䙢	徑	측	去
㞌	徑	측	去
䮴	徑	측	去
䱆	徑	측	去
䰝	徑	측	去
㮓	徑	측	去
㓈	徑	측	去
䱍	徑	측	去
䔭	徑	측	去
䮚	徑	측	去
𥥻	徑	측	去
𢶚	徑	측	去
𡹴	徑	측	去
𧄼	徑	측	去
𧑗	徑	측	去
𨆪	徑	측	去
舊	宥	측	去
秀	宥	측	去
瘦	宥	측	去
膄	宥	측	去
袖	宥	측	去
候	宥	측	去
就	宥	측	去
晝	宥	측	去
漏	宥	측	去
奏	宥	측	去
岫	宥	측	去
峀	宥	측	去
繡	宥	측	去
透	宥	측	去
豆	宥	측	去
茂	宥	측	去
陋	宥	측	去
溜	宥	측	去
宙	宥	측	去
構	宥	측	去
鬥	宥	측	去
竇	宥	측	去
皺	宥	측	去
寇	宥	측	去
獸	宥	측	去
驟	宥	측	去
謬	宥	측	去
胄	宥	측	去
臭	宥	측	去
逅	宥	측	去
又	宥	측	去
究	宥	측	去
后	宥	측	去
鬬	宥	측	去
鬪	宥	측	去
鬭	宥	측	去
斗	宥	측	去
闘	宥	측	去
堠	宥	측	去
祐	宥	측	去
逗	宥	측	去
甃	宥	측	去
酎	宥	측	去
幼	宥	측	去
救	宥	측	去
嗅	宥	측	去
彀	宥	측	去
後	宥	측	去
狩	宥	측	去
狖	宥	측	去
搆	宥	측	去
售	宥	측	去
覯	宥	측	去
咒	宥	측	去
廄	宥	측	去
耨	宥	측	去
宥	宥	측	去
壽	宥	측	去
湊	宥	측	去
鷲	宥	측	去
疚	宥	측	去
覆	宥	측	去
囿	宥	측	去
詬	宥	측	去
籀	宥	측	去
遘	宥	측	去
漱	宥	측	去
輳	宥	측	去
右	宥	측	去
霤	宥	측	去
縐	宥	측	去
富	宥	측	去
脰	宥	측	去
鏤	宥	측	去
僽	宥	측	去
侑	宥	측	去
授	宥	측	去
宿	宥	측	去
蔻	宥	측	去
留	宥	측	去
媾	宥	측	去
走	宥	측	去
厚	宥	측	去
購	宥	측	去
雊	宥	측	去
懋	宥	측	去
貿	宥	측	去
廐	宥	측	去
咮	宥	측	去
餖	宥	측	去
冑	宥	측	去
複	宥	측	去
首	宥	측	去
扣	宥	측	去
受	宥	측	去
柩	宥	측	去
鏽	宥	측	去
戊	宥	측	去
簉	宥	측	去
仆	宥	측	去
守	宥	측	去
復	宥	측	去
夠	宥	측	去
姆	宥	측	去
副	宥	측	去
繆	宥	측	去
瞀	宥	측	去
餾	宥	측	去
腠	宥	측	去
僦	宥	측	去
嗽	宥	측	去
叩	宥	측	去
袤	宥	측	去
廏	宥	측	去
厩	宥	측	去
綬	宥	측	去
吼	宥	측	去
鼬	宥	측	去
讀	宥	측	去
鷇	宥	측	去
冓	宥	측	去
收	宥	측	去
蹂	宥	측	去
糅	宥	측	去
柚	宥	측	去
佑	宥	측	去
灸	宥	측	去
廖	宥	측	去
琇	宥	측	去
繇	宥	측	去
釉	宥	측	去
嗾	宥	측	去
漚	宥	측	去
姤	宥	측	去
糗	宥	측	去
槱	宥	측	去
廇	宥	측	去
句	宥	측	去
鄮	宥	측	去
伏	宥	측	去
揉	宥	측	去
瘤	宥	측	去
謏	宥	측	去
噣	宥	측	去
懤	宥	측	去
愗	宥	측	去
畜	宥	측	去
痘	宥	측	去
鱟	宥	측	去
楙	宥	측	去
佝	宥	측	去
蜼	宥	측	去
釦	宥	측	去
擩	宥	측	去
揍	宥	측	去
塯	宥	측	去
貁	宥	측	去
鍑	宥	측	去
楱	宥	측	去
譳	宥	측	去
窌	宥	측	去
狃	宥	측	去
睺	宥	측	去
油	宥	측	去
毭	宥	측	去
猶	宥	측	去
輶	宥	측	去
雺	宥	측	去
飂	宥	측	去
輮	宥	측	去
僂	宥	측	去
瘺	宥	측	去
酘	宥	측	去
娒	宥	측	去
螑	宥	측	去
鍭	宥	측	去
鎦	宥	측	去
鷚	宥	측	去
浢	宥	측	去
筘	宥	측	去
豞	宥	측	去
鈾	宥	측	去
姷	宥	측	去
怞	宥	측	去
匓	宥	측	去
鏅	宥	측	去
怐	宥	측	去
栯	宥	측	去
迶	宥	측	去
瞉	宥	측	去
煣	宥	측	去
嗖	宥	측	去
粙	宥	측	去
櫾	宥	측	去
駎	宥	측	去
惾	宥	측	去
韝	宥	측	去
慦	宥	측	去
竎	宥	측	去
鮜	宥	측	去
骺	宥	측	去
疛	宥	측	去
凁	宥	측	去
斣	宥	측	去
嬦	宥	측	去
鞣	宥	측	去
撀	宥	측	去
暓	宥	측	去
鴢	宥	측	去
猚	宥	측	去
磂	宥	측	去
牰	宥	측	去
璓	宥	측	去
糔	宥	측	去
溴	宥	측	去
鏉	宥	측	去
輻	宥	측	去
韖	宥	측	去
峟	宥	측	去
殧	宥	측	去
郖	宥	측	去
敊	宥	측	去
嬬	宥	측	去
鮈	宥	측	去
嗕	宥	측	去
煹	宥	측	去
憱	宥	측	去
熰	宥	측	去
梎	宥	측	去
豧	宥	측	去
袧	宥	측	去
鯦	宥	측	去
遚	宥	측	去
嬼	宥	측	去
鬸	宥	측	去
鄇	宥	측	去
蜏	宥	측	去
椆	宥	측	去
窛	宥	측	去
蔟	宥	측	去
珛	宥	측	去
褔	宥	측	去
洉	宥	측	去
䀁	宥	측	去
㖟	宥	측	去
䙔	宥	측	去
㳶	宥	측	去
䳹	宥	측	去
䊘	宥	측	去
䩜	宥	측	去
㜌	宥	측	去
䍍	宥	측	去
䝭	宥	측	去
䪖	宥	측	去
䤅	宥	측	去
㗜	宥	측	去
䃓	宥	측	去
䋓	宥	측	去
㕻	宥	측	去
䛆	宥	측	去
㑳	宥	측	去
㖃	宥	측	去
䔰	宥	측	去
䟬	宥	측	去
㔷	宥	측	去
䟝	宥	측	去
䒄	宥	측	去
䆜	宥	측	去
䞧	宥	측	去
㦞	宥	측	去
㗕	宥	측	去
䀤	宥	측	去
㛒	宥	측	去
㺠	宥	측	去
䦣	宥	측	去
㲃	宥	측	去
㵵	宥	측	去
㡱	宥	측	去
䋴	宥	측	去
䅢	宥	측	去
㔿	宥	측	去
㼙	宥	측	去
㩆	宥	측	去
䬦	宥	측	去
㽬	宥	측	去
䔏	宥	측	去
㙧	宥	측	去
䞬	宥	측	去
㨌	宥	측	去
㝊	宥	측	去
㶯	宥	측	去
䬨	宥	측	去
㰯	宥	측	去
䐢	宥	측	去
䠫	宥	측	去
䄈	宥	측	去
䓮	宥	측	去
㙀	宥	측	去
䇺	宥	측	去
㔌	宥	측	去
䠐	宥	측	去
䪷	宥	측	去
䩽	宥	측	去
㝌	宥	측	去
㝤	宥	측	去
䜬	宥	측	去
䛵	宥	측	去
䛠	宥	측	去
㹨	宥	측	去
㠇	宥	측	去
㤱	宥	측	去
㝅	宥	측	去
䞥	宥	측	去
㢄	宥	측	去
㾭	宥	측	去
䌂	宥	측	去
𤬏	宥	측	去
𧧷	宥	측	去
𤸑	宥	측	去
𡞜	宥	측	去
𦳩	宥	측	去
𣓕	宥	측	去
𥲃	宥	측	去
𨶜	宥	측	去
𠣿	宥	측	去
𨡭	宥	측	去
禁	沁	측	去
蔭	沁	측	去
讖	沁	측	去
浸	沁	측	去
任	沁	측	去
祲	沁	측	去
沁	沁	측	去
鴆	沁	측	去
闖	沁	측	去
賃	沁	측	去
譖	沁	측	去
滲	沁	측	去
飲	沁	측	去
飮	沁	측	去
甚	沁	측	去
深	沁	측	去
臨	沁	측	去
枕	沁	측	去
窨	沁	측	去
寖	沁	측	去
紝	沁	측	去
吟	沁	측	去
罧	沁	측	去
喑	沁	측	去
噤	沁	측	去
揕	沁	측	去
紟	沁	측	去
衽	沁	측	去
鵀	沁	측	去
癊	沁	측	去
沈	沁	측	去
鋟	沁	측	去
妗	沁	측	去
妊	沁	측	去
僸	沁	측	去
酖	沁	측	去
唚	沁	측	去
邥	沁	측	去
齽	沁	측	去
笒	沁	측	去
瘎	沁	측	去
赺	沁	측	去
愖	沁	측	去
鈊	沁	측	去
鈂	沁	측	去
抋	沁	측	去
搇	沁	측	去
侺	沁	측	去
莐	沁	측	去
伈	沁	측	去
瞫	沁	측	去
扲	沁	측	去
夦	沁	측	去
䜟	沁	측	去
䶖	沁	측	去
㓄	沁	측	去
䥠	沁	측	去
䏕	沁	측	去
䧵	沁	측	去
䲴	沁	측	去
㱽	沁	측	去
㼉	沁	측	去
㵕	沁	측	去
䜗	沁	측	去
䑤	沁	측	去
㤈	沁	측	去
䈜	沁	측	去
䌝	沁	측	去
䫴	沁	측	去
㯲	沁	측	去
𦧈	沁	측	去
𢊖	沁	측	去
憾	勘	측	去
纜	勘	측	去
暫	勘	측	去
瞰	勘	측	去
探	勘	측	去
擔	勘	측	去
勘	勘	측	去
暗	勘	측	去
紺	勘	측	去
歛	勘	측	去
淡	勘	측	去
濫	勘	측	去
甔	勘	측	去
賧	勘	측	去
磡	勘	측	去
澹	勘	측	去
憨	勘	측	去
墈	勘	측	去
唅	勘	측	去
啖	勘	측	去
闞	勘	측	去
闇	勘	측	去
憺	勘	측	去
贛	勘	측	去
鏨	勘	측	去
憛	勘	측	去
霮	勘	측	去
壏	勘	측	去
爁	勘	측	去
僋	勘	측	去
汵	勘	측	去
嚂	勘	측	去
莟	勘	측	去
腅	勘	측	去
俕	勘	측	去
琀	勘	측	去
淦	勘	측	去
儑	勘	측	去
浛	勘	측	去
沊	勘	측	去
詌	勘	측	去
誩	勘	측	去
馾	勘	측	去
揞	勘	측	去
閐	勘	측	去
錎	勘	측	去
倓	勘	측	去
篸	勘	측	去
懢	勘	측	去
參	勘	측	去
黚	勘	측	去
竷	勘	측	去
癚	勘	측	去
凵	勘	측	去
帎	勘	측	去
撍	勘	측	去
蜭	勘	측	去
顑	勘	측	去
饀	勘	측	去
姏	勘	측	去
瞫	勘	측	去
三	勘	측	去
婻	勘	측	去
顲	勘	측	去
䌫	勘	측	去
䬓	勘	측	去
䯥	勘	측	去
䗊	勘	측	去
䀍	勘	측	去
䲺	勘	측	去
㤾	勘	측	去
䫅	勘	측	去
㜮	勘	측	去
䐺	勘	측	去
䨵	勘	측	去
䟅	勘	측	去
䘓	勘	측	去
䐄	勘	측	去
䗣	勘	측	去
𦧡	勘	측	去
𨣨	勘	측	去
念	艷	측	去
豔	艷	측	去
艶	艷	측	去
艷	艷	측	去
豓	艷	측	去
焰	艷	측	去
店	艷	측	去
驗	艷	측	去
灩	艷	측	去
灔	艷	측	去
灧	艷	측	去
灎	艷	측	去
塹	艷	측	去
占	艷	측	去
釅	艷	측	去
贍	艷	측	去
墊	艷	측	去
坫	艷	측	去
僭	艷	측	去
窆	艷	측	去
厭	艷	측	去
殮	艷	측	去
饜	艷	측	去
劍	艷	측	去
劒	艷	측	去
掞	艷	측	去
砭	艷	측	去
覘	艷	측	去
韂	艷	측	去
欠	艷	측	去
斂	艷	측	去
苫	艷	측	去
佔	艷	측	去
傔	艷	측	去
潛	艷	측	去
瀲	艷	측	去
㶑	艷	측	去
煔	艷	측	去
醶	艷	측	去
曕	艷	측	去
沾	艷	측	去
舚	艷	측	去
淹	艷	측	去
歉	艷	측	去
忝	艷	측	去
堿	艷	측	去
襜	艷	측	去
爓	艷	측	去
痁	艷	측	去
俺	艷	측	去
熌	艷	측	去
噞	艷	측	去
獫	艷	측	去
驔	艷	측	去
酓	艷	측	去
裧	艷	측	去
嬱	艷	측	去
艌	艷	측	去
嬮	艷	측	去
鰜	艷	측	去
幨	艷	측	去
譣	艷	측	去
槧	艷	측	去
兼	艷	측	去
鹽	艷	측	去
塩	艷	측	去
覎	艷	측	去
爁	艷	측	去
菾	艷	측	去
敥	艷	측	去
姭	艷	측	去
裺	艷	측	去
殗	艷	측	去
羷	艷	측	去
澰	艷	측	去
趝	艷	측	去
嶦	艷	측	去
頕	艷	측	去
脅	艷	측	去
稴	艷	측	去
棯	艷	측	去
㮇	艷	측	去
䪜	艷	측	去
㝪	艷	측	去
㶺	艷	측	去
㷔	艷	측	去
䠨	艷	측	去
㙴	艷	측	去
㛪	艷	측	去
㣣	艷	측	去
䛳	艷	측	去
䶫	艷	측	去
䃸	艷	측	去
䀡	艷	측	去
䯡	艷	측	去
䃱	艷	측	去
䊴	艷	측	去
䧔	艷	측	去
㱨	艷	측	去
㟻	艷	측	去
䱤	艷	측	去
㪁	艷	측	去
䦲	艷	측	去
㼭	艷	측	去
䁮	艷	측	去
䈴	艷	측	去
㜞	艷	측	去
𥮘	艷	측	去
𩅀	艷	측	去
𦱏	艷	측	去
𤬯	艷	측	去
𧸘	艷	측	去
𣄝	艷	측	去
𪙊	艷	측	去
𨸱	艷	측	去
𢜰	艷	측	去
𡄑	艷	측	去
𩅼	艷	측	去
𦁤	艷	측	去
𦒻	艷	측	去
𢴵	艷	측	去
𨼮	艷	측	去
鑒	陷	측	去
鑑	陷	측	去
鍳	陷	측	去
泛	陷	측	去
梵	陷	측	去
監	陷	측	去
陷	陷	측	去
汎	陷	측	去
懺	陷	측	去
蘸	陷	측	去
賺	陷	측	去
鑱	陷	측	去
站	陷	측	去
帆	陷	측	去
欠	陷	측	去
餡	陷	측	去
渢	陷	측	去
摲	陷	측	去
釤	陷	측	去
訉	陷	측	去
儳	陷	측	去
劍	陷	측	去
劒	陷	측	去
湴	陷	측	去
譀	陷	측	去
讒	陷	측	去
闞	陷	측	去
甉	陷	측	去
釩	陷	측	去
埳	陷	측	去
艬	陷	측	去
覱	陷	측	去
揞	陷	측	去
溓	陷	측	去
顑	陷	측	去
膁	陷	측	去
錎	陷	측	去
臽	陷	측	去
滼	陷	측	去
淹	陷	측	去
韽	陷	측	去
湛	陷	측	去
䪌	陷	측	去
䬚	陷	측	去
㒈	陷	측	去
䀀	陷	측	去
䜛	陷	측	去
㦑	陷	측	去
㣌	陷	측	去
㸥	陷	측	去
㺘	陷	측	去
㽉	陷	측	去
䱿	陷	측	去
㪠	陷	측	去
䶟	陷	측	去
㕨	陷	측	去
𧸖	陷	측	去
𪉦	陷	측	去
𣔿	陷	측	去
𤮭	陷	측	去
竹	屋	측	入
屋	屋	측	入
糓	屋	측	入
谷	屋	측	入
目	屋	측	入
木	屋	측	入
熟	屋	측	入
菊	屋	측	入
腹	屋	측	入
哭	屋	측	入
服	屋	측	入
肉	屋	측	入
獨	屋	측	入
福	屋	측	入
速	屋	측	入
逐	屋	측	入
祿	屋	측	入
鹿	屋	측	入
麓	屋	측	入
肅	屋	측	入
軸	屋	측	入
牧	屋	측	入
宿	屋	측	入
卜	屋	측	入
陸	屋	측	入
六	屋	측	入
族	屋	측	入
築	屋	측	入
轂	屋	측	入
祝	屋	측	入
沐	屋	측	入
斛	屋	측	入
馥	屋	측	入
穀	屋	측	入
犢	屋	측	入
掬	屋	측	入
縮	屋	측	入
牘	屋	측	入
叔	屋	측	入
讀	屋	측	入
粥	屋	측	入
簇	屋	측	入
蹙	屋	측	入
複	屋	측	入
育	屋	측	入
禿	屋	측	入
覆	屋	측	入
碌	屋	측	入
復	屋	측	入
伏	屋	측	入
穆	屋	측	入
瀆	屋	측	入
戮	屋	측	入
淑	屋	측	入
蓄	屋	측	入
縠	屋	측	入
矗	屋	측	入
撲	屋	측	入
幅	屋	측	入
鏃	屋	측	入
菽	屋	측	入
漉	屋	측	入
竺	屋	측	入
笁	屋	측	入
燠	屋	측	入
蓿	屋	측	入
蔌	屋	측	入
瀑	屋	측	入
曲	屋	측	入
簌	屋	측	入
櫝	屋	측	入
睦	屋	측	入
鵩	屋	측	入
鞠	屋	측	入
鶩	屋	측	入
觫	屋	측	入
蹴	屋	측	入
簏	屋	측	入
蝠	屋	측	入
黷	屋	측	入
郁	屋	측	入
霂	屋	측	入
塾	屋	측	入
澳	屋	측	入
謖	屋	측	入
夙	屋	측	入
轆	屋	측	入
餗	屋	측	入
麴	屋	측	入
恧	屋	측	入
僕	屋	측	入
畜	屋	측	入
榖	屋	측	入
衄	屋	측	入
洑	屋	측	入
濮	屋	측	入
蔔	屋	측	入
槭	屋	측	入
樕	屋	측	入
毓	屋	측	入
輻	屋	측	入
樸	屋	측	入
孰	屋	측	入
匊	屋	측	入
倏	屋	측	入
倐	屋	측	入
儵	屋	측	入
濁	屋	측	入
舳	屋	측	入
醭	屋	측	入
讟	屋	측	入
鬻	屋	측	入
僇	屋	측	入
煜	屋	측	入
角	屋	측	入
蝮	屋	측	入
稑	屋	측	入
暴	屋	측	入
箙	屋	측	入
昱	屋	측	入
彧	屋	측	入
槲	屋	측	入
曝	屋	측	入
啄	屋	측	入
鞫	屋	측	入
朒	屋	측	入
盝	屋	측	入
韣	屋	측	入
匐	屋	측	入
睩	屋	측	入
琭	屋	측	入
齪	屋	측	入
蓼	屋	측	入
蹜	屋	측	入
滀	屋	측	入
毣	屋	측	入
忸	屋	측	入
鵴	屋	측	入
瀫	屋	측	入
俶	屋	측	入
踧	屋	측	入
袱	屋	측	入
鷫	屋	측	入
柷	屋	측	入
澓	屋	측	入
髑	屋	측	入
輹	屋	측	入
柚	屋	측	入
搐	屋	측	入
摝	屋	측	入
瘯	屋	측	入
慉	屋	측	入
殰	屋	측	入
鏕	屋	측	入
碡	屋	측	入
副	屋	측	入
囿	屋	측	入
菔	屋	측	入
茯	屋	측	入
薁	屋	측	入
剭	屋	측	入
螰	屋	측	入
苜	屋	측	入
踀	屋	측	入
喌	屋	측	入
嘼	屋	측	入
蔟	屋	측	入
虙	屋	측	入
趚	屋	측	入
驌	屋	측	入
蹗	屋	측	入
鱐	屋	측	入
楅	屋	측	入
贕	屋	측	入
鵚	屋	측	入
簶	屋	측	入
閦	屋	측	入
噈	屋	측	入
繆	屋	측	入
稢	屋	측	入
虪	屋	측	入
穋	屋	측	入
觳	屋	측	入
朷	屋	측	入
告	屋	측	入
葍	屋	측	入
腛	屋	측	入
勠	屋	측	入
鋉	屋	측	入
瑴	屋	측	入
縬	屋	측	入
濲	屋	측	入
摍	屋	측	入
藗	屋	측	入
焀	屋	측	入
蓛	屋	측	入
熇	屋	측	入
遬	屋	측	入
汋	屋	측	入
蹼	屋	측	入
唷	屋	측	入
唂	屋	측	入
橚	屋	측	入
趢	屋	측	入
儥	屋	측	入
蜟	屋	측	入
拲	屋	측	入
娽	屋	측	入
坶	屋	측	入
蔛	屋	측	入
涑	屋	측	入
樚	屋	측	入
鶝	屋	측	入
踾	屋	측	入
跾	屋	측	入
豖	屋	측	入
匑	屋	측	入
翏	屋	측	入
錥	屋	측	入
圥	屋	측	入
鴔	屋	측	入
趗	屋	측	入
栜	屋	측	入
棴	屋	측	入
鮛	屋	측	入
楘	屋	측	入
蚞	屋	측	入
襡	屋	측	入
艒	屋	측	入
纀	屋	측	入
蕧	屋	측	入
栿	屋	측	入
獛	屋	측	入
熝	屋	측	入
嬻	屋	측	入
躹	屋	측	入
鵱	屋	측	入
蔍	屋	측	入
茿	屋	측	入
剹	屋	측	入
諔	屋	측	入
踿	屋	측	入
喐	屋	측	入
韇	屋	측	入
蓫	屋	측	入
沑	屋	측	入
鱁	屋	측	入
蠨	屋	측	入
梀	屋	측	入
惐	屋	측	入
梮	屋	측	入
皾	屋	측	入
莥	屋	측	入
逳	屋	측	入
箼	屋	측	入
荲	屋	측	入
騼	屋	측	入
宓	屋	측	入
騳	屋	측	入
驧	屋	측	入
潚	屋	측	入
畐	屋	측	入
斀	屋	측	入
稪	屋	측	入
萺	屋	측	入
莤	屋	측	入
玊	屋	측	入
哊	屋	측	入
鉐	屋	측	入
鵦	屋	측	入
癁	屋	측	入
鉃	屋	측	入
粶	屋	측	入
丵	屋	측	入
焂	屋	측	入
埱	屋	측	入
坴	屋	측	入
襆	屋	측	入
敊	屋	측	入
涋	屋	측	入
粷	屋	측	入
喅	屋	측	入
蓻	屋	측	入
鱳	屋	측	入
瓄	屋	측	入
珿	屋	측	入
軮	屋	측	入
鰒	屋	측	入
踓	屋	측	入
剢	屋	측	入
犕	屋	측	入
鑟	屋	측	入
蔋	屋	측	入
椈	屋	측	入
嗀	屋	측	入
聏	屋	측	入
琡	屋	측	入
鞪	屋	측	入
鏉	屋	측	入
蘛	屋	측	入
鼀	屋	측	入
疛	屋	측	入
巈	屋	측	入
淕	屋	측	入
絥	屋	측	入
鄜	屋	측	入
齱	屋	측	入
璛	屋	측	入
淯	屋	측	入
璹	屋	측	入
樢	屋	측	入
婅	屋	측	入
蒮	屋	측	入
斣	屋	측	入
穙	屋	측	入
鍙	屋	측	入
趜	屋	측	入
雮	屋	측	入
偪	屋	측	入
阿	屋	측	入
疁	屋	측	入
骲	屋	측	入
篴	屋	측	入
媨	屋	측	入
罜	屋	측	入
殐	屋	측	入
掓	屋	측	入
稶	屋	측	入
嚛	屋	측	入
磩	屋	측	入
槒	屋	측	入
膔	屋	측	入
栯	屋	측	入
礇	屋	측	入
炑	屋	측	入
鄐	屋	측	入
鳪	屋	측	入
轐	屋	측	入
殧	屋	측	入
塶	屋	측	入
螜	屋	측	入
閰	屋	측	入
媉	屋	측	入
棛	屋	측	入
篫	屋	측	入
諨	屋	측	入
摵	屋	측	入
椱	屋	측	入
砡	屋	측	入
樎	屋	측	入
鎐	屋	측	入
誎	屋	측	入
垘	屋	측	入
苖	屋	측	入
婌	屋	측	入
泦	屋	측	入
椂	屋	측	入
鐭	屋	측	入
攴	屋	측	入
堉	屋	측	入
嗖	屋	측	入
鯥	屋	측	入
觷	屋	측	入
觻	屋	측	入
䘵	屋	측	入
䩮	屋	측	入
䮷	屋	측	入
䱙	屋	측	入
䎘	屋	측	入
䍡	屋	측	入
䉛	屋	측	入
䃤	屋	측	入
䛢	屋	측	入
㳤	屋	측	入
㰗	屋	측	入
㜚	屋	측	入
䞱	屋	측	入
䃙	屋	측	入
㕰	屋	측	入
㰲	屋	측	入
㓘	屋	측	入
䑿	屋	측	入
㚆	屋	측	入
䫝	屋	측	入
㽤	屋	측	入
㥔	屋	측	入
䙒	屋	측	入
㶖	屋	측	入
䜡	屋	측	入
㲫	屋	측	入
㩋	屋	측	入
㧅	屋	측	入
䟿	屋	측	入
䥮	屋	측	入
䘻	屋	측	入
㓐	屋	측	入
䢱	屋	측	入
䟟	屋	측	入
䋭	屋	측	入
䢗	屋	측	入
㑉	屋	측	入
䗇	屋	측	入
䴪	屋	측	入
䇚	屋	측	入
䃞	屋	측	入
㪩	屋	측	入
䑁	屋	측	入
䔎	屋	측	入
㦇	屋	측	入
䊾	屋	측	入
䄾	屋	측	入
䘐	屋	측	入
䋹	屋	측	入
㜙	屋	측	入
㮋	屋	측	入
䏋	屋	측	入
㗤	屋	측	入
㤢	屋	측	入
䗛	屋	측	入
㥌	屋	측	入
䶊	屋	측	入
䪁	屋	측	入
㠅	屋	측	入
㣎	屋	측	入
㜅	屋	측	入
㬼	屋	측	入
䐨	屋	측	入
㼾	屋	측	入
䧤	屋	측	入
䎌	屋	측	入
䡜	屋	측	入
䕮	屋	측	入
䈸	屋	측	入
䜯	屋	측	入
䫳	屋	측	入
㾄	屋	측	入
䃚	屋	측	入
㘲	屋	측	入
䏱	屋	측	入
㝛	屋	측	入
䨱	屋	측	入
䵈	屋	측	入
㾥	屋	측	入
㻃	屋	측	入
㒔	屋	측	入
䪕	屋	측	入
䟮	屋	측	入
䌒	屋	측	入
䎼	屋	측	入
㖨	屋	측	入
㴼	屋	측	入
䮱	屋	측	入
䳱	屋	측	入
㡔	屋	측	入
㵀	屋	측	入
䨹	屋	측	入
㞺	屋	측	入
䞽	屋	측	入
㑐	屋	측	入
㛬	屋	측	入
䙯	屋	측	入
㪶	屋	측	入
㯟	屋	측	入
䤋	屋	측	入
㙏	屋	측	入
䗱	屋	측	入
䚼	屋	측	入
䎑	屋	측	入
㯈	屋	측	入
㜈	屋	측	入
䛙	屋	측	入
䜼	屋	측	入
䱡	屋	측	入
䐿	屋	측	入
㑛	屋	측	入
㯷	屋	측	入
䐁	屋	측	入
䀰	屋	측	入
㣃	屋	측	入
㷤	屋	측	入
㺉	屋	측	入
䀲	屋	측	入
㹼	屋	측	入
㪖	屋	측	入
䖡	屋	측	入
㽇	屋	측	入
㾇	屋	측	入
㞘	屋	측	入
㬘	屋	측	入
䇍	屋	측	入
㦽	屋	측	入
𨌥	屋	측	入
𪇰	屋	측	入
𥪋	屋	측	入
𪘏	屋	측	入
𩶫	屋	측	入
𠱙	屋	측	入
𩋟	屋	측	入
𣖫	屋	측	入
𡡐	屋	측	入
𧼭	屋	측	入
𣨍	屋	측	入
𩑒	屋	측	入
𥲒	屋	측	入
𥉑	屋	측	入
𥳇	屋	측	入
𡰿	屋	측	入
𪃃	屋	측	入
𣤶	屋	측	入
𦪇	屋	측	入
𤞞	屋	측	入
綠	沃	측	入
玉	沃	측	入
俗	沃	측	入
燭	沃	측	入
足	沃	측	入
續	沃	측	入
粟	沃	측	入
束	沃	측	入
促	沃	측	入
辱	沃	측	入
局	沃	측	入
鵠	沃	측	入
躅	沃	측	入
欲	沃	측	入
慾	沃	측	入
錄	沃	측	入
蜀	沃	측	入
觸	沃	측	入
毒	沃	측	入
浴	沃	측	入
獄	沃	측	入
旭	沃	측	入
矚	沃	측	入
瞩	沃	측	入
籙	沃	측	入
屬	沃	측	入
酷	沃	측	入
淥	沃	측	入
醁	沃	측	入
篤	沃	측	入
沃	沃	측	入
曲	沃	측	入
贖	沃	측	入
褥	沃	측	入
斸	沃	측	入
劚	沃	측	入
勖	沃	측	入
勗	沃	측	入
督	沃	측	入
囑	沃	측	入
溽	沃	측	入
梏	沃	측	入
縟	沃	측	入
鵒	沃	측	入
纛	沃	측	入
菉	沃	측	入
騄	沃	측	入
蠋	沃	측	入
蓐	沃	측	入
瘃	沃	측	入
峪	沃	측	入
趣	沃	측	入
牿	沃	측	入
頊	沃	측	入
僕	沃	측	入
鄏	沃	측	入
襆	沃	측	入
裻	沃	측	入
告	沃	측	入
挶	沃	측	入
鳿	沃	측	入
嚳	沃	측	入
襮	沃	측	入
歜	沃	측	入
輂	沃	측	入
斶	沃	측	入
鋦	沃	측	入
鋈	沃	측	入
逯	沃	측	入
藚	沃	측	入
媷	沃	측	入
臅	沃	측	入
慮	沃	측	入
憟	沃	측	入
匤	沃	측	入
熇	沃	측	入
臛	沃	측	入
旮	沃	측	入
蛐	沃	측	入
欘	沃	측	入
趢	沃	측	入
犦	沃	측	入
哫	沃	측	入
灟	沃	측	入
拲	沃	측	入
娽	沃	측	入
傉	沃	측	入
彳	沃	측	入
鸀	沃	측	入
駶	沃	측	入
軉	沃	측	入
筁	沃	측	入
蝳	沃	측	入
蠾	沃	측	入
趗	沃	측	入
髷	沃	측	入
鏷	沃	측	入
薥	沃	측	入
鋊	沃	측	入
脨	沃	측	入
砡	沃	측	入
檋	沃	측	入
琟	沃	측	入
輍	沃	측	入
頶	沃	측	入
俈	沃	측	入
捁	沃	측	入
澩	沃	측	入
斀	沃	측	入
珛	沃	측	入
钃	沃	측	入
搙	沃	측	入
潥	沃	측	入
隺	沃	측	入
絭	沃	측	入
悎	沃	측	入
觷	沃	측	入
螸	沃	측	入
傶	沃	측	入
襡	沃	측	入
鈺	沃	측	入
洬	沃	측	入
嚛	沃	측	入
錊	沃	측	入
噣	沃	측	入
孎	沃	측	入
錖	沃	측	入
誎	沃	측	入
嗕	沃	측	入
斣	沃	측	入
疁	沃	측	入
梮	沃	측	入
捒	沃	측	入
蔋	沃	측	入
鶮	沃	측	入
䠱	沃	측	入
䪅	沃	측	入
㯮	沃	측	入
㒒	沃	측	入
䒼	沃	측	入
䟉	沃	측	入
㮂	沃	측	入
䥔	沃	측	入
䌚	沃	측	入
㙇	沃	측	入
䞖	沃	측	入
䶜	沃	측	入
䎤	沃	측	入
䌵	沃	측	入
䜹	沃	측	入
㻿	沃	측	入
䞝	沃	측	入
䧊	沃	측	入
䕽	沃	측	入
䙱	沃	측	入
䐂	沃	측	入
䳔	沃	측	入
䡞	沃	측	入
䚄	沃	측	入
䑑	沃	측	入
䅶	沃	측	入
䋰	沃	측	入
䚛	沃	측	入
䛤	沃	측	入
㫽	沃	측	入
䱚	沃	측	入
䴰	沃	측	入
㩴	沃	측	入
䴆	沃	측	入
㿥	沃	측	入
㔄	沃	측	入
䧼	沃	측	入
䅇	沃	측	入
㦺	沃	측	入
䈞	沃	측	入
𤌍	沃	측	入
𧰵	沃	측	入
𧛔	沃	측	入
𩌮	沃	측	入
𤞞	沃	측	入
學	覺	측	入
嶽	覺	측	入
岳	覺	측	入
朔	覺	측	入
幄	覺	측	入
渥	覺	측	入
角	覺	측	入
濯	覺	측	入
邈	覺	측	入
握	覺	측	入
璞	覺	측	入
剝	覺	측	入
覺	覺	측	入
琢	覺	측	入
確	覺	측	入
确	覺	측	入
卓	覺	측	入
殼	覺	측	入
雹	覺	측	入
擢	覺	측	入
鷟	覺	측	入
槊	覺	측	入
斲	覺	측	入
犖	覺	측	入
捉	覺	측	入
駁	覺	측	入
濁	覺	측	入
喔	覺	측	入
啄	覺	측	入
榷	覺	측	入
桷	覺	측	入
數	覺	측	入
樸	覺	측	入
駮	覺	측	入
灂	覺	측	入
諑	覺	측	入
樂	覺	측	入
齪	覺	측	入
埆	覺	측	入
搉	覺	측	入
啅	覺	측	入
鐲	覺	측	入
較	覺	측	入
倬	覺	측	入
玨	覺	측	入
戳	覺	측	入
鸑	覺	측	入
涿	覺	측	入
翯	覺	측	入
鴬	覺	측	入
跑	覺	측	入
桌	覺	측	入
踔	覺	측	入
娖	覺	측	入
鸐	覺	측	入
硞	覺	측	入
嶨	覺	측	入
椓	覺	측	入
擉	覺	측	入
藥	覺	측	入
浞	覺	측	入
謈	覺	측	入
愨	覺	측	入
搦	覺	측	入
碻	覺	측	入
塙	覺	측	入
鋜	覺	측	入
豰	覺	측	入
懪	覺	측	入
穱	覺	측	入
欶	覺	측	入
爆	覺	측	入
瞀	覺	측	入
瓝	覺	측	入
偓	覺	측	入
瑴	覺	측	入
韄	覺	측	入
嚗	覺	측	入
傕	覺	측	入
箾	覺	측	入
穛	覺	측	入
噣	覺	측	入
眊	覺	측	入
觳	覺	측	入
搠	覺	측	入
斠	覺	측	入
斮	覺	측	入
齷	覺	측	入
掿	覺	측	入
捔	覺	측	入
趵	覺	측	入
礐	覺	측	入
蒴	覺	측	入
烞	覺	측	入
晫	覺	측	入
洬	覺	측	入
嗍	覺	측	入
鵫	覺	측	入
墣	覺	측	入
蠗	覺	측	入
窇	覺	측	入
鞄	覺	측	入
籗	覺	측	入
瓁	覺	측	入
悎	覺	측	入
瞐	覺	측	入
鞪	覺	측	入
皃	覺	측	入
汋	覺	측	入
隺	覺	측	入
鎙	覺	측	入
劰	覺	측	入
燢	覺	측	入
豿	覺	측	入
娕	覺	측	入
礭	覺	측	入
仢	覺	측	入
欘	覺	측	入
韷	覺	측	入
澩	覺	측	入
颮	覺	측	入
矠	覺	측	入
骲	覺	측	入
楃	覺	측	入
斀	覺	측	入
丵	覺	측	入
瞨	覺	측	入
墧	覺	측	入
鰒	覺	측	入
硺	覺	측	入
觷	覺	측	入
腛	覺	측	入
燩	覺	측	入
棹	覺	측	入
櫂	覺	측	入
釙	覺	측	入
鑡	覺	측	入
簎	覺	측	入
菿	覺	측	入
龏	覺	측	入
敩	覺	측	入
攴	覺	측	入
顜	覺	측	入
齺	覺	측	入
篧	覺	측	入
捳	覺	측	入
髉	覺	측	入
琸	覺	측	入
珿	覺	측	入
犦	覺	측	入
籱	覺	측	入
搻	覺	측	入
壆	覺	측	入
鳪	覺	측	入
媉	覺	측	入
齱	覺	측	入
殐	覺	측	入
㧻	覺	측	入
㲉	覺	측	入
㩧	覺	측	入
䃗	覺	측	入
䓎	覺	측	入
㙾	覺	측	入
㰌	覺	측	入
㓸	覺	측	入
䂍	覺	측	入
㮶	覺	측	入
㼎	覺	측	入
䈏	覺	측	入
䑈	覺	측	入
䁷	覺	측	入
㰒	覺	측	入
䃕	覺	측	入
䪨	覺	측	入
㔬	覺	측	入
䮸	覺	측	入
㱿	覺	측	入
䦠	覺	측	入
㙸	覺	측	入
㺪	覺	측	入
㹒	覺	측	入
㿺	覺	측	入
㺟	覺	측	入
㪬	覺	측	入
䇶	覺	측	入
㱋	覺	측	入
㹊	覺	측	入
䨌	覺	측	入
㴶	覺	측	入
䡈	覺	측	入
㦝	覺	측	入
䥤	覺	측	入
䮓	覺	측	入
㵡	覺	측	入
䥃	覺	측	入
䠎	覺	측	入
𥢔	覺	측	入
𢁁	覺	측	入
𩣡	覺	측	入
𪑱	覺	측	入
𦢊	覺	측	入
𥭖	覺	측	入
𢷏	覺	측	入
𩺽	覺	측	入
𥭓	覺	측	入
𧲐	覺	측	入
𧞐	覺	측	入
𤓊	覺	측	入
𧣚	覺	측	入
日	質	측	入
筆	質	측	入
笔	質	측	入
室	質	측	入
一	質	측	入
失	質	측	入
密	質	측	入
術	質	측	入
實	質	측	入
疾	質	측	入
逸	質	측	入
律	質	측	入
畢	質	측	入
匹	質	측	入
膝	質	측	入
厀	質	측	入
出	質	측	入
帙	質	측	入
漆	質	측	入
栗	質	측	入
溢	質	측	入
詰	質	측	入
七	質	측	入
橘	質	측	入
必	質	측	入
述	質	측	入
秩	質	측	入
吉	質	측	入
蜜	質	측	入
恤	質	측	入
瑟	質	측	入
乙	質	측	入
質	質	측	入
櫛	質	측	入
秫	質	측	入
虱	質	측	入
蝨	質	측	入
蟀	質	측	入
蓽	質	측	入
悉	質	측	入
慄	質	측	入
黜	質	측	入
弼	質	측	入
叱	質	측	入
潏	質	측	入
嵂	質	측	入
嫉	質	측	入
汩	質	측	入
朮	質	측	入
謐	質	측	入
戌	質	측	入
昵	質	측	入
窒	質	측	入
篥	質	측	入
鎰	質	측	入
率	質	측	入
卛	質	측	入
侄	質	측	入
怵	質	측	入
鑕	質	측	入
騭	質	측	入
壹	質	측	入
卒	質	측	入
篳	質	측	入
絀	質	측	入
節	質	측	入
佚	質	측	入
苾	質	측	入
鷸	質	측	入
軼	質	측	入
蹕	質	측	入
馹	質	측	入
茁	質	측	入
抶	質	측	入
桎	質	측	入
唧	質	측	入
姪	質	측	入
崒	質	측	入
獝	質	측	入
繂	質	측	入
沭	質	측	入
疋	質	측	入
韠	質	측	入
遹	質	측	入
繘	質	측	入
泆	質	측	入
罼	質	측	入
鳦	質	측	入
袐	質	측	入
銍	質	측	入
衵	質	측	入
蟋	質	측	入
凓	質	측	入
飋	質	측	入
聿	質	측	入
飶	質	측	入
霱	質	측	入
咥	質	측	入
蒺	質	측	入
袟	質	측	入
袠	質	측	入
蔤	質	측	入
沏	質	측	入
泌	質	측	入
鴥	質	측	入
蛭	質	측	入
佾	質	측	入
訹	質	측	入
珌	質	측	入
妷	質	측	入
挃	質	측	入
鞸	質	측	入
礩	質	측	入
厔	質	측	入
耴	質	측	入
尼	質	측	入
茟	質	측	入
肸	質	측	入
熚	質	측	入
觱	質	측	入
堲	質	측	入
翐	質	측	入
紩	質	측	入
桼	質	측	入
傈	質	측	入
瀄	質	측	入
踤	質	측	入
窋	質	측	入
姞	質	측	入
駜	質	측	入
溧	質	측	入
晊	質	측	入
帥	質	측	入
捽	質	측	入
矞	質	측	入
佶	質	측	入
拮	質	측	入
鷅	質	측	入
銊	質	측	入
馝	質	측	入
璱	質	측	入
饆	質	측	入
佖	質	측	入
荗	質	측	入
膟	質	측	入
鴄	質	측	入
眣	質	측	入
瓆	質	측	入
鬻	質	측	入
摔	質	측	入
圪	質	측	入
咭	質	측	入
沕	質	측	入
疙	質	측	入
宓	質	측	入
蛣	質	측	入
滭	質	측	入
枇	質	측	入
鉥	質	측	入
郅	質	측	入
鵯	質	측	入
銡	質	측	入
楖	質	측	入
怸	質	측	入
螲	質	측	入
怭	質	측	入
鉍	質	측	入
潷	質	측	入
趌	質	측	入
黢	質	측	入
鱊	質	측	入
痆	質	측	入
窸	質	측	入
齣	質	측	入
滵	質	측	入
柣	質	측	入
庢	質	측	入
呹	質	측	入
箻	質	측	入
鷝	質	측	入
秷	質	측	入
峚	質	측	入
狤	質	측	入
珬	質	측	入
欪	質	측	入
祑	質	측	入
胵	質	측	入
螏	質	측	入
逫	質	측	入
蠠	質	측	入
秖	質	측	入
抳	質	측	入
塛	質	측	入
榓	質	측	入
跮	質	측	入
恎	質	측	入
絉	質	측	入
鮅	質	측	入
欰	質	측	入
炢	質	측	入
咰	質	측	入
趉	質	측	入
袕	質	측	入
揤	質	측	入
浂	質	측	入
擳	質	측	入
銉	質	측	入
膁	質	측	入
柫	質	측	入
衹	質	측	入
眰	質	측	入
比	質	측	入
鏎	質	측	入
腟	質	측	入
僁	質	측	入
焌	質	측	入
搮	質	측	入
恄	質	측	入
箤	質	측	入
燏	質	측	入
鴓	質	측	入
笜	質	측	入
怷	質	측	入
麜	質	측	入
臷	質	측	入
鮚	質	측	入
豑	質	측	入
犵	質	측	入
臸	質	측	入
秪	質	측	入
蝍	質	측	入
詄	質	측	入
瑮	質	측	入
郆	質	측	入
縪	質	측	入
妼	質	측	入
琗	質	측	入
寽	質	측	入
祇	質	측	入
嬄	質	측	入
宲	質	측	入
鶐	質	측	入
炪	質	측	入
鴶	質	측	入
邲	質	측	入
祗	質	측	入
胇	質	측	入
欥	質	측	入
洷	質	측	入
柒	質	측	入
暨	質	측	入
彃	質	측	入
淧	質	측	入
樒	質	측	入
膣	質	측	入
魓	質	측	入
槉	質	측	入
鞊	質	측	入
櫍	質	측	入
驈	質	측	入
蹫	質	측	入
欯	質	측	入
釰	質	측	入
芛	質	측	入
䫻	質	측	入
䁥	質	측	入
㗚	質	측	入
䘌	質	측	入
䭿	質	측	入
䬆	質	측	入
䟆	質	측	入
䎉	質	측	入
㘉	質	측	入
㾁	質	측	入
䮡	質	측	入
㔕	質	측	入
㯃	質	측	入
䢖	質	측	入
䫕	質	측	入
㵥	質	측	入
䮇	質	측	入
㪤	質	측	入
㺩	質	측	入
㻎	質	측	入
䒤	質	측	入
䏘	質	측	入
䑇	質	측	入
㓖	質	측	入
䶡	質	측	入
䵒	質	측	入
䢞	質	측	入
㗧	質	측	入
䬹	質	측	入
㻫	質	측	入
䬛	質	측	入
䳳	質	측	入
㟳	質	측	入
䔁	質	측	入
䩛	質	측	入
䢦	質	측	入
㚕	質	측	入
㣟	質	측	入
䬄	質	측	入
䣛	質	측	入
㴵	質	측	入
㮿	質	측	入
㜱	質	측	入
㜼	質	측	入
䱃	質	측	入
㑁	質	측	入
㤕	質	측	入
䢤	質	측	入
㞊	質	측	入
㫘	質	측	入
㣰	質	측	入
䄶	質	측	入
㻶	質	측	入
䔞	質	측	入
㳑	質	측	入
䌏	質	측	入
䡃	質	측	入
㧒	質	측	入
㢶	質	측	入
䤎	質	측	入
㳚	質	측	入
㰵	質	측	入
㗭	質	측	入
㘍	質	측	入
㳼	質	측	入
㮚	質	측	入
䱣	質	측	入
䟈	質	측	入
䏄	質	측	入
䆝	質	측	入
䘤	質	측	入
㔑	質	측	入
㢸	質	측	入
䜉	質	측	入
䳀	質	측	入
䰬	質	측	入
㺷	質	측	入
䋖	質	측	入
䜠	質	측	入
㳴	質	측	入
䖩	質	측	入
㻭	質	측	入
䵑	質	측	入
䢕	質	측	入
㗌	質	측	入
䟣	質	측	入
䤉	質	측	入
㖅	質	측	入
㑵	質	측	入
㲺	質	측	入
㤜	質	측	入
𥠈	質	측	入
𪗨	質	측	入
𥣮	質	측	入
𡢑	質	측	入
𧾣	質	측	入
𧫤	質	측	入
𧗿	質	측	入
𦝭	質	측	入
𦳯	質	측	入
𧽻	質	측	入
𢘍	質	측	入
𧾢	質	측	入
𩋡	質	측	入
𪗻	質	측	入
物	物	측	入
佛	物	측	入
屈	物	측	入
拂	物	측	入
紱	物	측	入
乞	物	측	入
黻	物	측	入
綍	物	측	入
勿	物	측	入
紼	物	측	入
祓	物	측	入
詘	物	측	入
鬱	物	측	入
欝	物	측	入
訖	物	측	入
屹	物	측	入
茀	物	측	入
韍	物	측	入
倔	物	측	入
黦	物	측	入
咈	物	측	入
弗	物	측	入
歘	物	측	入
怫	物	측	入
髴	物	측	入
芴	物	측	入
欻	物	측	入
仡	物	측	入
蔚	物	측	入
刜	物	측	入
沕	物	측	入
崛	物	측	入
不	物	측	入
吃	物	측	入
喫	物	측	入
掘	物	측	入
熨	物	측	入
岪	物	측	入
汔	物	측	入
迄	物	측	入
坲	物	측	入
镼	物	측	入
釳	物	측	入
厥	物	측	入
魆	物	측	入
肸	物	측	入
艴	物	측	入
尉	物	측	入
岉	物	측	入
沷	物	측	入
菀	物	측	入
昒	物	측	入
忔	物	측	入
鶌	物	측	入
粅	物	측	入
灪	物	측	入
帗	物	측	入
炥	物	측	入
誳	物	측	入
鮄	物	측	入
芞	物	측	入
柭	物	측	入
爩	物	측	入
紑	物	측	入
嶏	物	측	入
蛂	物	측	入
昲	物	측	入
冹	物	측	入
莔	物	측	入
烼	物	측	入
袦	物	측	入
虳	物	측	入
柫	物	측	入
弡	物	측	入
翇	物	측	入
趉	物	측	入
伆	物	측	入
鉘	物	측	入
乀	物	측	入
砩	物	측	入
阢	物	측	入
笰	物	측	入
甶	物	측	入
芾	物	측	入
惌	物	측	入
㗵	物	측	入
䘿	物	측	入
㭾	物	측	入
䏌	物	측	入
䎢	物	측	入
㷉	物	측	入
䵥	物	측	入
䭮	物	측	入
㐹	物	측	入
䖇	物	측	入
䁌	物	측	入
㻕	物	측	入
䒗	物	측	入
䰴	物	측	入
䛥	物	측	入
㪄	物	측	入
䞞	物	측	入
䠇	物	측	入
䞷	物	측	入
㠨	物	측	入
𠜾	物	측	入
𨧱	物	측	入
𧿳	物	측	入
月	月	측	入
發	月	측	入
骨	月	측	入
闕	月	측	入
沒	月	측	入
髮	月	측	入
窟	月	측	入
忽	月	측	入
兀	月	측	入
伐	月	측	入
謁	月	측	入
襪	月	측	入
樾	月	측	入
鉞	月	측	入
笏	月	측	入
粵	月	측	入
蕨	月	측	入
突	月	측	入
韈	月	측	入
渤	月	측	入
惚	月	측	入
歇	月	측	入
勃	月	측	入
歿	月	측	入
罰	月	측	入
筏	月	측	入
越	月	측	入
窣	月	측	入
曰	月	측	入
閥	月	측	入
蹶	月	측	入
柮	月	측	入
訥	月	측	入
卒	月	측	入
屼	月	측	入
劂	月	측	入
橛	月	측	入
橜	月	측	入
猝	月	측	入
獗	月	측	入
羯	月	측	入
杌	月	측	入
矻	月	측	入
矹	月	측	入
竭	月	측	入
卼	月	측	入
滑	月	측	入
鶻	月	측	入
軏	月	측	入
腯	月	측	入
搰	月	측	入
咄	月	측	入
淈	月	측	入
垡	月	측	入
墢	月	측	入
硉	月	측	入
蠍	月	측	入
崒	月	측	入
紇	月	측	入
揭	月	측	入
碣	月	측	入
汨	月	측	入
馞	月	측	入
撅	月	측	入
峍	月	측	入
蟨	月	측	入
核	月	측	入
掘	月	측	入
噦	月	측	入
刖	月	측	入
愲	月	측	入
狘	月	측	入
扢	月	측	入
凸	月	측	入
暍	月	측	入
孛	月	측	入
浡	月	측	入
嗢	月	측	入
堀	月	측	入
鷢	月	측	入
揬	月	측	入
悖	月	측	入
訐	月	측	入
捽	月	측	入
曶	月	측	入
榾	月	측	入
泏	月	측	入
扤	月	측	入
鱖	月	측	入
蚏	月	측	入
抇	月	측	入
閼	月	측	入
齕	月	측	入
抐	月	측	入
瞂	月	측	入
胐	月	측	入
麧	月	측	入
玥	月	측	入
蜶	月	측	入
匫	月	측	入
钀	月	측	入
莈	月	측	入
不	月	측	入
厥	月	측	入
崛	月	측	入
脖	月	측	入
呼	月	측	入
昒	月	측	入
餑	月	측	入
鵓	月	측	入
棁	月	측	入
囫	月	측	入
钁	月	측	入
犵	月	측	入
鈉	月	측	入
膃	月	측	入
淴	月	측	入
怢	月	측	入
餶	月	측	入
艴	月	측	入
猲	月	측	入
蓇	月	측	入
桲	月	측	入
葧	月	측	入
椊	月	측	入
葖	月	측	入
稡	月	측	入
阢	月	측	入
昢	月	측	入
瘚	月	측	入
侓	月	측	入
馧	月	측	入
飿	月	측	入
蚎	月	측	入
荸	月	측	入
鈯	月	측	入
嶡	月	측	入
絗	月	측	入
縎	月	측	入
鼵	月	측	入
鶟	月	측	入
杚	月	측	入
枂	月	측	入
颰	月	측	入
冹	月	측	入
榲	月	측	入
趃	月	측	入
亅	月	측	入
埣	月	측	入
坺	月	측	入
顝	月	측	入
熓	月	측	入
怴	月	측	入
朏	月	측	入
籺	月	측	入
摕	月	측	入
侼	月	측	入
欮	月	측	入
堨	月	측	入
迌	月	측	入
趉	月	측	入
寣	月	측	入
揾	月	측	入
瞃	月	측	入
囝	月	측	入
憠	月	측	入
宊	月	측	入
殨	月	측	入
笜	月	측	入
舭	月	측	入
郣	月	측	入
捸	月	측	入
璏	月	측	入
抈	月	측	入
殟	月	측	入
橃	月	측	入
沷	月	측	入
熭	月	측	入
碿	月	측	入
藅	月	측	入
鋍	月	측	入
尳	月	측	入
湥	月	측	入
岄	月	측	入
垏	月	측	入
鍎	月	측	入
歾	月	측	入
琷	月	측	入
鍻	月	측	入
啒	月	측	入
瘟	月	측	入
糏	月	측	入
哱	月	측	入
犻	月	측	入
貀	月	측	入
鼿	月	측	入
挬	月	측	入
㪍	月	측	入
䬂	月	측	入
䓤	月	측	入
䎳	月	측	入
㷎	月	측	入
㶿	月	측	入
䞘	月	측	入
䨚	月	측	入
䑔	月	측	入
䬍	月	측	入
䥟	月	측	入
䓛	月	측	入
㖀	月	측	入
㫚	月	측	入
䴯	月	측	入
䚝	月	측	入
㪐	月	측	入
䦍	月	측	入
䟠	月	측	入
㻠	月	측	入
䎀	月	측	入
䖓	月	측	入
䘚	月	측	入
䣹	月	측	入
㳷	月	측	入
㩿	月	측	入
㐳	月	측	入
䩐	月	측	入
㧾	月	측	入
㟑	月	측	入
䪬	月	측	入
㵐	月	측	入
㒴	月	측	入
䡇	月	측	入
䝆	月	측	入
䑢	月	측	入
㨡	月	측	入
䀜	月	측	入
䯇	月	측	入
䟜	月	측	入
㬞	月	측	入
䇅	月	측	入
䂗	月	측	入
䁫	月	측	入
㘺	月	측	入
㴾	月	측	入
䯿	月	측	入
䋐	月	측	入
䙠	月	측	入
䭯	月	측	入
㔜	月	측	入
㵠	月	측	入
䍪	月	측	入
䠈	月	측	入
㲞	月	측	入
㞽	月	측	入
㧮	月	측	入
㾶	月	측	入
㛘	月	측	入
㽾	月	측	入
䮩	月	측	入
䪲	月	측	入
㕹	月	측	入
㛲	月	측	入
𣔻	月	측	入
𩨳	月	측	入
𧉦	月	측	入
𩑡	月	측	入
𢷒	月	측	入
𢪏	月	측	入
𧽸	月	측	入
𩗓	月	측	入
𥝖	月	측	入
𪁽	月	측	入
𪘧	月	측	入
闊	曷	측	入
濶	曷	측	入
末	曷	측	入
活	曷	측	入
脫	曷	측	入
渴	曷	측	入
豁	曷	측	入
缽	曷	측	入
鉢	曷	측	入
奪	曷	측	入
闥	曷	측	入
葛	曷	측	入
割	曷	측	入
沫	曷	측	入
聒	曷	측	入
抹	曷	측	入
遏	曷	측	入
撥	曷	측	入
潑	曷	측	入
達	曷	측	入
括	曷	측	入
秣	曷	측	入
剌	曷	측	入
跋	曷	측	入
辣	曷	측	入
魃	曷	측	入
怛	曷	측	入
薩	曷	측	入
蠍	曷	측	入
斡	曷	측	入
轕	曷	측	入
輵	曷	측	入
栝	曷	측	入
撮	曷	측	入
筈	曷	측	入
撻	曷	측	入
茇	曷	측	入
躠	曷	측	入
撒	曷	측	入
捋	曷	측	入
喝	曷	측	入
頞	曷	측	入
臈	曷	측	入
鶡	曷	측	入
敚	曷	측	入
敓	曷	측	入
褐	曷	측	入
鞨	曷	측	入
掇	曷	측	入
拶	曷	측	入
鱍	曷	측	入
糲	曷	측	入
囋	曷	측	入
喇	曷	측	入
獺	曷	측	入
鈸	曷	측	入
適	曷	측	入
韃	曷	측	入
靺	曷	측	入
澾	曷	측	入
髺	曷	측	入
裰	曷	측	入
妺	曷	측	入
拔	曷	측	入
閼	曷	측	入
噶	曷	측	入
剟	曷	측	入
躂	曷	측	入
曷	曷	측	入
蝎	曷	측	入
軷	曷	측	入
毼	曷	측	入
摋	曷	측	入
襏	曷	측	入
越	曷	측	入
咄	曷	측	入
櫱	曷	측	入
蘖	曷	측	入
噠	曷	측	入
獦	曷	측	入
呾	曷	측	入
泧	曷	측	入
嶱	曷	측	入
醱	曷	측	入
犮	曷	측	入
胺	曷	측	入
炟	曷	측	入
胈	曷	측	入
焥	曷	측	入
薘	曷	측	入
繓	曷	측	入
鴰	曷	측	入
捾	曷	측	入
暍	曷	측	入
鏺	曷	측	入
丐	曷	측	入
挖	曷	측	入
轢	曷	측	入
碣	曷	측	入
捺	曷	측	入
咱	曷	측	入
叭	曷	측	入
侻	曷	측	入
饐	曷	측	入
齾	曷	측	入
妲	曷	측	入
嶭	曷	측	入
笪	曷	측	入
齃	曷	측	入
猲	曷	측	入
瘌	曷	측	入
鵽	曷	측	入
蛞	曷	측	入
蝲	曷	측	入
敠	曷	측	入
靼	曷	측	入
嵑	曷	측	入
濊	曷	측	入
帓	曷	측	入
枺	曷	측	入
粖	曷	측	入
姡	曷	측	入
頢	曷	측	入
攥	曷	측	入
囐	曷	측	入
揦	曷	측	入
蟽	曷	측	入
茉	曷	측	入
鼥	曷	측	入
癹	曷	측	入
礤	曷	측	入
萿	曷	측	入
毲	曷	측	入
秳	曷	측	入
癶	曷	측	入
莌	曷	측	入
妭	曷	측	入
頱	曷	측	入
濣	曷	측	入
趏	曷	측	入
蛶	曷	측	入
睕	曷	측	入
柭	曷	측	入
嬒	曷	측	入
餲	曷	측	入
炥	曷	측	入
魩	曷	측	入
秡	曷	측	入
狚	曷	측	入
冭	曷	측	入
灒	曷	측	入
懖	曷	측	入
羍	曷	측	入
磆	曷	측	入
劊	曷	측	入
洝	曷	측	入
昩	曷	측	入
橃	曷	측	入
堨	曷	측	入
坺	曷	측	入
奯	曷	측	入
鬝	曷	측	入
匃	曷	측	入
驋	曷	측	入
攃	曷	측	入
汰	曷	측	入
痥	曷	측	入
燤	曷	측	入
螛	曷	측	入
咹	曷	측	入
幯	曷	측	入
湏	曷	측	入
颰	曷	측	入
仴	曷	측	入
鮁	曷	측	入
蔎	曷	측	入
眓	曷	측	入
襊	曷	측	入
橽	曷	측	入
歇	曷	측	入
馛	曷	측	入
葀	曷	측	入
佸	曷	측	入
昲	曷	측	入
噧	曷	측	入
揧	曷	측	入
鮵	曷	측	入
啈	曷	측	入
蹳	曷	측	入
捝	曷	측	入
炦	曷	측	入
攋	曷	측	入
抈	曷	측	入
骱	曷	측	入
皌	曷	측	入
鶷	曷	측	入
枂	曷	측	入
砞	曷	측	入
瓎	曷	측	入
脟	曷	측	入
懀	曷	측	入
眜	曷	측	入
䌨	曷	측	入
㔇	曷	측	入
䯋	曷	측	入
䡾	曷	측	入
䴲	曷	측	入
䅥	曷	측	入
䍨	曷	측	入
䟯	曷	측	入
㦫	曷	측	入
䄑	曷	측	入
㳨	曷	측	入
䁊	曷	측	入
㸊	曷	측	入
䒷	曷	측	入
㓉	曷	측	入
㵶	曷	측	入
㿣	曷	측	入
㞈	曷	측	入
㕲	曷	측	入
䫘	曷	측	入
䏞	曷	측	入
䟦	曷	측	入
䶛	曷	측	入
㻝	曷	측	入
䟛	曷	측	入
䢌	曷	측	入
䄆	曷	측	入
㵧	曷	측	入
㣵	曷	측	入
䦢	曷	측	入
䯏	曷	측	入
䵣	曷	측	入
㧊	曷	측	入
㒓	曷	측	入
䣶	曷	측	入
㶬	曷	측	入
䯦	曷	측	入
㮫	曷	측	入
䣪	曷	측	入
䱫	曷	측	入
䦚	曷	측	入
䈓	曷	측	入
䕣	曷	측	入
䃮	曷	측	入
㿹	曷	측	入
㣞	曷	측	入
䖧	曷	측	入
䳁	曷	측	入
㵣	曷	측	入
㺚	曷	측	入
䱅	曷	측	入
䯺	曷	측	入
䳚	曷	측	入
㞉	曷	측	入
㖕	曷	측	入
㭮	曷	측	入
䣮	曷	측	入
㩵	曷	측	入
䬴	曷	측	入
𡾲	曷	측	入
𥻦	曷	측	入
𣁳	曷	측	入
𤁢	曷	측	入
𤷈	曷	측	入
𤫵	曷	측	入
𦮀	曷	측	入
𥽘	曷	측	入
𨣱	曷	측	入
𧘟	曷	측	入
𩩲	曷	측	入
𤸎	曷	측	入
𠯑	曷	측	入
𥄕	曷	측	入
𥄗	曷	측	入
𦤦	曷	측	入
𩒲	曷	측	入
𩢛	曷	측	入
𠱥	曷	측	入
𧙕	曷	측	入
𤀤	曷	측	入
𤃴	曷	측	入
𣎵	曷	측	入
𤿫	曷	측	入
𪘼	曷	측	入
劄	黠	측	入
刹	黠	측	入
札	黠	측	入
八	黠	측	入
察	黠	측	入
轄	黠	측	入
黠	黠	측	入
軋	黠	측	入
戛	黠	측	入
殺	黠	측	入
煞	黠	측	入
刮	黠	측	入
猾	黠	측	入
哳	黠	측	入
紮	黠	측	入
恝	黠	측	入
揠	黠	측	入
瞎	黠	측	入
秸	黠	측	入
滑	黠	측	入
圠	黠	측	入
楬	黠	측	入
拔	黠	측	入
蚻	黠	측	入
肭	黠	측	入
擦	黠	측	入
嘎	黠	측	入
茁	黠	측	入
嗗	黠	측	入
窡	黠	측	入
刷	黠	측	入
齾	黠	측	入
鍘	黠	측	入
妠	黠	측	入
豽	黠	측	入
扴	黠	측	入
鬝	黠	측	入
扒	黠	측	入
鎩	黠	측	入
稭	黠	측	入
榝	黠	측	入
螖	黠	측	入
搳	黠	측	入
頡	黠	측	入
劼	黠	측	入
娺	黠	측	入
圿	黠	측	入
秳	黠	측	入
痆	黠	측	入
帓	黠	측	入
汃	黠	측	入
鶻	黠	측	入
帕	黠	측	入
獺	黠	측	入
捺	黠	측	入
咶	黠	측	入
刖	黠	측	入
紥	黠	측	入
鴰	黠	측	入
錣	黠	측	入
磍	黠	측	入
鴶	黠	측	入
擖	黠	측	入
砎	黠	측	入
捌	黠	측	入
朳	黠	측	入
哵	黠	측	入
鶷	黠	측	入
傄	黠	측	入
礣	黠	측	入
劜	黠	측	入
窫	黠	측	入
詙	黠	측	入
鮚	黠	측	入
聐	黠	측	入
磆	黠	측	入
柭	黠	측	入
菝	黠	측	入
詚	黠	측	入
蠿	黠	측	入
猰	黠	측	入
颳	黠	측	入
耫	黠	측	入
捾	黠	측	入
糪	黠	측	入
忦	黠	측	入
硈	黠	측	入
揳	黠	측	入
玐	黠	측	入
骱	黠	측	入
眣	黠	측	入
摖	黠	측	入
鱊	黠	측	入
咭	黠	측	入
閁	黠	측	入
捖	黠	측	入
帴	黠	측	入
睰	黠	측	入
釛	黠	측	入
嗐	黠	측	入
縖	黠	측	入
袺	黠	측	入
檫	黠	측	入
趏	黠	측	入
仈	黠	측	入
歇	黠	측	入
螛	黠	측	入
袹	黠	측	入
鵽	黠	측	入
叭	黠	측	入
釟	黠	측	入
貀	黠	측	入
䀣	黠	측	入
㗫	黠	측	入
㓤	黠	측	入
䕓	黠	측	入
䝟	黠	측	入
䦪	黠	측	入
㮖	黠	측	入
㔍	黠	측	入
䴳	黠	측	入
㓞	黠	측	入
䫄	黠	측	入
䀨	黠	측	入
㨸	黠	측	入
䃰	黠	측	入
䶪	黠	측	入
䱻	黠	측	入
䯉	黠	측	入
㑻	黠	측	入
䓭	黠	측	入
䥷	黠	측	入
㭭	黠	측	入
䦖	黠	측	入
䵵	黠	측	入
㪴	黠	측	入
㕯	黠	측	入
㳐	黠	측	入
䚴	黠	측	入
䂒	黠	측	入
㺴	黠	측	入
䆯	黠	측	入
㔠	黠	측	入
䤢	黠	측	入
䰲	黠	측	入
𡇼	黠	측	入
𪙻	黠	측	入
𤫶	黠	측	入
𪆰	黠	측	入
𪈟	黠	측	入
𪇷	黠	측	入
𦤙	黠	측	入
𠝚	黠	측	入
𥴭	黠	측	入
𩮁	黠	측	入
雪	屑	측	入
別	屑	측	入
别	屑	측	入
絶	屑	측	入
滅	屑	측	入
血	屑	측	入
結	屑	측	入
拙	屑	측	入
熱	屑	측	入
穴	屑	측	入
潔	屑	측	入
鐵	屑	측	入
裂	屑	측	入
列	屑	측	入
烈	屑	측	入
缺	屑	측	入
轍	屑	측	入
訣	屑	측	入
傑	屑	측	入
舌	屑	측	入
悅	屑	측	入
節	屑	측	入
徹	屑	측	入
說	屑	측	入
設	屑	측	入
屑	屑	측	入
決	屑	측	入
决	屑	측	入
哲	屑	측	入
冽	屑	측	入
劣	屑	측	入
咽	屑	측	入
閱	屑	측	入
切	屑	측	入
澈	屑	측	入
折	屑	측	入
纈	屑	측	入
闋	屑	측	入
輟	屑	측	入
孽	屑	측	入
鱉	屑	측	入
鳖	屑	측	入
鼈	屑	측	入
玦	屑	측	入
瞥	屑	측	入
竊	屑	측	入
啜	屑	측	入
鴂	屑	측	入
爇	屑	측	入
埒	屑	측	入
絏	屑	측	入
齧	屑	측	入
垤	屑	측	入
截	屑	측	入
擷	屑	측	入
挈	屑	측	入
跌	屑	측	入
耋	屑	측	入
泄	屑	측	入
洩	屑	측	入
掣	屑	측	入
嵲	屑	측	入
泬	屑	측	入
譎	屑	측	入
歇	屑	측	入
撤	屑	측	入
吷	屑	측	入
糵	屑	측	入
孑	屑	측	入
涅	屑	측	入
迭	屑	측	入
餮	屑	측	入
撇	屑	측	入
褻	屑	측	入
薛	屑	측	入
蔑	屑	측	入
洌	屑	측	入
鐍	屑	측	入
竭	屑	측	入
抉	屑	측	入
蕝	屑	측	入
瓞	屑	측	入
桀	屑	측	入
榤	屑	측	入
惙	屑	측	入
噎	屑	측	入
拽	屑	측	入
浙	屑	측	入
卨	屑	측	入
楔	屑	측	入
臬	屑	측	入
契	屑	측	入
歠	屑	측	入
闑	屑	측	入
閉	屑	측	入
閇	屑	측	入
絜	屑	측	入
綴	屑	측	入
蠛	屑	측	入
僣	屑	측	入
臲	屑	측	入
褉	屑	측	入
頁	屑	측	入
觖	屑	측	入
襭	屑	측	入
霓	屑	측	入
篾	屑	측	入
碣	屑	측	入
絰	屑	측	入
揭	屑	측	入
捏	屑	측	入
蹩	屑	측	入
衊	屑	측	入
凸	屑	측	入
櫱	屑	측	入
蘖	屑	측	入
巀	屑	측	入
昳	屑	측	入
岊	屑	측	入
媟	屑	측	入
呐	屑	측	入
驖	屑	측	入
莂	屑	측	入
隉	屑	측	入
軼	屑	측	入
緤	屑	측	入
晢	屑	측	入
頡	屑	측	入
嗶	屑	측	入
楶	屑	측	入
朅	屑	측	入
蛚	屑	측	入
禼	屑	측	入
茁	屑	측	入
趐	屑	측	入
刷	屑	측	入
掇	屑	측	入
苶	屑	측	入
嶭	屑	측	入
焫	屑	측	入
茢	屑	측	入
捩	屑	측	入
鍥	屑	측	入
揲	屑	측	入
蜇	屑	측	入
摰	屑	측	入
咥	屑	측	入
訐	屑	측	入
蜺	屑	측	入
渫	屑	측	入
癟	屑	측	入
碟	屑	측	入
拮	屑	측	入
醊	屑	측	入
棁	屑	측	入
搣	屑	측	入
癤	屑	측	入
蠥	屑	측	入
蠘	屑	측	入
丿	屑	측	入
鋝	屑	측	入
蛭	屑	측	入
桔	屑	측	入
鷩	屑	측	入
橇	屑	측	入
迾	屑	측	入
趹	屑	측	入
蛣	屑	측	入
槷	屑	측	入
偈	屑	측	入
辥	屑	측	入
悊	屑	측	入
颲	屑	측	入
幭	屑	측	入
挒	屑	측	入
嫳	屑	측	入
棳	屑	측	入
篞	屑	측	入
馝	屑	측	入
絬	屑	측	入
准	屑	측	入
準	屑	측	入
凖	屑	측	入
覈	屑	측	入
佚	屑	측	入
批	屑	측	入
褐	屑	측	入
讞	屑	측	入
姪	屑	측	入
踅	屑	측	入
憋	屑	측	入
齕	屑	측	入
帨	屑	측	入
剟	屑	측	入
咧	屑	측	入
紒	屑	측	入
屮	屑	측	入
唰	屑	측	入
瀎	屑	측	入
詄	屑	측	入
趔	屑	측	入
硩	屑	측	入
潎	屑	측	入
蟞	屑	측	入
奊	屑	측	入
跮	屑	측	入
蠽	屑	측	入
咇	屑	측	入
僪	屑	측	入
蠮	屑	측	入
蚗	屑	측	入
爡	屑	측	入
刔	屑	측	入
襒	屑	측	入
畷	屑	측	入
蒛	屑	측	入
蛥	屑	측	入
嵥	屑	측	入
糏	屑	측	入
蔎	屑	측	入
懱	屑	측	入
芵	屑	측	入
鐅	屑	측	入
瞲	屑	측	入
蛈	屑	측	入
僁	屑	측	入
醛	屑	측	入
掜	屑	측	入
蝢	屑	측	入
逫	屑	측	入
鱴	屑	측	入
櫗	屑	측	入
囐	屑	측	入
藒	屑	측	入
孓	屑	측	入
赽	屑	측	入
趃	屑	측	入
袺	屑	측	入
啘	屑	측	入
蛂	屑	측	入
鮚	屑	측	入
胅	屑	측	入
鈌	屑	측	入
鴷	屑	측	入
脟	屑	측	入
敜	屑	측	入
駃	屑	측	入
蠿	屑	측	入
齛	屑	측	入
罬	屑	측	入
烲	屑	측	入
砓	屑	측	入
栨	屑	측	入
彆	屑	측	入
蠞	屑	측	入
夨	屑	측	入
呭	屑	측	入
滊	屑	측	入
臷	屑	측	入
幯	屑	측	入
鱊	屑	측	入
猰	屑	측	入
揳	屑	측	入
螲	屑	측	入
聺	屑	측	入
勶	屑	측	入
镻	屑	측	入
棙	屑	측	入
潱	屑	측	入
爄	屑	측	入
摕	屑	측	入
狤	屑	측	入
迼	屑	측	入
聅	屑	측	入
鄨	屑	측	入
笍	屑	측	入
湀	屑	측	入
洯	屑	측	入
眓	屑	측	入
攦	屑	측	入
劽	屑	측	入
坲	屑	측	入
乴	屑	측	入
鮤	屑	측	入
朳	屑	측	入
莭	屑	측	入
恎	屑	측	入
叕	屑	측	入
靼	屑	측	入
滐	屑	측	入
粖	屑	측	入
姴	屑	측	入
趌	屑	측	入
蛶	屑	측	入
魝	屑	측	入
痥	屑	측	入
袕	屑	측	入
郣	屑	측	入
覕	屑	측	入
炦	屑	측	入
洇	屑	측	入
捌	屑	측	入
緳	屑	측	入
瞮	屑	측	入
尐	屑	측	入
榝	屑	측	入
稧	屑	측	入
柭	屑	측	入
妜	屑	측	入
蛞	屑	측	入
擳	屑	측	入
栵	屑	측	入
諁	屑	측	入
籺	屑	측	入
蛪	屑	측	入
歽	屑	측	入
矞	屑	측	入
詍	屑	측	入
睙	屑	측	入
搩	屑	측	入
靾	屑	측	入
炔	屑	측	入
眣	屑	측	入
蜹	屑	측	入
疶	屑	측	入
敠	屑	측	入
哾	屑	측	入
桖	屑	측	入
怢	屑	측	入
戜	屑	측	入
疀	屑	측	入
麧	屑	측	入
鑖	屑	측	入
眜	屑	측	入
苵	屑	측	入
嵽	屑	측	入
巁	屑	측	入
眰	屑	측	入
揊	屑	측	入
炪	屑	측	入
哷	屑	측	入
坹	屑	측	入
櫍	屑	측	入
瘛	屑	측	入
鴓	屑	측	入
虌	屑	측	入
徶	屑	측	入
疦	屑	측	入
馛	屑	측	入
砄	屑	측	入
毻	屑	측	入
燤	屑	측	入
櫭	屑	측	入
菍	屑	측	入
暼	屑	측	入
娎	屑	측	入
剈	屑	측	入
翓	屑	측	入
㧙	屑	측	入
㙞	屑	측	入
䨮	屑	측	入
䁾	屑	측	入
䥫	屑	측	入
䆷	屑	측	入
㿱	屑	측	入
䫾	屑	측	入
㗧	屑	측	入
䕵	屑	측	入
䖦	屑	측	入
䚢	屑	측	入
䞵	屑	측	入
㴮	屑	측	入
㛃	屑	측	入
㬯	屑	측	入
㔢	屑	측	入
㴪	屑	측	入
䇷	屑	측	入
㩪	屑	측	入
㴽	屑	측	入
䌩	屑	측	入
㝂	屑	측	入
㲳	屑	측	入
䫎	屑	측	入
䘊	屑	측	入
㘿	屑	측	入
㓭	屑	측	入
䅀	屑	측	入
䭇	屑	측	入
㯙	屑	측	入
㳿	屑	측	入
䋉	屑	측	入
䂼	屑	측	入
䒸	屑	측	入
㮮	屑	측	入
䌘	屑	측	入
䂐	屑	측	入
䳤	屑	측	入
㭞	屑	측	入
㓗	屑	측	入
䙽	屑	측	入
䩤	屑	측	入
䦑	屑	측	入
䪼	屑	측	入
䆕	屑	측	入
䊦	屑	측	入
䱑	屑	측	入
㸞	屑	측	入
㩢	屑	측	入
䦬	屑	측	入
䊝	屑	측	入
㖶	屑	측	入
㢼	屑	측	入
㸹	屑	측	入
㤠	屑	측	入
䯵	屑	측	入
㐖	屑	측	入
㨝	屑	측	入
㬚	屑	측	入
㭩	屑	측	入
䮕	屑	측	入
㭈	屑	측	入
䩧	屑	측	入
㖏	屑	측	入
㔃	屑	측	入
㔡	屑	측	入
䍳	屑	측	入
䫼	屑	측	入
㦢	屑	측	入
䆢	屑	측	入
㘶	屑	측	入
䟹	屑	측	入
䛎	屑	측	入
㹟	屑	측	入
䠥	屑	측	入
䋢	屑	측	入
䤿	屑	측	入
䏟	屑	측	入
䭱	屑	측	入
䝌	屑	측	入
䟙	屑	측	入
㔎	屑	측	入
䘷	屑	측	入
䒆	屑	측	入
䘁	屑	측	入
䓆	屑	측	入
䨆	屑	측	入
䏳	屑	측	入
䟾	屑	측	入
䞰	屑	측	入
㼤	屑	측	入
䀗	屑	측	入
㣯	屑	측	入
䩏	屑	측	入
㒝	屑	측	入
䏐	屑	측	入
㕞	屑	측	入
㸅	屑	측	入
㓶	屑	측	入
䈼	屑	측	入
㞕	屑	측	入
䥕	屑	측	入
䏲	屑	측	入
䲙	屑	측	入
䐼	屑	측	入
㽟	屑	측	入
𡿖	屑	측	入
𧤾	屑	측	入
𢴲	屑	측	入
𣧵	屑	측	入
𠱕	屑	측	入
𡿪	屑	측	入
𧎩	屑	측	入
𧧸	屑	측	入
𩖶	屑	측	入
𢗗	屑	측	入
𢯳	屑	측	入
𢲼	屑	측	入
𥉓	屑	측	入
𠻜	屑	측	入
𥈾	屑	측	入
𩠻	屑	측	入
𨵪	屑	측	入
𤊾	屑	측	入
𩢾	屑	측	入
𨆳	屑	측	入
𥄎	屑	측	入
𪏺	屑	측	入
落	藥	측	入
薄	藥	측	入
鶴	藥	측	入
閣	藥	측	入
壑	藥	측	入
寞	藥	측	入
郭	藥	측	入
托	藥	측	入
酌	藥	측	入
漠	藥	측	入
泊	藥	측	入
略	藥	측	入
腳	藥	측	入
脚	藥	측	入
雀	藥	측	入
卻	藥	측	入
却	藥	측	入
廓	藥	측	入
昨	藥	측	入
託	藥	측	入
躍	藥	측	入
洛	藥	측	入
弱	藥	측	入
縛	藥	측	入
惡	藥	측	入
鵲	藥	측	入
作	藥	측	入
萼	藥	측	入
樂	藥	측	入
約	藥	측	入
諾	藥	측	入
索	藥	측	入
爵	藥	측	入
削	藥	측	入
鑰	藥	측	入
橐	藥	측	入
絡	藥	측	入
著	藥	측	入
博	藥	측	入
錯	藥	측	入
箔	藥	측	入
鑠	藥	측	入
着	藥	측	入
藿	藥	측	入
謔	藥	측	入
籜	藥	측	入
虐	藥	측	入
柝	藥	측	入
幕	藥	측	入
灼	藥	측	入
鐸	藥	측	入
嚼	藥	측	入
礴	藥	측	入
霍	藥	측	入
怍	藥	측	入
鶚	藥	측	入
藥	藥	측	入
愕	藥	측	入
瘼	藥	측	入
爍	藥	측	入
鑿	藥	측	入
屩	藥	측	入
若	藥	측	入
酢	藥	측	入
籥	藥	측	入
鍔	藥	측	入
讬	藥	측	入
搏	藥	측	入
酪	藥	측	入
勺	藥	측	入
崿	藥	측	入
粕	藥	측	入
噱	藥	측	入
攫	藥	측	入
杓	藥	측	入
斫	藥	측	入
度	藥	측	入
鱷	藥	측	入
蠖	藥	측	入
雘	藥	측	入
彴	藥	측	入
各	藥	측	入
掠	藥	측	入
莫	藥	측	入
貉	藥	측	入
涸	藥	측	入
鑊	藥	측	入
諤	藥	측	入
綽	藥	측	入
瘧	藥	측	入
鄂	藥	측	入
穫	藥	측	入
瀹	藥	측	入
堊	藥	측	入
恪	藥	측	入
珞	藥	측	入
拓	藥	측	入
笮	藥	측	入
魄	藥	측	入
摸	藥	측	入
駱	藥	측	入
膊	藥	측	入
槨	藥	측	入
爚	藥	측	入
膜	藥	측	入
箬	藥	측	入
矱	藥	측	入
擴	藥	측	入
噩	藥	측	入
蘀	藥	측	入
雒	藥	측	入
玃	藥	측	入
烙	藥	측	入
繳	藥	측	入
擱	藥	측	入
堮	藥	측	入
鎛	藥	측	入
蠚	藥	측	入
濼	藥	측	入
獲	藥	측	入
妁	藥	측	入
遌	藥	측	入
鞟	藥	측	入
焯	藥	측	入
齶	藥	측	入
龠	藥	측	入
彍	藥	측	入
澤	藥	측	入
爝	藥	측	入
格	藥	측	入
蒻	藥	측	入
亳	藥	측	入
钁	藥	측	入
艧	藥	측	入
飥	藥	측	入
礿	藥	측	入
礡	藥	측	入
矍	藥	측	入
醵	藥	측	入
咢	藥	측	入
襮	藥	측	入
躩	藥	측	入
蹻	藥	측	入
躒	藥	측	入
臛	藥	측	入
鏌	藥	측	入
郝	藥	측	入
硌	藥	측	入
皭	藥	측	入
霩	藥	측	入
臄	藥	측	入
篗	藥	측	入
皵	藥	측	入
臒	藥	측	入
鑮	藥	측	入
熇	藥	측	入
踱	藥	측	入
芍	藥	측	入
岝	藥	측	入
矐	藥	측	入
郤	藥	측	入
皬	藥	측	入
轢	藥	측	入
柞	藥	측	入
嗃	藥	측	入
煿	藥	측	入
蒪	藥	측	入
蒦	藥	측	入
糳	藥	측	入
愨	藥	측	入
斮	藥	측	入
汋	藥	측	入
攉	藥	측	入
靃	藥	측	入
謞	藥	측	入
欂	藥	측	入
漷	藥	측	入
戄	藥	측	入
瞙	藥	측	入
飵	藥	측	入
鄀	藥	측	入
汑	藥	측	入
鄚	藥	측	入
蝁	藥	측	入
獵	藥	측	入
躇	藥	측	入
昔	藥	측	入
琧	藥	측	入
燋	藥	측	入
暯	藥	측	入
婥	藥	측	入
厝	藥	측	入
咯	藥	측	入
逴	藥	측	入
喏	藥	측	入
胳	藥	측	入
迮	藥	측	入
鷇	藥	측	入
貜	藥	측	入
顎	藥	측	入
犦	藥	측	入
隺	藥	측	入
鐯	藥	측	入
瀖	藥	측	入
碏	藥	측	入
袼	藥	측	入
鮥	藥	측	入
猼	藥	측	入
喥	藥	측	入
彠	藥	측	入
辵	藥	측	入
婼	藥	측	入
硸	藥	측	入
袥	藥	측	入
烵	藥	측	入
凙	藥	측	入
矆	藥	측	入
楉	藥	측	入
馲	藥	측	入
鄗	藥	측	入
峈	藥	측	入
縸	藥	측	入
沰	藥	측	入
剒	藥	측	入
胉	藥	측	入
嚩	藥	측	入
磭	藥	측	入
餺	藥	측	入
貈	藥	측	入
嗼	藥	측	入
杔	藥	측	入
崞	藥	측	入
毭	藥	측	入
剫	藥	측	入
笿	藥	측	入
矌	藥	측	入
犳	藥	측	入
曤	藥	측	入
鞽	藥	측	入
踖	藥	측	入
焲	藥	측	入
櫎	藥	측	入
蘁	藥	측	入
偔	藥	측	入
娋	藥	측	入
莡	藥	측	入
稓	藥	측	入
慔	藥	측	入
謶	藥	측	入
蛒	藥	측	入
仢	藥	측	入
藃	藥	측	入
莋	藥	측	入
櫮	藥	측	入
鎍	藥	측	入
岞	藥	측	入
秨	藥	측	入
逽	藥	측	入
魠	藥	측	入
敫	藥	측	入
覨	藥	측	入
劐	藥	측	入
斱	藥	측	入
擆	藥	측	入
狛	藥	측	入
搻	藥	측	入
鶸	藥	측	入
彏	藥	측	入
圴	藥	측	入
嚛	藥	측	入
鈼	藥	측	入
撗	藥	측	入
谻	藥	측	入
櫡	藥	측	入
湂	藥	측	入
扚	藥	측	入
葃	藥	측	入
鑩	藥	측	入
棤	藥	측	入
檴	藥	측	入
噋	藥	측	入
矡	藥	측	入
鱳	藥	측	入
籱	藥	측	入
溹	藥	측	入
嫋	藥	측	入
擽	藥	측	入
庹	藥	측	入
庴	藥	측	入
縒	藥	측	入
矺	藥	측	入
癋	藥	측	入
妰	藥	측	入
詻	藥	측	入
嬳	藥	측	入
龥	藥	측	入
跅	藥	측	入
仛	藥	측	入
纅	藥	측	入
鉻	藥	측	入
蹃	藥	측	入
趞	藥	측	入
蠼	藥	측	入
鶮	藥	측	入
鸌	藥	측	入
茖	藥	측	入
繑	藥	측	入
禚	藥	측	入
鉑	藥	측	入
墌	藥	측	入
癨	藥	측	入
塻	藥	측	入
蠌	藥	측	入
牔	藥	측	入
鬕	藥	측	入
婩	藥	측	入
砟	藥	측	入
檡	藥	측	入
挄	藥	측	入
鰝	藥	측	入
苲	藥	측	入
佫	藥	측	入
侂	藥	측	入
籗	藥	측	入
渃	藥	측	入
蘥	藥	측	入
鸙	藥	측	入
溺	藥	측	入
䋏	藥	측	入
㟧	藥	측	入
㠋	藥	측	入
㹱	藥	측	入
䨥	藥	측	入
㜰	藥	측	入
䱜	藥	측	入
䭦	藥	측	入
䮤	藥	측	入
㓢	藥	측	入
㸕	藥	측	入
㒂	藥	측	入
䧄	藥	측	入
䖃	藥	측	入
㦜	藥	측	入
㦡	藥	측	入
㿑	藥	측	入
㦍	藥	측	入
䨰	藥	측	入
䎰	藥	측	入
㬦	藥	측	入
㚟	藥	측	入
㤞	藥	측	入
䎊	藥	측	入
䖼	藥	측	入
㕡	藥	측	入
䌇	藥	측	入
㸲	藥	측	入
㪾	藥	측	入
㗥	藥	측	入
㨯	藥	측	入
䶳	藥	측	入
䪙	藥	측	入
㮙	藥	측	入
㨼	藥	측	入
䨣	藥	측	入
䈷	藥	측	入
㴖	藥	측	入
䅴	藥	측	入
㘀	藥	측	入
䣤	藥	측	入
䖛	藥	측	入
㩱	藥	측	入
䝫	藥	측	入
䂄	藥	측	入
䚥	藥	측	入
㷾	藥	측	入
㲋	藥	측	入
䁨	藥	측	入
䯨	藥	측	入
䫷	藥	측	入
䧐	藥	측	入
䟑	藥	측	入
䶈	藥	측	入
䶅	藥	측	入
䠯	藥	측	入
㖸	藥	측	入
㬍	藥	측	入
㓵	藥	측	入
䁻	藥	측	入
㤩	藥	측	入
䥬	藥	측	入
䛚	藥	측	入
䀩	藥	측	入
䥣	藥	측	入
䗚	藥	측	入
䌎	藥	측	入
䐘	藥	측	入
㰛	藥	측	入
䣞	藥	측	入
㕁	藥	측	入
䅵	藥	측	入
䲵	藥	측	入
䮬	藥	측	入
䬪	藥	측	入
㤰	藥	측	入
䍸	藥	측	入
㱳	藥	측	入
㗉	藥	측	入
䙏	藥	측	入
䐞	藥	측	入
䰊	藥	측	入
㗁	藥	측	入
䇥	藥	측	入
䇎	藥	측	入
䅂	藥	측	入
䤕	藥	측	入
㷬	藥	측	入
䂮	藥	측	入
㑼	藥	측	入
䧿	藥	측	入
䈅	藥	측	入
䖋	藥	측	入
㖾	藥	측	入
䖈	藥	측	入
䋤	藥	측	入
䐾	藥	측	入
䞢	藥	측	入
䢲	藥	측	入
㗘	藥	측	入
䉟	藥	측	入
䄸	藥	측	入
䨋	藥	측	入
𦞦	藥	측	入
𧎾	藥	측	入
𧕋	藥	측	入
𧍷	藥	측	入
𧊜	藥	측	入
𠶸	藥	측	入
𥴮	藥	측	入
𤻲	藥	측	入
𢜭	藥	측	入
𢱢	藥	측	入
𪙍	藥	측	入
𩌏	藥	측	入
𨷲	藥	측	入
𥽿	藥	측	入
𠠎	藥	측	入
𤄶	藥	측	入
𤡯	藥	측	入
𩍿	藥	측	入
𧤽	藥	측	入
𩟓	藥	측	入
𧘑	藥	측	入
客	陌	측	入
白	陌	측	入
石	陌	측	入
跡	陌	측	入
蹟	陌	측	入
䟱	陌	측	入
迹	陌	측	入
碧	陌	측	入
夕	陌	측	入
宅	陌	측	入
尺	陌	측	入
席	陌	측	入
隔	陌	측	入
策	陌	측	入
惜	陌	측	入
役	陌	측	入
屐	陌	측	入
陌	陌	측	入
璧	陌	측	入
益	陌	측	入
伯	陌	측	入
赤	陌	측	入
癖	陌	측	入
柏	陌	측	入
栢	陌	측	入
窄	陌	측	入
百	陌	측	入
驛	陌	측	入
劇	陌	측	入
脈	陌	측	入
脉	陌	측	入
辟	陌	측	入
闢	陌	측	入
戟	陌	측	入
翮	陌	측	入
隙	陌	측	入
迫	陌	측	入
廹	陌	측	入
擲	陌	측	入
液	陌	측	入
僻	陌	측	入
責	陌	측	入
麥	陌	측	入
昔	陌	측	入
釋	陌	측	入
舄	陌	측	入
舃	陌	측	入
積	陌	측	入
額	陌	측	入
䨴	陌	측	入
厄	陌	측	入
澤	陌	측	入
冊	陌	측	入
帛	陌	측	入
坼	陌	측	入
易	陌	측	入
逆	陌	측	入
赫	陌	측	入
革	陌	측	入
籍	陌	측	入
脊	陌	측	入
擇	陌	측	入
拍	陌	측	入
謫	陌	측	入
幘	陌	측	入
磧	陌	측	入
掖	陌	측	入
拆	陌	측	入
魄	陌	측	入
瘠	陌	측	入
格	陌	측	入
斥	陌	측	入
腋	陌	측	入
奕	陌	측	入
擘	陌	측	入
懌	陌	측	入
繹	陌	측	入
獲	陌	측	入
畫	陌	측	入
畵	陌	측	入
索	陌	측	入
磔	陌	측	入
譯	陌	측	入
適	陌	측	入
珀	陌	측	入
射	陌	측	入
舶	陌	측	入
藉	陌	측	入
汐	陌	측	入
弈	陌	측	入
檗	陌	측	入
蹠	陌	측	入
跖	陌	측	入
膈	陌	측	入
碩	陌	측	入
綌	陌	측	入
鶒	陌	측	入
蹐	陌	측	入
嘖	陌	측	入
軛	陌	측	入
貊	陌	측	入
只	陌	측	入
隻	陌	측	入
幗	陌	측	入
炙	陌	측	入
扼	陌	측	入
賾	陌	측	入
馘	陌	측	入
螫	陌	측	入
簀	陌	측	入
骼	陌	측	入
蜴	陌	측	入
斁	陌	측	入
穸	陌	측	入
阨	陌	측	入
唶	陌	측	入
帟	陌	측	入
摘	陌	측	入
疫	陌	측	入
劃	陌	측	入
埸	陌	측	入
躑	陌	측	入
襫	陌	측	入
虢	陌	측	入
蟈	陌	측	入
嶧	陌	측	入
啞	陌	측	入
摭	陌	측	入
核	陌	측	入
刺	陌	측	入
奭	陌	측	入
嚇	陌	측	入
襞	陌	측	入
臘	陌	측	入
腊	陌	측	入
祏	陌	측	入
覈	陌	측	入
擿	陌	측	入
咋	陌	측	入
薜	陌	측	入
摵	陌	측	入
迮	陌	측	入
柵	陌	측	入
躄	陌	측	入
亦	陌	측	入
湱	陌	측	入
擗	陌	측	入
虩	陌	측	入
霢	陌	측	入
借	陌	측	入
踖	陌	측	入
磶	陌	측	入
搦	陌	측	入
驀	陌	측	入
穫	陌	측	入
醳	陌	측	入
鯽	陌	측	入
嗌	陌	측	入
槅	陌	측	入
騞	陌	측	入
嚄	陌	측	入
剨	陌	측	入
嫿	陌	측	入
峉	陌	측	入
筴	陌	측	入
鬲	陌	측	入
阸	陌	측	入
媳	陌	측	入
摑	陌	측	入
鶺	陌	측	入
喀	陌	측	入
塉	陌	측	入
耤	陌	측	入
齸	陌	측	入
莫	陌	측	入
齰	陌	측	入
嗝	陌	측	入
砉	陌	측	入
蚱	陌	측	入
潟	陌	측	入
觡	陌	측	入
圛	陌	측	入
粣	陌	측	入
鼫	陌	측	入
翟	陌	측	入
愬	陌	측	入
鸊	陌	측	入
啯	陌	측	入
齚	陌	측	入
撠	陌	측	入
貘	陌	측	入
睗	陌	측	入
洦	陌	측	入
呃	陌	측	入
霸	陌	측	入
謮	陌	측	入
晹	陌	측	入
縌	陌	측	入
詻	陌	측	入
橶	陌	측	入
敀	陌	측	入
滆	陌	측	入
郤	陌	측	入
霹	陌	측	入
睪	陌	측	入
胔	陌	측	入
啪	陌	측	入
哧	陌	측	入
柞	陌	측	入
矽	陌	측	入
嘀	陌	측	入
虴	陌	측	入
徦	陌	측	入
蛨	陌	측	入
佰	陌	측	入
礉	陌	측	入
檡	陌	측	入
塥	陌	측	入
緙	陌	측	入
礋	陌	측	入
漍	陌	측	入
乇	陌	측	入
覤	陌	측	入
鸅	陌	측	入
墌	陌	측	入
簂	陌	측	入
皟	陌	측	入
蕮	陌	측	入
蚅	陌	측	入
茖	陌	측	入
膕	陌	측	入
舴	陌	측	入
蹃	陌	측	入
曎	陌	측	入
襗	陌	측	入
鐴	陌	측	入
鉐	陌	측	入
榒	陌	측	入
帞	陌	측	入
銆	陌	측	入
雿	陌	측	入
箣	陌	측	入
鯣	陌	측	入
躤	陌	측	入
襀	陌	측	入
垎	陌	측	入
嗼	陌	측	入
鮊	陌	측	入
捇	陌	측	入
擌	陌	측	入
諽	陌	측	入
庴	陌	측	入
獈	陌	측	入
砈	陌	측	入
趞	陌	측	入
膉	陌	측	入
潪	陌	측	入
枙	陌	측	入
鱯	陌	측	入
扸	陌	측	入
鳽	陌	측	入
杔	陌	측	入
瞔	陌	측	入
炈	陌	측	入
疒	陌	측	入
覞	陌	측	入
歵	陌	측	入
鈠	陌	측	入
厏	陌	측	入
頙	陌	측	入
銏	陌	측	入
犱	陌	측	入
焃	陌	측	入
檘	陌	측	入
澅	陌	측	入
燚	陌	측	入
苩	陌	측	入
岶	陌	측	入
茦	陌	측	入
蚸	陌	측	入
拺	陌	측	入
嚿	陌	측	入
袹	陌	측	入
臵	陌	측	入
樍	陌	측	入
讗	陌	측	入
簎	陌	측	入
諎	陌	측	入
谻	陌	측	入
呄	陌	측	入
鰿	陌	측	入
焟	陌	측	入
楁	陌	측	入
嬕	陌	측	入
跅	陌	측	入
丮	陌	측	入
釽	陌	측	入
鉻	陌	측	入
躆	陌	측	入
蚇	陌	측	入
眲	陌	측	入
馲	陌	측	入
坄	陌	측	入
籷	陌	측	入
狛	陌	측	入
厝	陌	측	入
慖	陌	측	入
啋	陌	측	入
脨	陌	측	入
廦	陌	측	入
焲	陌	측	入
焬	陌	측	入
熤	陌	측	入
絔	陌	측	入
啙	陌	측	入
墿	陌	측	入
糪	陌	측	入
痬	陌	측	入
棤	陌	측	入
溹	陌	측	入
矠	陌	측	入
蠌	陌	측	入
烢	陌	측	入
凙	陌	측	入
褯	陌	측	入
聑	陌	측	入
矺	陌	측	入
鏼	陌	측	入
棭	陌	측	入
謋	陌	측	入
獥	陌	측	入
貖	陌	측	入
洓	陌	측	入
葃	陌	측	入
泎	陌	측	入
窢	陌	측	入
莋	陌	측	入
劐	陌	측	入
掝	陌	측	入
憡	陌	측	入
聻	陌	측	入
厇	陌	측	入
礊	陌	측	入
韄	陌	측	入
嫧	陌	측	入
燡	陌	측	入
罊	陌	측	入
雃	陌	측	入
虉	陌	측	入
挀	陌	측	入
豛	陌	측	入
胉	陌	측	入
啇	陌	측	入
蛒	陌	측	入
瞁	陌	측	入
煂	陌	측	入
搩	陌	측	入
瘷	陌	측	入
揢	陌	측	入
蒚	陌	측	入
鶪	陌	측	入
屰	陌	측	入
焷	陌	측	入
耫	陌	측	入
碦	陌	측	入
覛	陌	측	入
豟	陌	측	入
閴	陌	측	入
㶁	陌	측	入
㗲	陌	측	入
㫺	陌	측	入
㡿	陌	측	入
䘸	陌	측	入
䇲	陌	측	入
䵂	陌	측	入
㧖	陌	측	入
㽚	陌	측	入
㛭	陌	측	入
㦴	陌	측	入
䐙	陌	측	入
䶦	陌	측	入
㥽	陌	측	入
䄷	陌	측	入
䘔	陌	측	入
䃒	陌	측	入
㮦	陌	측	入
䩹	陌	측	入
䳭	陌	측	入
䕉	陌	측	入
㼟	陌	측	入
䐱	陌	측	入
㟙	陌	측	入
䳆	陌	측	入
㩍	陌	측	入
䂹	陌	측	入
䊞	陌	측	入
䘑	陌	측	入
㮝	陌	측	入
䱮	陌	측	入
䛿	陌	측	入
㜋	陌	측	入
䜺	陌	측	入
㑊	陌	측	入
㹮	陌	측	入
䟄	陌	측	入
䬉	陌	측	入
䮮	陌	측	入
䂸	陌	측	入
䐸	陌	측	入
䳮	陌	측	入
䁺	陌	측	入
㡯	陌	측	入
㝜	陌	측	入
䨛	陌	측	入
㘌	陌	측	入
㣂	陌	측	入
㖪	陌	측	入
䮰	陌	측	入
㩇	陌	측	入
䡛	陌	측	入
䧍	陌	측	入
䌟	陌	측	入
䕪	陌	측	入
䭆	陌	측	入
㘁	陌	측	入
㦎	陌	측	入
㠛	陌	측	入
㿟	陌	측	入
䙐	陌	측	入
䈿	陌	측	入
䖌	陌	측	入
㗆	陌	측	入
䰜	陌	측	入
䪂	陌	측	入
䚂	陌	측	入
㭙	陌	측	入
䤨	陌	측	入
㿭	陌	측	入
䲽	陌	측	入
䞠	陌	측	入
㶠	陌	측	入
䣢	陌	측	入
䨫	陌	측	入
䖨	陌	측	入
㣱	陌	측	入
䁤	陌	측	入
䦝	陌	측	入
㴁	陌	측	入
䭞	陌	측	入
䊂	陌	측	入
㳻	陌	측	入
㵹	陌	측	入
䦴	陌	측	入
㼣	陌	측	入
㒀	陌	측	入
㾊	陌	측	入
㦦	陌	측	入
䞟	陌	측	入
㴒	陌	측	入
䂝	陌	측	入
䞦	陌	측	入
䪝	陌	측	入
𠙆	陌	측	入
𦒧	陌	측	入
𡩡	陌	측	入
𤗮	陌	측	入
𤖼	陌	측	入
𢅰	陌	측	入
𤁰	陌	측	入
𢓜	陌	측	入
𩹺	陌	측	入
𡄴	陌	측	入
𦵪	陌	측	入
𥬰	陌	측	入
𡍩	陌	측	入
𢮎	陌	측	入
𢷾	陌	측	入
𢼛	陌	측	入
𢯹	陌	측	入
𦌠	陌	측	入
𢫦	陌	측	入
𥆛	陌	측	入
𪐏	陌	측	入
壁	錫	측	入
寂	錫	측	入
笛	錫	측	入
敵	錫	측	入
滴	錫	측	入
曆	錫	측	入
歷	錫	측	入
歴	錫	측	入
䍥	錫	측	入
厤	錫	측	入
覓	錫	측	入
覔	錫	측	入
激	錫	측	入
戚	錫	측	入
慽	錫	측	入
檄	錫	측	入
績	錫	측	入
擊	錫	측	入
錫	錫	측	入
的	錫	측	入
靂	錫	측	入
瀝	錫	측	入
礫	錫	측	入
滌	錫	측	入
覿	錫	측	入
鷁	錫	측	入
櫪	錫	측	入
鏑	錫	측	入
析	錫	측	入
惕	錫	측	入
狄	錫	측	入
淅	錫	측	入
荻	錫	측	入
皪	錫	측	入
羃	錫	측	入
溺	錫	측	入
櫟	錫	측	入
甓	錫	측	入
晰	錫	측	入
冪	錫	측	入
糴	錫	측	入
劈	錫	측	入
闃	錫	측	入
逖	錫	측	入
剔	錫	측	入
吃	錫	측	入
迪	錫	측	入
靮	錫	측	入
嫡	錫	측	入
皙	錫	측	入
菂	錫	측	入
覡	錫	측	入
嚦	錫	측	入
趯	錫	측	入
甋	錫	측	入
瓅	錫	측	入
霓	錫	측	入
鵙	錫	측	入
艗	錫	측	入
幕	錫	측	入
踢	錫	측	入
篴	錫	측	入
惄	錫	측	入
適	錫	측	入
轢	錫	측	入
鬩	錫	측	入
汨	錫	측	入
焱	錫	측	入
酈	錫	측	入
鴃	錫	측	入
蹢	錫	측	入
籊	錫	측	入
殈	錫	측	入
赥	錫	측	入
鼊	錫	측	入
摘	錫	측	入
蜥	錫	측	入
鬁	錫	측	入
樀	錫	측	入
澼	錫	측	入
轣	錫	측	入
裼	錫	측	入
鼜	錫	측	入
鬲	錫	측	入
倜	錫	측	入
礰	錫	측	入
緆	錫	측	入
秝	錫	측	入
翟	錫	측	入
鼏	錫	측	入
覭	錫	측	入
簚	錫	측	入
糸	錫	측	入
吊	錫	측	入
弔	錫	측	入
狊	錫	측	入
壢	錫	측	入
蚸	錫	측	入
繴	錫	측	入
薂	錫	측	入
濗	錫	측	入
砳	錫	측	入
焃	錫	측	入
霹	錫	측	入
墒	錫	측	入
砉	錫	측	入
攦	錫	측	入
踧	錫	측	入
墼	錫	측	入
悐	錫	측	入
鶪	錫	측	入
幦	錫	측	入
虉	錫	측	入
磿	錫	측	入
幎	錫	측	入
嚁	錫	측	入
瓋	錫	측	入
毄	錫	측	入
焬	錫	측	入
鐴	錫	측	入
菥	錫	측	入
譤	錫	측	入
藶	錫	측	入
塓	錫	측	入
湨	錫	측	入
鷊	錫	측	入
啇	錫	측	入
玓	錫	측	入
馰	錫	측	入
熐	錫	측	入
釽	錫	측	入
漃	錫	측	入
憵	錫	측	入
鱳	錫	측	入
纅	錫	측	入
扸	錫	측	入
樍	錫	측	入
撽	錫	측	入
儮	錫	측	入
苖	錫	측	入
爏	錫	측	入
讈	錫	측	入
扚	錫	측	入
欫	錫	측	入
椺	錫	측	入
墑	錫	측	入
漞	錫	측	入
趘	錫	측	入
冖	錫	측	入
仢	錫	측	入
儥	錫	측	入
銢	錫	측	入
頔	錫	측	入
轚	錫	측	入
燩	錫	측	入
覛	錫	측	入
硩	錫	측	入
礕	錫	측	入
靋	錫	측	入
觻	錫	측	入
磩	錫	측	入
鎘	錫	측	入
肑	錫	측	入
綼	錫	측	入
糑	錫	측	入
惁	錫	측	入
敫	錫	측	入
蒚	錫	측	入
犑	錫	측	入
獥	錫	측	入
婥	錫	측	入
蓨	錫	측	入
蓧	錫	측	入
瞁	錫	측	入
歒	錫	측	入
廦	錫	측	入
鸄	錫	측	入
虳	錫	측	入
郹	錫	측	入
鼳	錫	측	入
鄓	錫	측	入
蔋	錫	측	入
擽	錫	측	入
盢	錫	측	入
梑	錫	측	入
䍽	錫	측	入
㰅	錫	측	入
㭊	錫	측	入
䓇	錫	측	入
䢮	錫	측	入
䥶	錫	측	入
䤙	錫	측	入
㿨	錫	측	入
㣙	錫	측	入
䟐	錫	측	入
䤨	錫	측	入
䢰	錫	측	入
䚫	錫	측	入
㤸	錫	측	入
㢩	錫	측	入
䴞	錫	측	入
䨤	錫	측	入
䵠	錫	측	入
㻺	錫	측	入
䗩	錫	측	入
䣓	錫	측	入
䮥	錫	측	入
㲻	錫	측	入
䂆	錫	측	入
䖑	錫	측	入
䔉	錫	측	入
㦘	錫	측	入
㹍	錫	측	入
㒪	錫	측	入
䳬	錫	측	入
䁶	錫	측	入
㔏	錫	측	入
䮭	錫	측	入
㬏	錫	측	入
䞶	錫	측	入
䚐	錫	측	入
㛫	錫	측	入
䰛	錫	측	入
䑀	錫	측	入
㱤	錫	측	入
䈪	錫	측	入
㱹	錫	측	入
䌐	錫	측	入
㽁	錫	측	入
䨀	錫	측	入
㱸	錫	측	入
㺡	錫	측	入
䚍	錫	측	入
䟏	錫	측	入
㷴	錫	측	入
䯜	錫	측	入
𪒄	錫	측	入
𦸗	錫	측	入
𣒃	錫	측	入
𡫁	錫	측	入
𣤢	錫	측	入
𥍧	錫	측	入
𥍠	錫	측	入
𥍟	錫	측	入
𠴫	錫	측	入
𣤩	錫	측	入
𥛚	錫	측	入
𤄎	錫	측	入
𦵦	錫	측	入
色	職	측	入
得	職	측	入
息	職	측	入
國	職	측	入
力	職	측	入
極	職	측	入
翼	職	측	入
側	職	측	入
直	職	측	入
黑	職	측	入
憶	職	측	入
墨	職	측	入
域	職	측	入
識	職	측	入
測	職	측	入
棘	職	측	入
職	職	측	入
臆	職	측	入
賊	職	측	入
刻	職	측	入
食	職	측	入
逼	職	측	入
北	職	측	入
惻	職	측	入
默	職	측	入
德	職	측	入
飾	職	측	入
餙	職	측	入
勒	職	측	入
惑	職	측	入
稷	職	측	入
特	職	측	入
則	職	측	入
即	職	측	入
卽	職	측	入
拭	職	측	入
織	職	측	入
蝕	職	측	入
仄	職	측	入
匿	職	측	入
陟	職	측	入
穡	職	측	入
億	職	측	入
塞	職	측	入
式	職	측	入
植	職	측	入
抑	職	측	入
殖	職	측	入
敕	職	측	入
亟	職	측	入
克	職	측	入
弋	職	측	入
熄	職	측	入
肋	職	측	入
昃	職	측	入
忒	職	측	入
慝	職	측	入
蜮	職	측	入
軾	職	측	入
飭	職	측	入
嗇	職	측	入
踣	職	측	入
閾	職	측	入
泐	職	측	入
殛	職	측	入
嘿	職	측	入
洫	職	측	入
翊	職	측	入
薏	職	측	入
赩	職	측	入
湜	職	측	入
纆	職	측	入
僰	職	측	入
屴	職	측	入
杙	職	측	入
愊	職	측	入
寔	職	측	入
崱	職	측	入
裓	職	측	入
墄	職	측	入
匐	職	측	入
罭	職	측	入
愎	職	측	入
嶷	職	측	入
偪	職	측	入
螣	職	측	入
剋	職	측	入
埴	職	측	入
尅	職	측	入
棫	職	측	入
襋	職	측	入
衋	職	측	入
劾	職	측	入
唧	職	측	入
轖	職	측	入
淢	職	측	入
湢	職	측	入
遫	職	측	入
扐	職	측	入
蠈	職	측	入
緎	職	측	入
淂	職	측	入
蟘	職	측	入
幅	職	측	入
或	職	측	入
恧	職	측	入
荝	職	측	入
栻	職	측	入
鷘	職	측	入
鰂	職	측	入
翌	職	측	入
畟	職	측	入
副	職	측	入
仂	職	측	入
餩	職	측	入
醷	職	측	入
侐	職	측	入
釴	職	측	入
鯽	職	측	入
腷	職	측	入
繶	職	측	入
竻	職	측	入
膱	職	측	入
芅	職	측	入
癔	職	측	入
瀷	職	측	入
蒠	職	측	入
淔	職	측	入
稄	職	측	入
戫	職	측	入
蟔	職	측	入
稙	職	측	入
樴	職	측	入
堲	職	측	入
蝍	職	측	入
菔	職	측	入
犆	職	측	入
趩	職	측	入
堛	職	측	入
掝	職	측	入
蕀	職	측	入
蛡	職	측	入
忑	職	측	入
嫟	職	측	入
恜	職	측	入
瘜	職	측	入
黓	職	측	入
楅	職	측	入
冒	職	측	入
蘵	職	측	入
惐	職	측	入
膕	職	측	入
赲	職	측	入
嘚	職	측	入
稫	職	측	入
脦	職	측	入
煏	職	측	入
玏	職	측	入
戠	職	측	入
溭	職	측	入
穓	職	측	入
鉓	職	측	入
遈	職	측	入
棏	職	측	入
薔	職	측	入
烒	職	측	入
鶝	職	측	入
艒	職	측	入
鰏	職	측	入
禃	職	측	入
潩	職	측	入
捗	職	측	入
畐	職	측	入
霬	職	측	入
噫	職	측	入
皕	職	측	入
嫼	職	측	入
皀	職	측	入
嬂	職	측	入
謋	職	측	入
琙	職	측	入
捑	職	측	入
骮	職	측	入
揤	職	측	入
蚮	職	측	入
爅	職	측	入
熤	職	측	入
踾	職	측	入
浳	職	측	入
螚	職	측	入
蟙	職	측	入
鳨	職	측	入
釛	職	측	入
澺	職	측	入
垘	職	측	入
鄎	職	측	入
氻	職	측	入
潶	職	측	入
艻	職	측	入
閄	職	측	入
朸	職	측	入
臸	職	측	入
忇	職	측	入
諽	職	측	入
檍	職	측	入
焏	職	측	入
悈	職	측	入
窢	職	측	入
茍	職	측	入
烅	職	측	入
嚜	職	측	入
鉽	職	측	入
侙	職	측	入
殕	職	측	入
懎	職	측	入
慗	職	측	入
揊	職	측	入
熼	職	측	入
鰳	職	측	入
阞	職	측	入
懝	職	측	入
繬	職	측	入
㳁	職	측	入
㥾	職	측	入
㚤	職	측	入
㘈	職	측	入
䰥	職	측	入
䁿	職	측	入
䈟	職	측	入
㔴	職	측	入
䵗	職	측	入
䘃	職	측	入
㤫	職	측	入
㮩	職	측	入
㥂	職	측	入
㱇	職	측	入
䄩	職	측	入
䐚	職	측	入
䙷	職	측	入
䯆	職	측	入
䁼	職	측	入
䅞	職	측	入
䧗	職	측	入
㕵	職	측	入
䘅	職	측	入
㯤	職	측	入
䵱	職	측	入
㞃	職	측	入
䬎	職	측	入
㝶	職	측	入
䱛	職	측	入
䭒	職	측	入
㢞	職	측	入
㭲	職	측	入
㷵	職	측	入
㻷	職	측	入
䗷	職	측	入
䞳	職	측	入
㱄	職	측	入
䐈	職	측	入
䖁	職	측	入
㘠	職	측	入
㹄	職	측	入
䩯	職	측	入
䘝	職	측	入
㧹	職	측	入
㥁	職	측	入
䴬	職	측	入
㷶	職	측	入
㽣	職	측	入
㔹	職	측	入
㴧	職	측	入
䦗	職	측	入
㚜	職	측	入
䣧	職	측	入
䎪	職	측	入
䮙	職	측	入
㫯	職	측	入
㥛	職	측	入
㯰	職	측	入
㥀	職	측	入
㥶	職	측	入
䮠	職	측	入
䦼	職	측	入
㮨	職	측	入
㵓	職	측	入
䁇	職	측	入
㞋	職	측	入
䉢	職	측	入
䆐	職	측	入
䤭	職	측	入
𪀦	職	측	入
𧏾	職	측	入
𤜜	職	측	入
𡍫	職	측	入
𥇛	職	측	入
𪂉	職	측	入
𤗚	職	측	入
𩋉	職	측	入
𪑝	職	측	入
𥇙	職	측	入
急	緝	측	入
立	緝	측	入
入	緝	측	入
濕	緝	측	入
集	緝	측	入
泣	緝	측	入
及	緝	측	入
邑	緝	측	入
十	緝	측	入
澀	緝	측	入
濇	緝	측	入
澁	緝	측	入
拾	緝	측	入
蟄	緝	측	入
習	緝	측	入
笠	緝	측	入
粒	緝	측	入
汲	緝	측	入
給	緝	측	入
吸	緝	측	入
襲	緝	측	入
揖	緝	측	入
什	緝	측	入
級	緝	측	入
執	緝	측	入
隰	緝	측	入
挹	緝	측	入
縶	緝	측	入
汁	緝	측	入
戢	緝	측	入
葺	緝	측	入
岌	緝	측	入
浥	緝	측	入
緝	緝	측	入
輯	緝	측	入
悒	緝	측	入
翕	緝	측	入
熠	緝	측	入
笈	緝	측	入
伋	緝	측	入
楫	緝	측	入
檝	緝	측	入
噏	緝	측	入
濈	緝	측	入
歙	緝	측	入
裛	緝	측	入
潗	緝	측	入
唈	緝	측	入
蕺	緝	측	入
槢	緝	측	入
廿	緝	측	入
潝	緝	측	入
霫	緝	측	入
芨	緝	측	入
霵	緝	측	入
鈒	緝	측	入
褶	緝	측	入
啃	緝	측	入
漐	緝	측	入
苙	緝	측	入
鰼	緝	측	入
湆	緝	측	入
礏	緝	측	入
飁	緝	측	入
雭	緝	측	入
圾	緝	측	入
煜	緝	측	入
闟	緝	측	入
砬	緝	측	入
歰	緝	측	入
熻	緝	측	入
鵖	緝	측	入
湁	緝	측	入
俋	緝	측	入
咠	緝	측	入
卙	緝	측	入
慹	緝	측	入
鷑	緝	측	入
譅	緝	측	入
雴	緝	측	入
驫	緝	측	入
彶	緝	측	入
箿	緝	측	入
礘	緝	측	入
叺	緝	측	入
瓡	緝	측	入
岦	緝	측	入
鴔	緝	측	入
鏶	緝	측	入
偮	緝	측	入
翜	緝	측	入
釞	緝	측	入
淁	緝	측	入
趇	緝	측	入
騽	緝	측	入
喅	緝	측	入
鴗	緝	측	入
蓻	緝	측	入
謺	緝	측	入
嶯	緝	측	入
漝	緝	측	入
皀	緝	측	入
嬆	緝	측	入
湒	緝	측	入
譶	緝	측	入
馵	緝	측	入
鉝	緝	측	入
孴	緝	측	入
卌	緝	측	入
諿	緝	측	入
䏉	緝	측	入
㴕	緝	측	入
㦻	緝	측	入
㤂	緝	측	入
㙷	緝	측	入
㪧	緝	측	入
䦹	緝	측	入
㠍	緝	측	入
䁯	緝	측	入
㬛	緝	측	入
㵫	緝	측	入
䔼	緝	측	入
㴔	緝	측	入
䶘	緝	측	入
䶋	緝	측	入
㗊	緝	측	入
䩰	緝	측	入
䮶	緝	측	入
䏠	緝	측	入
㲸	緝	측	入
㽺	緝	측	入
䓃	緝	측	入
㣬	緝	측	入
䒁	緝	측	入
䭂	緝	측	入
䉗	緝	측	入
㡮	緝	측	入
㧀	緝	측	入
㱞	緝	측	入
㙫	緝	측	入
㘊	緝	측	入
㿇	緝	측	入
䏩	緝	측	入
㬤	緝	측	入
㗱	緝	측	入
䐕	緝	측	入
㒊	緝	측	入
䇼	緝	측	入
䅤	緝	측	入
㒆	緝	측	入
䲯	緝	측	入
䔱	緝	측	入
㕸	緝	측	入
䙄	緝	측	入
㞚	緝	측	入
㩉	緝	측	入
㞏	緝	측	入
㗩	緝	측	入
䁒	緝	측	入
𧤏	緝	측	入
𩆭	緝	측	入
𧚨	緝	측	入
𩾳	緝	측	入
合	合	측	入
榻	合	측	入
塔	合	측	入
墖	合	측	入
答	合	측	入
雜	合	측	入
闔	合	측	入
衲	合	측	入
匝	合	측	入
納	合	측	入
颯	合	측	入
榼	合	측	入
閤	合	측	入
踏	合	측	入
沓	合	측	入
遝	合	측	入
蛤	合	측	入
鴿	合	측	入
盍	合	측	入
荅	合	측	入
塌	合	측	入
蹋	合	측	入
盒	合	측	入
搭	合	측	入
鞳	合	측	入
拉	合	측	入
臘	合	측	入
腊	合	측	入
蠟	合	측	入
帀	合	측	入
蒳	合	측	入
靸	合	측	入
漯	合	측	入
嗑	合	측	入
趿	合	측	入
嗒	合	측	入
噆	合	측	入
鎝	合	측	入
咂	合	측	入
闒	合	측	入
遢	合	측	入
剳	合	측	入
卡	合	측	入
溘	合	측	入
誻	合	측	入
匌	合	측	入
嚃	合	측	入
拓	合	측	入
馺	合	측	入
罨	合	측	入
鑞	合	측	入
搕	合	측	入
唈	合	측	入
韐	合	측	入
岋	合	측	入
濌	合	측	入
褟	合	측	入
涾	合	측	入
耠	合	측	入
軜	合	측	入
蓋	合	측	入
卅	合	측	入
磕	合	측	入
哈	合	측	入
瘩	合	측	入
磣	合	측	入
褡	合	측	入
嘁	合	측	入
鰈	合	측	入
瞌	合	측	入
鈒	合	측	入
欱	合	측	入
狧	合	측	入
耷	合	측	入
錔	合	측	入
鮯	合	측	入
鞜	合	측	入
鰨	合	측	入
匎	合	측	入
溻	合	측	入
頜	合	측	入
歞	合	측	入
砵	合	측	入
菈	合	측	入
鰪	合	측	入
砐	合	측	入
匒	合	측	入
傝	合	측	入
崉	合	측	入
雥	合	측	入
囃	合	측	入
詥	合	측	入
溚	合	측	入
篕	合	측	入
魶	合	측	入
峇	合	측	入
鉔	合	측	入
峆	合	측	入
鑉	合	측	入
譶	合	측	入
痷	合	측	入
魳	合	측	入
罯	合	측	入
磼	合	측	入
畗	合	측	入
魼	合	측	入
圾	合	측	入
鞥	合	측	入
矺	合	측	入
抸	合	측	入
廅	合	측	入
毾	合	측	入
礘	合	측	入
佮	合	측	入
砝	合	측	入
魥	合	측	入
熆	合	측	入
笚	合	측	入
鎉	合	측	入
翋	合	측	入
龖	合	측	入
儑	合	측	入
姶	合	측	入
磖	合	측	入
拹	合	측	入
笝	合	측	入
殧	合	측	入
柆	合	측	入
鉿	合	측	入
硆	合	측	入
厒	合	측	入
榙	合	측	入
枼	合	측	入
韴	合	측	入
遪	合	측	入
䬃	合	측	入
䕹	合	측	入
㔩	合	측	入
䑽	合	측	入
㷈	合	측	入
㗳	合	측	入
䗶	合	측	入
䑥	合	측	入
䂰	合	측	入
䗘	合	측	入
䍇	合	측	入
㛥	合	측	入
䐦	合	측	入
㹺	合	측	入
㧁	合	측	入
㯓	合	측	入
䵬	合	측	入
㕇	合	측	入
䈳	合	측	入
䌈	合	측	入
䐛	合	측	入
䂿	合	측	入
䪏	合	측	入
䧻	合	측	入
㿯	合	측	入
䵽	合	측	入
㕉	合	측	入
䫦	合	측	入
䈫	合	측	入
䈋	合	측	入
䑜	合	측	入
䃳	合	측	入
䶁	合	측	入
䍝	合	측	入
䪞	合	측	入
㕎	合	측	入
㨥	合	측	入
䶀	合	측	入
䙣	合	측	入
䳴	合	측	入
㭼	合	측	入
㠷	合	측	入
㧺	合	측	入
㥺	合	측	入
䢔	合	측	入
䪺	合	측	入
㛕	合	측	入
㾑	合	측	入
䜚	合	측	入
㿴	合	측	入
㽂	合	측	入
䨿	合	측	入
䑪	合	측	入
㝓	合	측	入
㯚	合	측	入
䪚	合	측	入
䞙	合	측	入
㚫	合	측	入
䓠	合	측	入
㰰	合	측	入
䆟	合	측	入
㡴	合	측	入
𩣯	合	측	入
𪘁	合	측	入
𩋊	合	측	入
𨅔	合	측	入
𥁋	合	측	入
𣣹	合	측	入
𦑶	合	측	入
𤎞	合	측	入
𨜴	合	측	入
𤸱	合	측	入
𩎕	合	측	入
𢕬	合	측	入
𧪞	合	측	入
𢶍	合	측	入
𨃚	合	측	入
𡄋	合	측	入
葉	葉	측	入
接	葉	측	入
蝶	葉	측	入
蜨	葉	측	入
疊	葉	측	入
捷	葉	측	入
涉	葉	측	入
帖	葉	측	入
篋	葉	측	入
愜	葉	측	入
頰	葉	측	入
堞	葉	측	入
妾	葉	측	入
鋏	葉	측	入
俠	葉	측	入
睫	葉	측	入
鬣	葉	측	入
牒	葉	측	入
靨	葉	측	入
浹	葉	측	入
屧	葉	측	入
躡	葉	측	入
莢	葉	측	入
協	葉	측	入
攝	葉	측	入
貼	葉	측	入
懾	葉	측	入
慴	葉	측	入
燮	葉	측	入
挾	葉	측	入
楫	葉	측	入
檝	葉	측	入
饁	葉	측	入
燁	葉	측	入
摺	葉	측	入
鑷	葉	측	入
躞	葉	측	入
諜	葉	측	入
曄	葉	측	入
獵	葉	측	入
蹀	葉	측	入
撚	葉	측	入
輒	葉	측	入
跕	葉	측	入
囁	葉	측	入
氎	葉	측	入
躐	葉	측	入
讋	葉	측	入
艓	葉	측	入
擪	葉	측	入
屟	葉	측	入
褶	葉	측	入
褋	葉	측	入
惵	葉	측	入
梜	葉	측	入
怗	葉	측	入
聶	葉	측	入
箑	葉	측	入
裛	葉	측	入
衱	葉	측	入
喋	葉	측	入
呫	葉	측	入
韘	葉	측	入
苶	葉	측	入
楪	葉	측	入
折	葉	측	入
炸	葉	측	入
笈	葉	측	入
籋	葉	측	入
襵	葉	측	入
歙	葉	측	入
鞢	葉	측	入
鍱	葉	측	入
魘	葉	측	入
霎	葉	측	入
厭	葉	측	入
婕	葉	측	入
偞	葉	측	入
菨	葉	측	入
崨	葉	측	入
倢	葉	측	入
椄	葉	측	入
讘	葉	측	入
欇	葉	측	入
筴	葉	측	入
邋	葉	측	入
鰈	葉	측	入
熀	葉	측	入
蛺	葉	측	入
擸	葉	측	入
顳	葉	측	入
儠	葉	측	入
擛	葉	측	入
踥	葉	측	入
牃	葉	측	入
踕	葉	측	入
謵	葉	측	入
緁	葉	측	入
僷	葉	측	入
灄	葉	측	入
犣	葉	측	入
聗	葉	측	入
鎑	葉	측	入
錜	葉	측	入
銸	葉	측	入
徢	葉	측	入
惗	葉	측	入
穕	葉	측	入
帹	葉	측	入
蠂	葉	측	入
痷	葉	측	入
鱲	葉	측	入
脻	葉	측	入
迠	葉	측	入
萐	葉	측	入
敜	葉	측	入
慹	葉	측	入
綊	葉	측	入
謺	葉	측	入
鮿	葉	측	入
鯜	葉	측	入
墊	葉	측	入
挕	葉	측	入
踂	葉	측	入
瞱	葉	측	入
淁	葉	측	入
瞸	葉	측	入
獦	葉	측	入
鑈	葉	측	入
聑	葉	측	入
褺	葉	측	入
鏶	葉	측	入
昅	葉	측	入
揞	葉	측	入
巤	葉	측	入
煠	葉	측	入
疌	葉	측	入
踗	葉	측	入
劦	葉	측	入
誱	葉	측	入
寁	葉	측	入
唊	葉	측	入
蓻	葉	측	入
枼	葉	측	入
殜	葉	측	入
霅	葉	측	入
帇	葉	측	入
蓵	葉	측	入
渫	葉	측	入
㲲	葉	측	入
㫸	葉	측	入
䩞	葉	측	入
䈉	葉	측	入
䐑	葉	측	入
䌖	葉	측	入
㱌	葉	측	入
䢡	葉	측	入
䳖	葉	측	入
㪑	葉	측	入
䁋	葉	측	入
䜆	葉	측	入
䝃	葉	측	入
䵿	葉	측	入
㩎	葉	측	入
䇣	葉	측	入
䜲	葉	측	入
䝱	葉	측	入
䐲	葉	측	入
㸎	葉	측	入
䧪	葉	측	入
㡇	葉	측	入
㬪	葉	측	入
㢵	葉	측	入
䤮	葉	측	入
䪓	葉	측	入
㤴	葉	측	入
㥈	葉	측	入
䴑	葉	측	入
㥦	葉	측	入
䪉	葉	측	入
㴇	葉	측	入
䭟	葉	측	入
㢎	葉	측	入
㩸	葉	측	入
㯿	葉	측	入
䯀	葉	측	入
㤐	葉	측	入
㰼	葉	측	入
㭯	葉	측	入
㳧	葉	측	入
㙷	葉	측	入
㚔	葉	측	入
䛟	葉	측	入
䝓	葉	측	入
䈎	葉	측	入
䜓	葉	측	入
䌰	葉	측	入
㑙	葉	측	入
㾜	葉	측	入
㚲	葉	측	入
㼪	葉	측	入
㩶	葉	측	入
㼲	葉	측	入
䌌	葉	측	入
㤲	葉	측	入
㰔	葉	측	入
㒤	葉	측	入
䠟	葉	측	入
䁽	葉	측	入
㨩	葉	측	入
㷸	葉	측	入
㛍	葉	측	入
㽊	葉	측	入
䝕	葉	측	入
䴴	葉	측	入
䥡	葉	측	入
䌜	葉	측	入
𣶏	葉	측	入
𦣀	葉	측	入
𢬴	葉	측	入
𦔮	葉	측	入
𤍞	葉	측	入
𪑧	葉	측	入
𦀖	葉	측	入
𤑻	葉	측	入
𣀳	葉	측	入
𨓊	葉	측	入
𪔪	葉	측	入
𩣘	葉	측	入
𤗽	葉	측	入
𦔼	葉	측	入
業	洽	측	入
法	洽	측	入
甲	洽	측	入
劫	洽	측	入
刼	洽	측	入
刦	洽	측	入
峽	洽	측	入
怯	洽	측	入
洽	洽	측	入
匣	洽	측	入
壓	洽	측	入
狎	洽	측	入
乏	洽	측	入
鴨	洽	측	入
插	洽	측	入
揷	洽	측	入
狹	洽	측	入
鍤	洽	측	入
嶪	洽	측	入
夾	洽	측	入
閘	洽	측	入
押	洽	측	入
袷	洽	측	入
柙	洽	측	入
帢	洽	측	入
唼	洽	측	入
歃	洽	측	入
掐	洽	측	入
劄	洽	측	入
呷	洽	측	入
恰	洽	측	入
裌	洽	측	入
翣	洽	측	入
胛	洽	측	入
硤	洽	측	入
鄴	洽	측	入
霎	洽	측	入
陜	洽	측	入
霅	洽	측	入
箑	洽	측	入
嗋	洽	측	入
祫	洽	측	入
眨	洽	측	入
跲	洽	측	入
啑	洽	측	入
郟	洽	측	入
恊	洽	측	入
鵊	洽	측	入
扱	洽	측	入
凹	洽	측	入
脅	洽	측	入
鞈	洽	측	入
搯	洽	측	入
熁	洽	측	入
玾	洽	측	入
喋	洽	측	入
愶	洽	측	入
筴	洽	측	入
岬	洽	측	入
胠	洽	측	入
葜	洽	측	入
烚	洽	측	入
渫	洽	측	入
擖	洽	측	入
姂	洽	측	入
庘	洽	측	入
哈	洽	측	入
鉀	洽	측	入
萐	洽	측	入
嚈	洽	측	入
魻	洽	측	入
圔	洽	측	入
喢	洽	측	入
蜐	洽	측	入
餄	洽	측	入
譗	洽	측	入
姶	洽	측	入
湆	洽	측	入
魥	洽	측	入
鉣	洽	측	入
驜	洽	측	入
呿	洽	측	入
翜	洽	측	入
韐	洽	측	入
疀	洽	측	入
笚	洽	측	入
埉	洽	측	入
厒	洽	측	入
笝	洽	측	入
煠	洽	측	入
殗	洽	측	入
搚	洽	측	入
痷	洽	측	入
鉿	洽	측	入
唊	洽	측	入
欱	洽	측	入
翈	洽	측	入
昅	洽	측	入
磼	洽	측	入
曱	洽	측	入
珨	洽	측	入
鸈	洽	측	入
魼	洽	측	入
歰	洽	측	入
嶯	洽	측	入
澲	洽	측	入
砝	洽	측	入
疺	洽	측	入
圶	洽	측	入
抾	洽	측	入
帹	洽	측	入
炠	洽	측	入
筪	洽	측	入
拹	洽	측	入
殜	洽	측	入
餣	洽	측	入
舺	洽	측	入
殎	洽	측	入
垥	洽	측	入
偛	洽	측	入
䶎	洽	측	入
㡊	洽	측	入
㰱	洽	측	入
䬊	洽	측	入
䆘	洽	측	入
㭘	洽	측	入
㵊	洽	측	入
㕅	洽	측	入
㛼	洽	측	入
㳌	洽	측	入
䖎	洽	측	入
㡋	洽	측	入
䎎	洽	측	入
䛅	洽	측	入
䨐	洽	측	入
䧨	洽	측	入
䕛	洽	측	入
䤶	洽	측	入
䛽	洽	측	入
㘝	洽	측	入
㹤	洽	측	入
䂲	洽	측	入
䮢	洽	측	入
㗼	洽	측	入
㽠	洽	측	入
䞩	洽	측	入
㾀	洽	측	入
㙝	洽	측	入
㴙	洽	측	入
㮑	洽	측	入
䱒	洽	측	入
䀴	洽	측	入
㓣	洽	측	入
䮜	洽	측	入
䖖	洽	측	入
䀷	洽	측	入
䀫	洽	측	入
䩡	洽	측	入
䘥	洽	측	入
䲜	洽	측	入
㘡	洽	측	入
㾎	洽	측	入
䁆	洽	측	入
䁍	洽	측	入
㑢	洽	측	入
㿓	洽	측	入
㸣	洽	측	入
㵤	洽	측	入
䶝	洽	측	入
㭱	洽	측	入
㷅	洽	측	入
𢘉	洽	측	入
𣣲	洽	측	入
𩌍	洽	측	入
𢂷	洽	측	入
𤴼	洽	측	入
𠗨	洽	측	入
