id	제목	제안분류	확신도	구간정밀도	근거	비고
P04373	遠征行	애상(sympathy)	43	27%	term	악부/제영(확신↓)
P04374	鴻雁吟。二篇。	애상(sympathy)	49	27%	term	
P04375	鴻雁吟。二篇。 其二	애상(sympathy)	61	52%	term	
P04376	梁文驛敬簡峒隱李 義建 直長 時住永平白雲山中	유람(travel)	60	52%	title, term	
P04377	金化柏谷謁車明宰	계절(season)	46	27%	term	
P04378	九月九日。題金城館。	도화(picture)	54	38%	title	
P04379	金城苞桑閣。謹次車明宰韻。公爲縣令時。重建客館。扁曰苞桑閣。蓋以新經壬辰海賊兵火故。用寓其亡可保之義也。	건물(structure)	53	38%	title	
P04380	重陽宿昌道驛	유람(travel)	83	94%	title	
P04381	九月十五日。永興許使君 筬 衙軒作。	애상(sympathy)	48	27%	term	
P04382	許明府衙軒。菊花盛開。乃公手植。蔭以白茅。使不爲風日霜露所悴傷也。卽席命賦。率書以呈。	기증(donate)	97	94%	title	
P04383	咸興府作	계절(season)	52	38%	term	
P04384	咸關嶺	천문(astro)	25	16%	term	
P04385	洪原縣	애상(sympathy)	41	27%	term	
P04386	北靑府	회고(reminiscence)	43	27%	term	
P04387	利城縣	변새(frontier)	40	27%	term	
P04388	端川館。敬次圃隱先生韻。	애상(sympathy)	58	38%	term	
P04389	磨天嶺	산악(mountain)	43	27%	term	
P04390	嶺東館	애상(sympathy)	44	27%	term	
P04391	嶺東館 其二	변새(frontier)	39	14%	term	
P04392	嶺東館 其三	애상(sympathy)	41	27%	term	
P04393	臨溟館	애상(sympathy)	44	27%	term	
P04394	酬別李正郞 春英 實之	송별(farewell)	97	94%	title	
P04395	酬別李正郞 春英 實之 附元韻	송별(farewell)	82	94%	title, term	
P04396	吉州途中	유람(travel)	93	94%	title	
P04397	吉州途中 附次韻	유람(travel)	96	94%	title	
P04398	雲委院	애상(sympathy)	47	27%	term	
P04399	輸城館。謹次故東萊宋府使 象賢 韻。	애상(sympathy)	43	27%	term	
P04400	輸城館。謹次故東萊宋府使 象賢 韻。 其二	건물(structure)	53	38%	title	
P04401	輸城途中	유람(travel)	95	94%	title	
P04402	雲頭城	애상(sympathy)	44	27%	term	
P04403	觀宴蕃胡	변새(frontier)	41	27%	term	
P04404	奉陪李節度使 守一 北巡邊城。而作近體九首。十月十一日。發會寧府。二十四日。到慶興府。	유람(travel)	85	94%	title	
P04405	奉陪李節度使 守一 北巡邊城。而作近體九首。十月十一日。發會寧府。二十四日。到慶興府。 其二	유람(travel)	78	82%	title	
P04406	奉陪李節度使 守一 北巡邊城。而作近體九首。十月十一日。發會寧府。二十四日。到慶興府。 其三	유람(travel)	80	94%	title	
P04407	奉陪李節度使 守一 北巡邊城。而作近體九首。十月十一日。發會寧府。二十四日。到慶興府。 其四	유람(travel)	80	94%	title	
P04408	奉陪李節度使 守一 北巡邊城。而作近體九首。十月十一日。發會寧府。二十四日。到慶興府。 其五	유람(travel)	89	94%	title	
P04409	奉陪李節度使 守一 北巡邊城。而作近體九首。十月十一日。發會寧府。二十四日。到慶興府。 其六	유람(travel)	81	94%	title	
P04410	奉陪李節度使 守一 北巡邊城。而作近體九首。十月十一日。發會寧府。二十四日。到慶興府。 其七	유람(travel)	87	94%	title	
P04411	奉陪李節度使 守一 北巡邊城。而作近體九首。十月十一日。發會寧府。二十四日。到慶興府。 其八	유람(travel)	82	94%	title	
P04412	奉陪李節度使 守一 北巡邊城。而作近體九首。十月十一日。發會寧府。二十四日。到慶興府。 其九	유람(travel)	62	52%	title	
P04413	幕府述懷 二十二韻	변새(frontier)	56	38%	term	
P04414	從軍行 三首	애상(sympathy)	51	38%	term	
P04415	從軍行 三首 其二	유람(travel)	66	52%	title	
P04416	從軍行 三首 其三	유람(travel)	59	38%	title	
P04417	安原途中	유람(travel)	86	94%	title	
P04418	題撫夷堡	도화(picture)	55	38%	title	
P04419	擬古從軍五更轉	변새(frontier)	64	52%	term	
P04420	擬古從軍五更轉 其二	변새(frontier)	38	14%	term	
P04421	擬古從軍五更轉 其三	애상(sympathy)	46	27%	term	
P04422	擬古從軍五更轉 其四	변새(frontier)	60	52%	term	
P04423	擬古從軍五更轉 其五	변새(frontier)	50	38%	term	
P04424	月夜聞笛。題會寧南樓。	도화(picture)	59	38%	title	
P04425	出塞曲	변새(frontier)	75	82%	title, term	악부/제영(확신↓)
P04426	入塞曲	변새(frontier)	46	27%	term	악부/제영(확신↓)
P04427	豆滿江歌。爲節度使李令公作。	변새(frontier)	69	52%	term	
P04428	北門行	애상(sympathy)	41	27%	term	악부/제영(확신↓)
P04429	長相思。效右作。	애상(sympathy)	53	38%	term	
P04430	答許子賀 𥛚 判官書 君時寓永興	변새(frontier)	47	27%	term	
P04431	會寧南樓。夜起書感。	변새(frontier)	47	27%	term	
P04432	十月初八日甲申。初拜節度使於甫乙下堡。因隨而行。北巡列鎭。十一月初八日癸丑。還鏡城。十五日庚申。以六鎭流民推刷事赴吉州。	유람(travel)	54	38%	title	
P04433	日夕書懷	애상(sympathy)	49	27%	term	
P04434	除夜 二首○時到吉州	변새(frontier)	45	27%	term	
P04435	除夜 二首○時到吉州 其二	유람(travel)	60	52%	title	
P04436	庚子元日	애상(sympathy)	41	27%	term	
P04437	元朝。憶兩兄。	회고(reminiscence)	70	82%	title	
P04438	酬寄李正郞實之	기증(donate)	97	94%	title	
P04439	酬寄李正郞實之 其二	기증(donate)	85	94%	title	
P04440	酬寄李正郞實之 附元韻	애상(sympathy)	41	27%	term	차운(제목 donate 무시)
P04441	酬寄李正郞實之 附元韻 其二	애상(sympathy)	41	27%	term	차운(제목 donate 무시)
P04442	古豐山館。次板上韻。	계절(season)	40	27%	term	
P04443	新春書感	애상(sympathy)	50	38%	term	
P04444	思歸曲。題鍾城行營評事廳壁。十首。	애상(sympathy)	58	38%	title, term	
P04445	思歸曲。題鍾城行營評事廳壁。十首。 其二	송별(farewell)	59	38%	title, term	
P04446	思歸曲。題鍾城行營評事廳壁。十首。 其三	송별(farewell)	60	52%	title	
P04447	思歸曲。題鍾城行營評事廳壁。十首。 其四	송별(farewell)	60	52%	title	
P04448	思歸曲。題鍾城行營評事廳壁。十首。 其五	송별(farewell)	57	38%	title	
P04449	思歸曲。題鍾城行營評事廳壁。十首。 其六	송별(farewell)	60	52%	title	
P04450	思歸曲。題鍾城行營評事廳壁。十首。 其七	송별(farewell)	60	52%	title	
P04451	思歸曲。題鍾城行營評事廳壁。十首。 其八	송별(farewell)	63	52%	title, term	
P04452	思歸曲。題鍾城行營評事廳壁。十首。 其九	송별(farewell)	63	52%	title, term	
P04453	思歸曲。題鍾城行營評事廳壁。十首。 其十	송별(farewell)	57	38%	title	
P04454	得家書	변새(frontier)	65	52%	term	
P04455	寄家書	기증(donate)	88	94%	title	
P04456	寄家書 其二	기증(donate)	96	94%	title	
P04457	元帥臺 臺在鏡城府南海上	건물(structure)	63	52%	title	
P04458	鏡城府評事衙後。有萬庭可一畝許。余於春日。乃命官僮。左植松一株。右栽杜鵑花十餘本。子曰。歲寒然後知松柏之後凋也。故取以礪余臨事變不易之操。杜鵑。古蜀帝魂也。唐詩云。聲聲啼血染花枝。故曰杜鵑花。託以伸余尊君戀闕之意。繼此而來者。有與余同趣。則其封培之。	건물(structure)	51	38%	title	
P04459	鏡城府評事衙後。有萬庭可一畝許。余於春日。乃命官僮。左植松一株。右栽杜鵑花十餘本。子曰。歲寒然後知松柏之後凋也。故取以礪余臨事變不易之操。杜鵑。古蜀帝魂也。唐詩云。聲聲啼血染花枝。故曰杜鵑花。託以伸余尊君戀闕之意。繼此而來者。有與余同趣。則其封培之。 其二	계절(season)	61	52%	title, term	
P04460	夢江南	한적(tranquility)	41	27%	term	
P04461	塞上曲	변새(frontier)	38	14%	term	악부/제영(확신↓)
P04462	次權汝章見寄韻	애상(sympathy)	38	14%	term	차운(제목 donate 무시)
P04463	次權汝章見寄韻 附元韻	애상(sympathy)	37	14%	term	차운(제목 donate 무시)
P04464	秦京夢二章	한적(tranquility)	39	14%	term	
P04465	秦京夢二章	한적(tranquility)	43	27%	term	
P04466	望長安四章	천문(astro)	34	14%	term	
P04467	望長安四章 其二	한적(tranquility)	45	27%	term	
P04468	望長安四章 其三	천문(astro)	29	16%	term	
P04469	望長安四章 其四	강해(water)	39	14%	term	
P04470	三月三日。悄悄獨坐。不得飮一杯酒。	애상(sympathy)	43	27%	term	
P04471	客裏逢佳節。四首。三月三日作	송별(farewell)	57	38%	title, term	
P04472	客裏逢佳節。四首。三月三日作 其二	송별(farewell)	58	38%	title, term	
P04473	客裏逢佳節。四首。三月三日作 其三	애상(sympathy)	42	27%	term	
P04474	客裏逢佳節。四首。三月三日作 其四	애상(sympathy)	46	27%	term	
P04475	幕府書懷	회고(reminiscence)	60	52%	title	
P04476	庚子三月二十一日。發鏡城還京。	유람(travel)	76	82%	title	
P04477	三月三十日癸酉。題吉州館。去年九月三十日丙子。亦留于此。故書以志感。	도화(picture)	61	52%	title	
P04478	黃土洞途中	유람(travel)	93	94%	title	
P04479	題雲住寺	불교(buddhism)	55	38%	title, term	
P04480	山行卽景	한적(tranquility)	43	27%	term	
P04481	門巖嶺 僧言。茲山山神最靈。不喜俗人。故遊人到此。少逢淸霽。必霧雨作祟。	불교(buddhism)	65	52%	title, term	
P04482	下馬臺	건물(structure)	56	38%	title	
P04483	金剛窟	애상(sympathy)	56	38%	term	
P04484	會象臺	변새(frontier)	45	27%	term	
P04485	寺巖	불교(buddhism)	64	52%	title, term	
P04486	開心臺	건물(structure)	61	52%	title	
P04487	還過歡喜嶺。小憩溪上。	유람(travel)	72	82%	title	
P04488	自歡喜抵門巖。兩嶺之間。水石甚佳。有與心會。輒下馬逍遙。久之乃去。絶句二首。	유람(travel)	66	52%	title, term	
P04489	自歡喜抵門巖。兩嶺之間。水石甚佳。有與心會。輒下馬逍遙。久之乃去。絶句二首。 其二	유람(travel)	74	82%	title, term	
P04490	雄城館。留別尹德耀。行到嶺東館。走筆回寄。二首。	송별(farewell)	65	52%	title, term	
P04491	雄城館。留別尹德耀。行到嶺東館。走筆回寄。二首。 其二	송별(farewell)	65	52%	title	
P04492	磨谷館。代人戲贈。	기증(donate)	97	94%	title	
P04493	福州館。戲書二首。	애상(sympathy)	44	27%	term	
P04494	福州館。戲書二首。 其二	애상(sympathy)	39	14%	term	
P04495	承聞李節度使乃於庚子四月十五日。躬率戎士。直擣賊窟。問罪老土。口號近體一首。老土。乃富寧藩胡酋名也。	변새(frontier)	45	27%	term	
P04496	無題。代人寄遠。	기증(donate)	77	82%	title	
P04497	戲題高山館	도화(picture)	59	38%	title	
P04498	慕華館。示送行諸君子。四月二十八日。乙未	송별(farewell)	90	94%	title, term	
P04499	坡州馬山驛作	애상(sympathy)	44	27%	term	
P04500	五月五日黃州道中	유람(travel)	61	52%	title, term	
P04501	重午行	유람(travel)	58	38%	title, term	악부/제영(확신↓)
P04502	行到中和。簡徐施伯 景雨，李尙古 景稷 兩進士。時俱在平壤。	유람(travel)	73	82%	title, term	
P04503	平壤館。讀容齋先生集朝天，東槎等錄。有感而書。	애상(sympathy)	64	52%	title, term	
P04504	平壤月夜。酬贈西潭李達學官。	기증(donate)	97	94%	title	
P04505	安州牧使崔令公 瓘 邀餞百祥樓。二首。	건물(structure)	60	52%	title	
P04506	安州牧使崔令公 瓘 邀餞百祥樓。二首。 其二	애상(sympathy)	42	27%	term	
P04507	五月十六日。書于郭山。是日乃慈氏壽辰也。	애상(sympathy)	40	27%	term	
P04508	題義州館 五月二十一日。到義州。留十日。	유람(travel)	60	52%	title	
P04509	龍灣館。雨中述懷。題小屛上。	애상(sympathy)	63	52%	title, term	
P04510	龍灣館。雨中述懷。題小屛上。 其二	애상(sympathy)	67	52%	title, term	
P04511	次韻贈洪通判宜老 君名有義。南陽人。少能文。己丑榜生員。及遭世亂。慷慨投筆。癸巳冬。中武第。今爲義州府判官。	산악(mountain)	51	38%	title	차운(제목 donate 무시)
P04512	書容齋公集朝天錄後 錄中有贈東關劉秀才鐸詩	기증(donate)	97	94%	title	
P04513	奉次洪學長 春壽 贈別詩韻	송별(farewell)	68	52%	title	차운(제목 donate 무시)
P04514	奉次洪學長 春壽 贈別詩韻 其二	송별(farewell)	82	94%	title, term	차운(제목 donate 무시)
P04515	奉次洪學長 春壽 贈別詩韻 其三	송별(farewell)	75	82%	title	차운(제목 donate 무시)
P04516	奉次洪學長 春壽 贈別詩韻 其四	송별(farewell)	90	94%	title	차운(제목 donate 무시)
P04517	登統軍亭	건물(structure)	91	94%	title	
P04518	登統軍亭 其二	건물(structure)	92	94%	title	
P04519	翼朝。當渡江西行。洪通判夜持酒來餞。	유람(travel)	66	52%	title	
P04520	六月初二日戊辰。渡鴨綠江。	애상(sympathy)	54	38%	term	
P04521	鴨綠江舟中。聞冬至使書狀官睦禹卿 長欽 司書已到所串館。停船以待。良久不至。書此留贈。	기증(donate)	94	94%	title	
P04522	渡江歌 五首	유람(travel)	56	38%	title	
P04523	渡江歌 五首 其二	유람(travel)	59	38%	title	
P04524	渡江歌 五首 其三	유람(travel)	70	82%	title	
P04525	渡江歌 五首 其四	유람(travel)	56	38%	title	
P04526	渡江歌 五首 其五	유람(travel)	68	52%	title, term	
P04527	渡鴨綠江。宿磨兒谷。書寄漢陽諸君子。	기증(donate)	65	52%	title	
P04528	渡鴨綠江。宿磨兒谷。書寄漢陽諸君子。 其二	기증(donate)	65	52%	title	
P04529	六月初三日。湯站道中。馬上困睡。夢見家中諸兄。是日。午憩二渡河。夕次乾河。	유람(travel)	68	52%	title, term	
P04530	六月初四日。長嶺道上。回望鳳凰山。	애상(sympathy)	53	38%	term	
P04531	甕北河路傍柳陰。下馬小憩。是日。宿蛇梢河。	유람(travel)	95	94%	title	
P04532	六月初五日。早發蛇梢河。暮次連山關。	유람(travel)	87	94%	title	
P04533	鎭夷堡路中 卽通遠堡	유람(travel)	60	52%	title	
P04534	分水嶺 嶺前水。皆東注下于義州城外。嶺後水則西注。不得流出鴨江。	산악(mountain)	51	38%	title	
P04535	分水嶺 嶺前水。皆東注下于義州城外。嶺後水則西注。不得流出鴨江。 其二	애상(sympathy)	58	38%	term	
P04536	東自湯站。西至分水嶺。山川縈紆。原野平曠。里落相望。民皆樂業。頗有田園之趣。不比邊塞之地。	유람(travel)	58	38%	title	
P04537	東自湯站。西至分水嶺。山川縈紆。原野平曠。里落相望。民皆樂業。頗有田園之趣。不比邊塞之地。 其二	애상(sympathy)	43	27%	term	
P04538	六月初六日雨。朝發連山關。夕次狼子山。	유람(travel)	83	94%	title	
P04539	高嶺	송별(farewell)	40	27%	term	
P04540	靑石洞中得硯材。寄贈義州洪通判。	기증(donate)	97	94%	title	
P04541	靑石洞中得硯材。寄贈義州洪通判。 其二	기증(donate)	97	94%	title	
P04542	狼子山道中	유람(travel)	61	52%	title	
P04543	六月初七日。入遼東懷遠館。紀行述懷。近體三首。團練使之歸。寄示漢陽諸君子。	기증(donate)	76	82%	title	
P04544	六月初七日。入遼東懷遠館。紀行述懷。近體三首。團練使之歸。寄示漢陽諸君子。 其二	기증(donate)	79	82%	title	
P04545	六月初七日。入遼東懷遠館。紀行述懷。近體三首。團練使之歸。寄示漢陽諸君子。 其三	기증(donate)	78	82%	title	
P04546	華表柱	애상(sympathy)	39	14%	term	
P04547	遼東歌	기타(others)	36	14%	term	악부/제영(확신↓)
P04548	留贈睦禹卿	기증(donate)	97	94%	title	
P04549	發遼東六月十二日作。留懷遠館五日。	유람(travel)	85	94%	title	
P04550	鞍山	애상(sympathy)	48	27%	term	
P04551	六月十二日。宿鞍山。	유람(travel)	87	94%	title	
P04552	六月十三日。夜夢伯兄氏。時爲高嶺僉使。是日。宿海州衛。	유람(travel)	84	94%	title	
P04553	六月十四日。大雷雨。留海州衛。	애상(sympathy)	42	27%	term	
P04554	六月十四日。朝雨夕晴。夜坐無聊。	애상(sympathy)	46	27%	term	
P04555	六月十五日。次牛家莊。卽東昌堡	건물(structure)	56	38%	title	
P04556	遼河行 自渡三叉河。至于廣寧。平原廣野。四望無際。莽莽然也。	애상(sympathy)	51	38%	term	
P04557	六月十六日。次沙嶺。卽西平堡	애상(sympathy)	22	16%	term	
P04558	六月十七日。次高平。卽鎭武堡	애상(sympathy)	47	27%	term	
P04559	思親曲 留高平作。六月十八日。	유람(travel)	43	27%	term	
P04560	廣寧行 寧遠伯李成樑時爲摠兵。六月十九日。入廣寧作。	변새(frontier)	47	27%	term	
P04561	六月二十日。留廣寧。出步城外。北望醫無閭山而作。此屈原遠遊賦所云於微閭。而周禮東北曰幽州。其山鎭曰醫無閭者。是也。	유람(travel)	69	52%	title	
P04562	六月二十一日。次閭陽驛。	유람(travel)	58	38%	title	
P04563	關王廟	회고(reminiscence)	38	14%	term	
P04564	六月二十二日。次十三山驛。	유람(travel)	60	52%	title, term	
P04565	六月二十三日。午憩大凌河所。夕次小凌河所。臨河小立。遇景興懷。率爾口號。情見于辭。	회고(reminiscence)	58	38%	title, term	
P04566	六月二十四日。次杏山驛。留一日。	유람(travel)	52	38%	title	
P04567	六月二十六日。發杏山。午憩塔山所。宿連山驛。二十七日。午憩寧遠衛。宿曹莊驛。二十八日。次東關驛。連日早發。冒熱而行。	유람(travel)	97	94%	title	
P04568	六月二十九日乙未。宿沙河驛。是日月晦	유람(travel)	80	94%	title	
P04569	六月二十九日乙未。宿沙河驛。是日月晦 其二	유람(travel)	88	94%	title	
P04570	沙河驛途中作。自沙河西至葉家墳狗兒河。最是㺚虜要衝之地。賊騎竊發。出沒無時。故行路之人。必走馬以過。	유람(travel)	92	94%	title, term	
P04571	七月初一日丙申。宿高嶺驛。	유람(travel)	79	82%	title	
P04572	七月初二日。次山海館外池上賞蓮。有懷沔川田莊。	한적(tranquility)	43	27%	term	
P04573	長城篇	변새(frontier)	40	27%	term	
P04574	山海關	산악(mountain)	60	52%	title	
P04575	山海關 其二	산악(mountain)	57	38%	title	
P04576	七月初三日。入山海關。	애상(sympathy)	56	38%	term	
P04577	奉贈趙雲野	기증(donate)	97	94%	title	
P04578	望海亭作	건물(structure)	81	94%	title	
P04579	望海亭作 其二	건물(structure)	93	94%	title	
P04580	七月初三日。宿山海關西館。初四日。次深河縣楡關驛。初五日。次撫寧縣蘆峯口驛。新月稍明。夕坐偶詠。	유람(travel)	92	94%	title, term	
P04581	七月初三日。宿山海關西館。初四日。次深河縣楡關驛。初五日。次撫寧縣蘆峯口驛。新月稍明。夕坐偶詠。 其二	유람(travel)	88	94%	title	
P04582	題萬柳莊	도화(picture)	56	38%	title	
P04583	題萬柳莊 其二	도화(picture)	56	38%	title	
P04584	書韓孺人節孝碑後	애상(sympathy)	36	14%	term	
P04585	書韓孺人節孝碑後 其二	불교(buddhism)	69	52%	term	
P04586	射虎石	변새(frontier)	50	38%	term	
P04587	七月初六日。入永平府。	변새(frontier)	53	38%	term	
P04588	謁夷齊廟	회고(reminiscence)	48	27%	term	
P04589	夷齊廟作	애상(sympathy)	38	14%	term	
P04590	夷齊廟作 其二	회고(reminiscence)	58	38%	term	
P04591	淸節祠五言長句 十四韻	한적(tranquility)	42	27%	term	
P04592	題夷齊廟	도화(picture)	67	52%	title	
P04593	七月初九日作。是日。乃生慈氏壽辰也。	애상(sympathy)	47	27%	term	
P04594	七月初九日。發榛子店。宿豐潤縣郭近山家	유람(travel)	97	94%	title	
P04595	次韻贈郭掾	산악(mountain)	23	16%	term	차운(제목 donate 무시)
P04596	七月初十日。午憩沙流河鋪。暮次玉田縣。	애상(sympathy)	53	38%	term	
P04597	七月十一日。午憩樂山店。宿薊州漁陽驛。	유람(travel)	88	94%	title, term	
P04598	漁陽歌 七月十二日。留漁陽作。	계절(season)	25	16%	term	
P04599	漁陽歌 七月十二日。留漁陽作。 其二	인물(person)	15	17%	term	
P04600	漁陽歌 七月十二日。留漁陽作。 其三	불교(buddhism)	44	27%	term	
P04601	漁陽歌 七月十二日。留漁陽作。 其四	인물(person)	17	17%	term	
P04602	七月十三日。午憩公樂店。夕次三河縣。	강해(water)	47	27%	term	
P04603	七月十四日。午憩柳河屯。夕入通州。	유람(travel)	64	52%	title, term	
P04604	七月十五日。留通州。乘夕登城門樓上。翫月而作。	건물(structure)	60	52%	title	
P04605	通州行 五首	유람(travel)	72	82%	title	
P04606	通州行 五首 其二	유람(travel)	58	38%	title	
P04607	通州行 五首 其三	유람(travel)	52	38%	title	
P04608	通州行 五首 其四	유람(travel)	58	38%	title	
P04609	通州行 五首 其五	유람(travel)	54	38%	title	
P04610	七月十六日。入北京。	유람(travel)	54	38%	title	
P04611	早朝大明宮 二首○七月二十日。詣闕行見朝禮作。	유람(travel)	56	38%	title	
P04612	早朝大明宮 二首○七月二十日。詣闕行見朝禮作。 其二	유람(travel)	57	38%	title	
P04613	朝天詞	계절(season)	42	27%	term	
P04614	我生歎。玉河館門禁甚嚴。人莫得出入。早秋苦熱。鬱鬱煩酷。戲書此自遣云。	유람(travel)	58	38%	title	
P04615	玉河館。病臥述懷。二首。	애상(sympathy)	67	52%	title, term	
P04616	玉河館。病臥述懷。二首。 其二	애상(sympathy)	65	52%	title	
P04617	玉河館外。通逵大道也。磨肩擊轂。日夜喧鬨。閭巷歌呼之聲。震於天地。	변새(frontier)	48	27%	term	
P04618	七月二十三日至二十五日。陰雨不絶。	천문(astro)	57	38%	title	
P04619	七月二十三日至二十五日。陰雨不絶。 其二	천문(astro)	54	38%	title	
P04620	思親曲 三首	식물(plant)	36	14%	term	
P04621	思親曲 三首 其二	변새(frontier)	56	38%	term	
P04622	思親曲 三首 其三	유람(travel)	39	14%	term	
P04623	八月初八日	애상(sympathy)	40	27%	term	
P04624	病臥書懷	회고(reminiscence)	58	38%	title, term	
P04625	夜臥無寐。口占詠懷。	회고(reminiscence)	51	38%	title	
P04626	對月獨坐。懷抱益惡。不能成寢。	회고(reminiscence)	56	38%	title	
P04627	八月十五日夜。不見月。	한적(tranquility)	48	27%	term	
P04628	八月十五日夜。不見月。 其二	천문(astro)	25	16%	term	
P04629	八月十六日夜。月色甚佳。	회고(reminiscence)	39	14%	term	
P04630	八月十七日。一行詣闕。參行聖節賀禮。禮畢。宣賜酒飯於闕庭。稽首謝恩而作。	유람(travel)	50	38%	title	
P04631	夜坐對月	애상(sympathy)	47	27%	term	
P04632	病臥呻吟。不得作詩者。殆十餘日。	유람(travel)	43	27%	term	
P04633	病中寫懷	애상(sympathy)	55	38%	title	
P04634	八月二十六日。早朝詣闕。祗受欽賜綵段衣服等物。	애상(sympathy)	56	38%	term	
P04635	奉贈琉球國使臣蔡長史 奎	기증(donate)	97	94%	title	
P04636	書示睦禹卿書狀	회고(reminiscence)	45	27%	term	
P04637	記夢	애상(sympathy)	46	27%	term	
P04638	九月初一日乙未。書于玉河館。	애상(sympathy)	50	38%	term	
P04639	玉河館留別睦禹卿	송별(farewell)	83	94%	title, term	
P04640	玉河館重贈睦禹卿	기증(donate)	97	94%	title	
P04641	次韻睦禹卿贈別之什 二首	송별(farewell)	69	52%	title, term	차운(제목 donate 무시)
P04642	次韻睦禹卿贈別之什 二首 其二	송별(farewell)	72	82%	title, term	차운(제목 donate 무시)
P04643	九月初二日。詣闕辭朝。發玉河館。次通州。七月十六日到館。留凡四十有五日也。	유람(travel)	91	94%	title	
P04644	九月初三日。書于通州。	애상(sympathy)	46	27%	term	
P04645	曉發通州	유람(travel)	88	94%	title	
P04646	九月初四日。宿三河驛。夜坐聞雨。	유람(travel)	85	94%	title	
P04647	薊州道中	유람(travel)	67	52%	title	
P04648	九月初五日。宿薊州。夜雨。	유람(travel)	77	82%	title	
P04649	九月初六日。次玉田。	애상(sympathy)	47	27%	term	
P04650	九月九日。題沙河驛閑人劉九思家。	유람(travel)	56	38%	title, term	
P04651	九月九日。題沙河驛閑人劉九思家。 其二	도화(picture)	53	38%	title	
P04652	九月初十日作 時因夫馬不齊。留沙河驛二日。	애상(sympathy)	51	38%	term	
P04653	永平府道中	유람(travel)	60	52%	title	
P04654	永平府道中 其二	유람(travel)	55	38%	title	
P04655	九月十一日。宿永平府。	유람(travel)	84	94%	title	
P04656	九月十二日。宿撫寧縣秀才王國定家。夢還王京。	유람(travel)	88	94%	title, term	
P04657	九月十二日。宿撫寧縣秀才王國定家。夢還王京。 其二	유람(travel)	89	94%	title	
P04658	九月十三日。次山海關內。	애상(sympathy)	45	27%	term	
P04659	書贈趙雲野五言長句 十五韻	기증(donate)	97	94%	title	
P04660	九月十五日。留山海關趙雲野家。夜坐述懷。題于壁上。	애상(sympathy)	56	38%	title	
P04661	重贈趙雲野先生	기증(donate)	97	94%	title	
P04662	九月十六日。出山海關。次高嶺。	애상(sympathy)	44	27%	term	
P04663	高嶺主人家。菊花盛開。月下獨坐。有懷寬甫，持世，汝章諸君子。	변새(frontier)	46	27%	term	
P04664	月夜登高嶺城樓	건물(structure)	56	38%	title	
P04665	九月十七日。宿沙河驛。是夕雨作。	유람(travel)	85	94%	title	
P04666	九月十八日。次沙河所。	변새(frontier)	43	27%	term	
P04667	九月十九日。發沙河所。次寧遠衛。	유람(travel)	87	94%	title	
P04668	寧遠衛途中。遇大風。	유람(travel)	97	94%	title, term	
P04669	九月二十日。宿連山。	유람(travel)	83	94%	title	
P04670	九月二十一日。次杏山。對菊有感。	애상(sympathy)	57	38%	title, term	
P04671	九月二十二日。宿大凌河。夜雨。	유람(travel)	75	82%	title	
P04672	十三山道中	유람(travel)	60	52%	title	
P04673	九月二十三日。宿閭陽。	유람(travel)	78	82%	title, term	
P04674	九月二十四日。次廣寧。	애상(sympathy)	42	27%	term	
P04675	九月二十六日。次盤山。	애상(sympathy)	49	27%	term	
P04676	高平道中	유람(travel)	62	52%	title	
P04677	九月二十七日。宿沙嶺。	유람(travel)	83	94%	title, term	
P04678	九月二十八日。宿牛家莊。是夜。大雷電雨雪。	유람(travel)	71	82%	title	
P04679	九月二十九日。大風且雪。海州衛道中作。	천문(astro)	55	38%	title	
P04680	九月二十九日。大風且雪。海州衛道中作。 其二	천문(astro)	58	38%	title	
P04681	題海州衛驛店壁上	도화(picture)	54	38%	title	
P04682	九月三十日。次鞍山。	변새(frontier)	56	38%	term	
P04683	十月初一日乙丑。還到遼東	애상(sympathy)	44	27%	term	
P04684	遼東懷遠館。奉呈冬至使西坰柳尙書。	기증(donate)	92	94%	title	
P04685	西坰相公辱賜和敎。至再至三。盥手圭復。感竦無涯。謹用元韻。敢申微志。以資一粲。	송별(farewell)	48	27%	term	
P04686	西坰相公辱賜和敎。至再至三。盥手圭復。感竦無涯。謹用元韻。敢申微志。以資一粲。 其二	애상(sympathy)	47	27%	term	
P04687	西坰相公辱賜和敎。至再至三。盥手圭復。感竦無涯。謹用元韻。敢申微志。以資一粲。 其三	한적(tranquility)	44	27%	term	
P04688	西坰相公辱賜和敎。至再至三。盥手圭復。感竦無涯。謹用元韻。敢申微志。以資一粲。 其四	천문(astro)	32	14%	term	
P04689	西坰相公辱賜和敎。至再至三。盥手圭復。感竦無涯。謹用元韻。敢申微志。以資一粲。 其五	애상(sympathy)	42	27%	term	
P04690	西坰相公辱賜和敎。至再至三。盥手圭復。感竦無涯。謹用元韻。敢申微志。以資一粲。 其六	애상(sympathy)	53	38%	term	
P04691	奉酬冬至使書狀官李士薰校理。用前韻。	송별(farewell)	44	27%	term	
P04692	靑石嶺	변새(frontier)	38	14%	term	
P04693	高嶺	애상(sympathy)	52	38%	term	
P04694	十月初六日。宿下高嶺。	유람(travel)	84	94%	title	
P04695	連山關道中	유람(travel)	59	38%	title	
P04696	連山關道中 其二	유람(travel)	62	52%	title	
P04697	十月初七日。次通遠堡西村。晩步溪上。	애상(sympathy)	49	27%	term	
P04698	十月初八日。宿伯顏洞。行到牛家莊。雨雪大作。比至遼東。天氣嚴沍。自過分水嶺。風日姸和。山川秀麗。如入一別區也。	유람(travel)	66	52%	title	
P04699	湯站道中	유람(travel)	63	52%	title	
P04700	十月初九日。宿細川。	유람(travel)	84	94%	title, term	
P04701	十月初九日。宿細川。 其二	유람(travel)	82	94%	title	
P04702	十月初九日。宿細川。 其三	유람(travel)	89	94%	title, term	
P04703	十月初十日。還渡鴨綠江。書于舟中。	유람(travel)	62	52%	title, term	
P04704	辛丑十一月十八日。宿坡山。奉次遠接使月沙李相公韻。	유람(travel)	81	94%	title, term	
P04705	辛丑十一月十八日。宿坡山。奉次遠接使月沙李相公韻。 其二	유람(travel)	88	94%	title, term	
P04706	過臨津。次使相韻。	유람(travel)	70	82%	title	
P04707	安城館。次使相韻。	애상(sympathy)	49	27%	term	
P04708	洞仙館。次從事官鶴谷洪輝世韻。	애상(sympathy)	45	27%	term	
P04709	洞仙館。復用坡山韻。	애상(sympathy)	58	38%	term	
P04710	次從事官南郭朴說之贈黃州牧使尹存中韻。	기증(donate)	97	94%	title	
P04711	冬至前一日。中和途中。記事口號。	유람(travel)	97	94%	title, term	
P04712	次都司迎慰使芝峯李潤卿令公平壤淸華館韻	애상(sympathy)	46	27%	term	
P04713	次芝峯李令公寄贈韻	애상(sympathy)	42	27%	term	차운(제목 donate 무시)
P04714	十二月初一日。謹呈使相案下。	기증(donate)	97	94%	title	
P04715	次芝峯韻	변새(frontier)	49	27%	term	
P04716	次東皐崔令公 岦 立之韻	유람(travel)	52	38%	term	
P04717	次義州延慰使五峯李相公韻	산악(mountain)	53	38%	title	
P04718	百祥樓。次製述官石洲權汝章韻。	건물(structure)	59	38%	title	
P04719	上齊山亭。次使相寄示韻。	건물(structure)	76	82%	title	차운(제목 donate 무시)
P04720	納淸亭。次使相韻。	건물(structure)	80	94%	title	
P04721	新安館。次使相韻。	유람(travel)	78	82%	title	
P04722	留新安館。次使相韻。	유람(travel)	56	38%	title	
P04723	次權汝章有懷李實之韻	회고(reminiscence)	89	94%	title, term	
P04724	宣川館。次使相韻。	천문(astro)	34	14%	term	
P04725	次使相用宣川東軒壁上韻	건물(structure)	56	38%	title	
P04726	次使相用宣川東軒壁上韻 其二	애상(sympathy)	45	27%	term	
P04727	次權汝章韻	애상(sympathy)	63	52%	term	
P04728	龍灣館。次車復元韻。	애상(sympathy)	49	27%	term	
P04729	十二月十六日。集東臺。仍作雪馬之遊。次使相韻。	유람(travel)	59	38%	title	
P04730	使相再用前韻。爲七言長句。遂依次。	변새(frontier)	47	27%	term	
P04731	次使相夜坐口占 十絶	애상(sympathy)	73	82%	term	
P04732	次使相夜坐口占 十絶 其二	애상(sympathy)	57	38%	term	
P04733	次使相夜坐口占 十絶 其三	유람(travel)	55	38%	term	
P04734	次使相夜坐口占 十絶 其四	회고(reminiscence)	39	14%	term	
P04735	次使相夜坐口占 十絶 其五	애상(sympathy)	59	38%	term	
P04736	次使相夜坐口占 十絶 其六	애상(sympathy)	53	38%	term	
P04737	次使相夜坐口占 十絶 其七	애상(sympathy)	54	38%	term	
P04738	次使相夜坐口占 十絶 其八	회고(reminiscence)	43	27%	term	
P04739	次使相夜坐口占 十絶 其九	한적(tranquility)	46	27%	term	
P04740	次使相夜坐口占 十絶 其十	한적(tranquility)	63	52%	term	
P04741	次使相韻	한적(tranquility)	39	14%	term	
P04742	次使相韻 其二	산악(mountain)	36	14%	term	
P04743	臘月二十七日。夜坐無聊。錄懷奉呈。	기증(donate)	96	94%	title	
P04744	再用前韻	애상(sympathy)	54	38%	term	
P04745	次使相韻。奉呈五峯李相公。	애상(sympathy)	49	27%	term	차운(제목 donate 무시)
P04746	除夕。以殘雪夜異鄕人分韻。得夜字。	천문(astro)	55	38%	title	
P04747	聯句	애상(sympathy)	42	27%	term	
P04748	次使相正月三日大雪二絶	천문(astro)	80	94%	title	
P04749	次使相正月三日大雪二絶 其二	천문(astro)	63	52%	title	
P04750	正月初五日。孤坐無聊。率爾書懷。錄呈求敎。	기증(donate)	89	94%	title	
P04751	人日晴。戲書以志。	천문(astro)	35	14%	term	
P04752	次使相韻	인물(person)	36	14%	term	
P04753	次使相韻 其二	애상(sympathy)	40	27%	term	
P04754	次使相韻。題默上人詩卷。	도화(picture)	61	52%	title	
P04755	次使相韻。題默上人詩卷。 其二	도화(picture)	59	38%	title	
P04756	政上人詩軸。次使相韻。	불교(buddhism)	60	52%	title	
P04757	次使相贈奏請使趙同知 挺 韻。時奉誥命冕服而來。	기증(donate)	97	94%	title	
P04758	次五峯相公寄示韻	변새(frontier)	48	27%	term	차운(제목 donate 무시)
P04759	次五峯相公寄示韻 其二	애상(sympathy)	24	16%	term	차운(제목 donate 무시)
P04760	正月十四夜。聞使相乘月獨上統軍亭。車祕書先賦一律。遂次其韻。	건물(structure)	93	94%	title	
P04761	月夜。登統軍亭。次使相韻。	건물(structure)	87	94%	title	
P04762	月夜。登統軍亭。次使相韻。 其二	건물(structure)	77	82%	title	
P04763	次五峯相公寄贈韻 公嘗在宣城。詩以報期。要趁上元來會龍灣矣。聞槎音尙遠。不克赴約。	유람(travel)	51	38%	title	차운(제목 donate 무시)
P04764	正上人詩卷。次西坰韻。	한적(tranquility)	41	27%	term	
P04765	次使相詠軸上畫。贈連上人韻。	기증(donate)	97	94%	title	
P04766	次使相詠軸上畫。贈連上人韻。 其二	기증(donate)	97	94%	title	
P04767	次五峯相公寄贈韻	애상(sympathy)	42	27%	term	차운(제목 donate 무시)
P04768	次製述官南窓金餘慶韻。送接伴官李相禮 瑗伯玉 還朝。	송별(farewell)	94	94%	title	
P04769	次使相韻。贈別李伯玉。	송별(farewell)	71	82%	title, term	차운(제목 donate 무시)
P04770	正月二十八日。冬至使先來通事李景恭來言。詔使因燈節放暇。不得辭朝。計於今日始爲起程云。戲書以志。	애상(sympathy)	43	27%	term	
P04771	次使相韻。題鑑上人詩卷韻。	도화(picture)	54	38%	title	
P04772	奉送進賀使成判書 泳 赴燕京	송별(farewell)	91	94%	title, term	
P04773	奉送東宮進賀使朴參判赴燕京	송별(farewell)	90	94%	title	
P04774	奉送書狀官趙佐郞 誠立 赴燕京	송별(farewell)	92	94%	title, term	
P04775	奉送書狀官趙佐郞 誠立 赴燕京 其二	송별(farewell)	90	94%	title, term	
P04776	次東皐崔令公韻。贈權汝章。	유람(travel)	39	14%	term	차운(제목 donate 무시)
P04777	次東皐崔令公韻。贈權汝章。 其二	회고(reminiscence)	39	14%	term	차운(제목 donate 무시)
P04778	次五峯相公韻。題贈珠上人。	도화(picture)	53	38%	title	차운(제목 donate 무시)
P04779	奉贈韓石峯二十四韻。	기증(donate)	97	94%	title	
P04780	次思庵朴相國韻。贈楊萬古。楊蓬萊士彥之子	애상(sympathy)	62	52%	term	차운(제목 donate 무시)
P04781	次思庵朴相國韻。贈楊萬古。楊蓬萊士彥之子 其二	인물(person)	49	27%	term	차운(제목 donate 무시)
P04782	次思庵朴相國韻。贈楊萬古。楊蓬萊士彥之子 其三	변새(frontier)	41	27%	term	차운(제목 donate 무시)
P04783	次金餘慶韻	애상(sympathy)	41	27%	term	
P04784	次權汝章韻	계절(season)	38	14%	term	
P04785	次權汝章韻 其二	한적(tranquility)	46	27%	term	
P04786	次權汝章韻 其三	강해(water)	45	27%	term	
P04787	次權汝章韻 其四	유람(travel)	41	27%	term	
P04788	次使相韻。贈義州通判。君姓洪。名有義。字宜老。南陽人。以己丑榜生員。中癸巳武科。	변새(frontier)	41	27%	term	차운(제목 donate 무시)
P04789	爲五峯相公。題尹晴詩卷。美人三疊	한적(tranquility)	42	27%	term	
P04790	次權汝章韻	애상(sympathy)	41	27%	term	
P04791	次權汝章韻	한적(tranquility)	42	27%	term	
P04792	二月十六日。遼東探聽通事朴義男報至。知詔使已於今月初六日。離發北京。時使相以病狀辭。	유람(travel)	91	94%	title, term	
P04793	二月二十日曉夢說之。朝起書至。率題寄謝。君以一路檢飭。前月廿二日。發向海西。行到平山。辭病不來。	유람(travel)	64	52%	title	
P04794	別離篇。奉送。月沙李相公。	송별(farewell)	89	94%	title, term	
P04795	龍灣館。奉次遠接使五峯相公韻。	한적(tranquility)	43	27%	term	
P04796	龍灣館。奉次遠接使五峯相公韻。 其二	송별(farewell)	43	27%	term	
P04797	次使相韻	애상(sympathy)	49	27%	term	
P04798	次使相韻。題大同權察訪 盼 詩卷。	도화(picture)	64	52%	title	
P04799	寒食日。次使相韻。	계절(season)	51	38%	title	
P04800	次使相韻。效輿地志體。	기타(others)	52	38%	title	
P04801	次使相韻	애상(sympathy)	48	27%	term	
P04802	三月三日。劍水途中口號。	유람(travel)	93	94%	title, term	
P04803	次同行韻 八絶	유람(travel)	56	38%	title	
P04804	次同行韻 八絶 其二	송별(farewell)	41	27%	term	
P04805	次同行韻 八絶 其三	한적(tranquility)	47	27%	term	
P04806	次同行韻 八絶 其四	유람(travel)	56	38%	title	
P04807	次同行韻 八絶 其五	유람(travel)	59	38%	title	
P04808	次同行韻 八絶 其六	유람(travel)	58	38%	title	
P04809	次同行韻 八絶 其七	유람(travel)	59	38%	title	
P04810	次同行韻 八絶 其八	유람(travel)	57	38%	title, term	
P04811	次使相韻。贈別龜城安府使。	송별(farewell)	71	82%	title, term	차운(제목 donate 무시)
P04812	新安館。次同行韻八絶。	유람(travel)	63	52%	title	
P04813	新安館。次同行韻八絶。 其二	유람(travel)	69	52%	title	
P04814	新安館。次同行韻八絶。 其三	유람(travel)	69	52%	title	
P04815	新安館。次同行韻八絶。 其四	유람(travel)	68	52%	title	
P04816	新安館。次同行韻八絶。 其五	유람(travel)	79	82%	title	
P04817	新安館。次同行韻八絶。 其六	유람(travel)	59	38%	title	
P04818	新安館。次同行韻八絶。 其七	유람(travel)	73	82%	title, term	
P04819	新安館。次同行韻八絶。 其八	유람(travel)	60	52%	title	
P04820	百祥樓。次使相韻。	건물(structure)	54	38%	title	
P04821	百祥樓卽席。次權汝章韻。	건물(structure)	60	52%	title, term	
P04822	百祥樓。次使相感懷韻。	건물(structure)	56	38%	title	
P04823	次權汝章韻。贈卞獻。獻少爲浮屠。比長髮還俗。	불교(buddhism)	45	27%	term	차운(제목 donate 무시)
P04824	百祥樓月夜口占	한적(tranquility)	43	27%	term	
P04825	肅寧館。贈別謝恩使鄭參判 賜湖 赴燕京。	송별(farewell)	74	82%	title, term	제목보정
P04826	用汝章韻。贈別尹正郞 安國 以謝恩使書狀官赴燕京。	송별(farewell)	79	82%	title, term	차운(제목 donate 무시)
P04827	次浿江別三絶韻 爲使相作	송별(farewell)	67	52%	title	
P04828	次浿江別三絶韻 爲使相作 其二	송별(farewell)	66	52%	title	
P04829	次浿江別三絶韻 爲使相作 其三	송별(farewell)	67	52%	title, term	
P04830	仁上人詩軸。次使相韻。	불교(buddhism)	65	52%	title	
P04831	仁上人詩軸。次使相韻。 其二	송별(farewell)	46	27%	term	
P04832	次崔天使登百祥樓韻 代遠接使作	건물(structure)	64	52%	title	
P04833	次崔天使和車輦館盤松韻	건물(structure)	67	52%	title	
P04834	次顧天使平壤行韻	변새(frontier)	55	38%	term	
P04835	奉別顧天使	송별(farewell)	97	94%	title	
P04836	奉別顧天使 其二	송별(farewell)	97	94%	title	
P04837	奉別崔天使	송별(farewell)	97	94%	title	
P04838	奉別崔天使 其二	송별(farewell)	94	94%	title, term	
P04839	渡漢江作	강해(water)	61	52%	title	
P04840	龍仁途中	유람(travel)	92	94%	title	
P04841	早行	유람(travel)	54	38%	title	악부/제영(확신↓)
P04842	竹山館	애상(sympathy)	43	27%	term	
P04843	入忠州	유람(travel)	52	38%	title	
P04844	留忠州館。雨夜書感。	천문(astro)	64	52%	title	
P04845	奉簡淸風宋明宰 英耇 仁叟	천문(astro)	59	38%	title	
P04846	奉簡淸風宋明宰 英耇 仁叟 其二	천문(astro)	55	38%	title	
P04847	宋明宰報書至。旬月間。喪二女兒。輒成長句。奉寄以慰。	기증(donate)	97	94%	title	
P04848	凝淸閣夜坐。次板上韻。	한적(tranquility)	45	27%	term	
P04849	凝淸閣夜坐。次板上韻。 其二	송별(farewell)	44	27%	term	
P04850	寒碧樓。中秋翫月。有感記懷。	애상(sympathy)	69	52%	title, term	
P04851	寒碧樓。次壁上韻。奉呈宋明宰。求和敎。	유람(travel)	43	27%	term	차운(제목 donate 무시)
P04852	凝淸閣。敬次退溪先生韻。閣乃先生所命名。取韋蘇州詩燕寢凝淸香之句也。公因用蘇州韻。爲詩以志。詩板今在楣上。	한적(tranquility)	40	27%	term	
P04853	遊島潭	유람(travel)	66	52%	title, term	
P04854	降仙臺下作	건물(structure)	72	82%	title, term	
P04855	遊龜潭	유람(travel)	71	82%	title	
P04856	自島潭放舟。乘流而下。過龜潭。日已夕矣。煙樹間忽有笛聲。乃宋使君載酒來候也。	유람(travel)	81	94%	title	
P04857	舟中卽事 二首	강해(water)	60	52%	title	
P04858	舟中卽事 二首 其二	강해(water)	60	52%	title	
P04859	舟中卽事絶句五首	강해(water)	60	52%	title	
P04860	舟中卽事絶句五首 其二	강해(water)	60	52%	title	
P04861	舟中卽事絶句五首 其三	강해(water)	60	52%	title	
P04862	舟中卽事絶句五首 其四	강해(water)	63	52%	title, term	
P04863	舟中卽事絶句五首 其五	강해(water)	60	52%	title	
P04864	寒碧樓下。乘舟而行。沿江出峽。淸境依然。懷不自已。詩以志之。	유람(travel)	59	38%	title	
P04865	舟行過皇恐灘。到黃江。却寄宋使君。	기증(donate)	69	52%	title	
P04866	自忠州金串渡。乘船而下。到廣津上岸。船中記興四首。	유람(travel)	78	82%	title	
P04867	自忠州金串渡。乘船而下。到廣津上岸。船中記興四首。 其二	유람(travel)	79	82%	title	
P04868	自忠州金串渡。乘船而下。到廣津上岸。船中記興四首。 其三	유람(travel)	79	82%	title	
P04869	自忠州金串渡。乘船而下。到廣津上岸。船中記興四首。 其四	유람(travel)	78	82%	title	
P04870	舟行漫成絶句十七首	유람(travel)	53	38%	title	
P04871	舟行漫成絶句十七首 其二	강해(water)	50	38%	title	
P04872	舟行漫成絶句十七首 其三	애상(sympathy)	43	27%	term	
P04873	舟行漫成絶句十七首 其四	강해(water)	51	38%	title	
P04874	舟行漫成絶句十七首 其五	강해(water)	50	38%	title	
P04875	舟行漫成絶句十七首 其六	강해(water)	50	38%	title	
P04876	舟行漫成絶句十七首 其七	강해(water)	52	38%	title	
P04877	舟行漫成絶句十七首 其八	강해(water)	50	38%	title	
P04878	舟行漫成絶句十七首 其九	한적(tranquility)	41	27%	term	
P04879	舟行漫成絶句十七首 其十	유람(travel)	52	38%	title	
P04880	舟行漫成絶句十七首 其十一	강해(water)	57	38%	title, term	
P04881	舟行漫成絶句十七首 其十二	강해(water)	53	38%	title	
P04882	舟行漫成絶句十七首 其十三	강해(water)	52	38%	title, term	
P04883	舟行漫成絶句十七首 其十四	강해(water)	53	38%	title	
P04884	舟行漫成絶句十七首 其十五	유람(travel)	53	38%	title	
P04885	舟行漫成絶句十七首 其十六	강해(water)	50	38%	title	
P04886	舟行漫成絶句十七首 其十七	유람(travel)	53	38%	title	
P04887	船中讀挹翠軒集自忠州金灘乘舟還京紀行諸篇。有感而書。	유람(travel)	64	52%	title	
P04888	船中讀挹翠軒集自忠州金灘乘舟還京紀行諸篇。有感而書。 其二	유람(travel)	70	82%	title	
P04889	船中讀挹翠軒集自忠州金灘乘舟還京紀行諸篇。有感而書。 其三	유람(travel)	75	82%	title	
P04890	船中讀挹翠軒集自忠州金灘乘舟還京紀行諸篇。有感而書。 其四	유람(travel)	74	82%	title	
P04891	滄浪亭。次壁上韻。在忠州山溪	건물(structure)	77	82%	title	
P04892	滄浪亭。次壁上韻。在忠州山溪 其二	건물(structure)	83	94%	title	
P04893	禿浦訪南應敎子安 以恭 別業	송별(farewell)	93	94%	title	
P04894	過臺山故墅	유람(travel)	74	82%	title	
P04895	平山途中 時九月二十六日。雷雨大作。	유람(travel)	87	94%	title	
P04896	洞仙嶺	유람(travel)	63	52%	title, term	
P04897	九月三十日。入平壤府。	애상(sympathy)	48	27%	term	
P04898	江西館記事。絶句五首。	애상(sympathy)	50	38%	term	
P04899	江西館記事。絶句五首。 其二	회고(reminiscence)	61	52%	term	
P04900	江西館記事。絶句五首。 其三	회방(meet)	19	17%	term	
P04901	江西館記事。絶句五首。 其四	한적(tranquility)	47	27%	term	
P04902	江西館記事。絶句五首。 其五	애상(sympathy)	52	38%	term	
P04903	龍岡館記事。絶句四首。	유람(travel)	27	16%	term	
P04904	龍岡館記事。絶句四首。 其二	유람(travel)	39	14%	term	
P04905	龍岡館記事。絶句四首。 其三	한적(tranquility)	40	27%	term	
P04906	龍岡館記事。絶句四首。 其四	변새(frontier)	52	38%	term	
P04907	咸從縣作	회고(reminiscence)	49	27%	term	
P04908	咸從縣作 其二	인물(person)	58	38%	term	
P04909	咸從縣作 其三	애상(sympathy)	37	14%	term	
P04910	題永柔館	도화(picture)	60	52%	title	
P04911	百祥樓夜坐書懷。自春徂夏。三過于此。舒慘異時。氣像蕭索。東槎唱酬之盛。杳然若夢中事。臨風追想。其能不一嘅乎。	유람(travel)	64	52%	title	
P04912	夜渡澄心江。入泰川縣。	유람(travel)	62	52%	title, term	
P04913	題泰川館	도화(picture)	57	38%	title	
P04914	憶具大受	회고(reminiscence)	67	52%	title	
P04915	重題絶句 三首	도화(picture)	67	52%	title	
P04916	重題絶句 三首 其二	도화(picture)	88	94%	title	
P04917	重題絶句 三首 其三	애상(sympathy)	47	27%	term	
P04918	滄浪亭。次板上韻。	건물(structure)	95	94%	title	
P04919	滄浪亭。次板上韻。 其二	건물(structure)	93	94%	title	
P04920	古順川館。夜吟。	애상(sympathy)	65	52%	term	
P04921	題孟山館 三首	도화(picture)	59	38%	title	
P04922	題孟山館 三首 其二	도화(picture)	56	38%	title	
P04923	題孟山館 三首 其三	도화(picture)	57	38%	title	
P04924	今夕知何夕詞 幷敍	도교(taoism)	49	27%	term	
P04925	今夕知何夕詞 幷敍 其二	도교(taoism)	38	14%	term	
P04926	今夕知何夕詞 幷敍 其三	도교(taoism)	58	38%	term	
P04927	今夕知何夕詞 幷敍 其四	염정(desire)	39	14%	term	
P04928	孟山道上。寄上成川府伯許寒泉令公 潛。公時新作畫堂於巫山上巓。扁以霽月云。	기증(donate)	87	94%	title	
P04929	殷山澹澹亭。書贈洪明宰 霶 景望。	기증(donate)	89	94%	title	
P04930	殷山澹澹亭。書贈洪明宰 霶 景望。 其二	기증(donate)	89	94%	title	
P04931	降仙樓席上。敬贈許明府寒泉先生。	기증(donate)	97	94%	title	
P04932	戲題降仙樓絶句十二首	도화(picture)	56	38%	title	
P04933	戲題降仙樓絶句十二首 其二	도화(picture)	61	52%	title	
P04934	戲題降仙樓絶句十二首 其三	도화(picture)	61	52%	title	
P04935	戲題降仙樓絶句十二首 其四	도화(picture)	61	52%	title	
P04936	戲題降仙樓絶句十二首 其五	도화(picture)	61	52%	title	
P04937	戲題降仙樓絶句十二首 其六	도화(picture)	56	38%	title	
P04938	戲題降仙樓絶句十二首 其七	도화(picture)	61	52%	title	
P04939	戲題降仙樓絶句十二首 其八	한적(tranquility)	42	27%	term	
P04940	戲題降仙樓絶句十二首 其九	도화(picture)	59	38%	title	
P04941	戲題降仙樓絶句十二首 其十	도화(picture)	61	52%	title	
P04942	戲題降仙樓絶句十二首 其十一	애상(sympathy)	41	27%	term	
P04943	戲題降仙樓絶句十二首 其十二	도화(picture)	56	38%	title	
P04944	自朝天以來。未滿一稔。三作西行。浿右山川。登覽殆遍。且淸風寒碧與成川降仙。談者相甲乙。數月之內。驅馳於數千里之外。身世勞勞。良可慨然。而俛仰顧眄之間。得窮二樓風致。斯亦一奇事也。戲書以識之。	유람(travel)	67	52%	title	
P04945	自朝天以來。未滿一稔。三作西行。浿右山川。登覽殆遍。且淸風寒碧與成川降仙。談者相甲乙。數月之內。驅馳於數千里之外。身世勞勞。良可慨然。而俛仰顧眄之間。得窮二樓風致。斯亦一奇事也。戲書以識之。 其二	유람(travel)	66	52%	title	
P04946	自朝天以來。未滿一稔。三作西行。浿右山川。登覽殆遍。且淸風寒碧與成川降仙。談者相甲乙。數月之內。驅馳於數千里之外。身世勞勞。良可慨然。而俛仰顧眄之間。得窮二樓風致。斯亦一奇事也。戲書以識之。 其三	유람(travel)	67	52%	title	
P04947	曉發黃州。夜入龍泉館。馬上口占。	유람(travel)	79	82%	title	
P04948	聞劍水驛卒。朝爲虎所攬。時瑞興一境多虎災。車踰嶺之間。人不得通行。	유람(travel)	63	52%	title	
P04949	平山途中	유람(travel)	93	94%	title	
P04950	平山途中 其二	유람(travel)	93	94%	title	
P04951	猪灘途中	유람(travel)	95	94%	title	
P04952	猪灘途中 其二	유람(travel)	85	94%	title	
P04953	近來西路。使星絡繹。驛置凋弊。館舍一空。行到金郊。歇馬村廬。	유람(travel)	83	94%	title, term	
P04954	松都途中	유람(travel)	97	94%	title, term	
P04955	癸卯正月二十日。拜辭闕下。赴端川郡。路中有作。	유람(travel)	75	82%	title	
P04956	發鐵原土城村。次金城縣。	유람(travel)	79	82%	title	
P04957	次金城館壁上韻	한적(tranquility)	46	27%	term	
P04958	奉贈德源姜 德瑞 府使	기증(donate)	97	94%	title	
P04959	奉贈德源姜 德瑞 府使 其二	기증(donate)	97	94%	title	
P04960	奉贈德源姜 德瑞 府使 其三	기증(donate)	97	94%	title	
P04961	奉贈德源姜 德瑞 府使 其四	기증(donate)	97	94%	title	
P04962	奉贈德源姜 德瑞 府使 其五	기증(donate)	97	94%	title	
P04963	奉贈德源姜 德瑞 府使 其六	기증(donate)	97	94%	title	
P04964	二月初十日。入端川郡。	계절(season)	50	38%	title	
P04965	二月初十日。入端川郡。 其二	유람(travel)	52	38%	title	
P04966	咸鏡南道監試初試試官契會圖	불교(buddhism)	41	27%	term	
P04967	吉州途中	유람(travel)	90	94%	title	
P04968	咸鏡北道鄕試試官契會圖	도화(picture)	56	38%	title	
P04969	鏡城館。次板上韻。奉贈節度使坡平尹相公 安性。二首。	변새(frontier)	46	27%	term	차운(제목 donate 무시)
P04970	鏡城館。次板上韻。奉贈節度使坡平尹相公 安性。二首。 其二	애상(sympathy)	39	14%	term	차운(제목 donate 무시)
P04971	吉州山城院。題贈金生景憲，崔生命仁。	기증(donate)	97	94%	title	
P04972	題磨谷館。癸卯二月十八日。以封庫差員往吉州。二十一日。還本郡。又於三月初四日。以北道鄕試試官赴鏡城。十九日還到于此。旬月之間還往之際。四踰磨天嶺。故書以識之。	유람(travel)	67	52%	title, term	
P04973	春日郡齋書懷 二首	회고(reminiscence)	55	38%	title	
P04974	春日郡齋書懷 二首 其二	애상(sympathy)	44	27%	term	
P04975	春日郡齋。述懷三絶。	애상(sympathy)	56	38%	title	
P04976	春日郡齋。述懷三絶。 其二	애상(sympathy)	62	52%	title	
P04977	春日郡齋。述懷三絶。 其三	애상(sympathy)	67	52%	title, term	
P04978	雨後謾書	천문(astro)	74	82%	title	
P04979	戲寄京中諸友人	기증(donate)	97	94%	title	
P04980	端川郡舍。花卉甚多。戲題一律。	도화(picture)	55	38%	title	
P04981	端。古女眞地也。距京城一千二百七十八里。濱海而治。壤接陰山。磨雲崛其前。磨天矗其後。二嶺之險。羊腸坦途。雖玉節承恩。星軺銜命。背倫好而遠逝。歷重阻而多難。猶復攬轡怵惕。賢勞有嘆。況逐臣遷客。征士羈人。跋涉崎嶇。流飄沙漠。俯北溟之無際。望南國而不見。臨風戀恨。能不浪然。遂作磨雲曲二轉。爲迎賓之樂。磨天曲二轉。爲送賓之樂。又作關山詞三闋。以敍其留賓之意。畀諸敎坊。叶以絲管。每賓至樂作。歌以侑酒云。	송별(farewell)	94	94%	title	
P04982	端。古女眞地也。距京城一千二百七十八里。濱海而治。壤接陰山。磨雲崛其前。磨天矗其後。二嶺之險。羊腸坦途。雖玉節承恩。星軺銜命。背倫好而遠逝。歷重阻而多難。猶復攬轡怵惕。賢勞有嘆。況逐臣遷客。征士羈人。跋涉崎嶇。流飄沙漠。俯北溟之無際。望南國而不見。臨風戀恨。能不浪然。遂作磨雲曲二轉。爲迎賓之樂。磨天曲二轉。爲送賓之樂。又作關山詞三闋。以敍其留賓之意。畀諸敎坊。叶以絲管。每賓至樂作。歌以侑酒云。 其二	송별(farewell)	97	94%	title	
P04983	端。古女眞地也。距京城一千二百七十八里。濱海而治。壤接陰山。磨雲崛其前。磨天矗其後。二嶺之險。羊腸坦途。雖玉節承恩。星軺銜命。背倫好而遠逝。歷重阻而多難。猶復攬轡怵惕。賢勞有嘆。況逐臣遷客。征士羈人。跋涉崎嶇。流飄沙漠。俯北溟之無際。望南國而不見。臨風戀恨。能不浪然。遂作磨雲曲二轉。爲迎賓之樂。磨天曲二轉。爲送賓之樂。又作關山詞三闋。以敍其留賓之意。畀諸敎坊。叶以絲管。每賓至樂作。歌以侑酒云。 其三	송별(farewell)	90	94%	title, term	
P04984	端。古女眞地也。距京城一千二百七十八里。濱海而治。壤接陰山。磨雲崛其前。磨天矗其後。二嶺之險。羊腸坦途。雖玉節承恩。星軺銜命。背倫好而遠逝。歷重阻而多難。猶復攬轡怵惕。賢勞有嘆。況逐臣遷客。征士羈人。跋涉崎嶇。流飄沙漠。俯北溟之無際。望南國而不見。臨風戀恨。能不浪然。遂作磨雲曲二轉。爲迎賓之樂。磨天曲二轉。爲送賓之樂。又作關山詞三闋。以敍其留賓之意。畀諸敎坊。叶以絲管。每賓至樂作。歌以侑酒云。 其四	송별(farewell)	92	94%	title	
P04985	端。古女眞地也。距京城一千二百七十八里。濱海而治。壤接陰山。磨雲崛其前。磨天矗其後。二嶺之險。羊腸坦途。雖玉節承恩。星軺銜命。背倫好而遠逝。歷重阻而多難。猶復攬轡怵惕。賢勞有嘆。況逐臣遷客。征士羈人。跋涉崎嶇。流飄沙漠。俯北溟之無際。望南國而不見。臨風戀恨。能不浪然。遂作磨雲曲二轉。爲迎賓之樂。磨天曲二轉。爲送賓之樂。又作關山詞三闋。以敍其留賓之意。畀諸敎坊。叶以絲管。每賓至樂作。歌以侑酒云。 其五	송별(farewell)	87	94%	title	
P04986	端。古女眞地也。距京城一千二百七十八里。濱海而治。壤接陰山。磨雲崛其前。磨天矗其後。二嶺之險。羊腸坦途。雖玉節承恩。星軺銜命。背倫好而遠逝。歷重阻而多難。猶復攬轡怵惕。賢勞有嘆。況逐臣遷客。征士羈人。跋涉崎嶇。流飄沙漠。俯北溟之無際。望南國而不見。臨風戀恨。能不浪然。遂作磨雲曲二轉。爲迎賓之樂。磨天曲二轉。爲送賓之樂。又作關山詞三闋。以敍其留賓之意。畀諸敎坊。叶以絲管。每賓至樂作。歌以侑酒云。 其六	송별(farewell)	93	94%	title	
P04987	端。古女眞地也。距京城一千二百七十八里。濱海而治。壤接陰山。磨雲崛其前。磨天矗其後。二嶺之險。羊腸坦途。雖玉節承恩。星軺銜命。背倫好而遠逝。歷重阻而多難。猶復攬轡怵惕。賢勞有嘆。況逐臣遷客。征士羈人。跋涉崎嶇。流飄沙漠。俯北溟之無際。望南國而不見。臨風戀恨。能不浪然。遂作磨雲曲二轉。爲迎賓之樂。磨天曲二轉。爲送賓之樂。又作關山詞三闋。以敍其留賓之意。畀諸敎坊。叶以絲管。每賓至樂作。歌以侑酒云。 其七	송별(farewell)	97	94%	title, term	
P04988	吾乙足堡作	변새(frontier)	54	38%	term	
P04989	次雙靑堡韻	변새(frontier)	39	14%	term	
P04990	次黃土岐堡韻	변새(frontier)	57	38%	term	
P04991	五月初三日。行到黃土岐堡。奉月沙李尙書手札。是夜夢陪公飮。覺而志之。	유람(travel)	71	82%	title	
P04992	黃土嶺作	애상(sympathy)	41	27%	term	
P04993	甲山道中	유람(travel)	63	52%	title, term	
P04994	奉答石陽正灘隱書 時公來客北靑。判官乃公之姪。	애상(sympathy)	54	38%	term	
P04995	奉次鏡城判官楸灘吳汝益學士道中口占見示之韻。戲書述懷。	애상(sympathy)	54	38%	title	
P04996	題谷口驛壁上	도화(picture)	55	38%	title	
P04997	北靑路中口占。奉贈判官李 德溫 士和。	기증(donate)	97	94%	title	
P04998	五月十六日。五峯大學士壽辰也。竊念。不佞曾於往歲。得忝賀賓之後。而跡縻窮塞。路絶高屛。戀德感舊。率題成篇。言志而已。非以爲詩也。謹錄寄呈。用希一粲。	기증(donate)	97	94%	title	
P04999	弘文館舊有大學士硯。乃我曾王父容齋公所置也。亡于壬辰兵燹。五峯李相公得安東洪府使 履祥 所惠大石硯。以續舊事。因求端州玉硯滴玉書鎭。以爲之伴。仍占近體一首。謹錄寄呈。用伸鄙誠。	기증(donate)	97	94%	title	
P05000	蒙示忍齋洪相國詩。硯果自止亭始。但容齋公行狀曰。古無主文硯。止亭爲大硯。傳于公曰。此所以爲斯文傳心也。蓋是硯出止亭手。初非玉堂物也。傳于公者。凡主文衡。遞必擧人自代。示其意必傳是任於容齋公也。容齋公始得是硯。未及再傳。逢時不幸。歸諸玉堂。官其硯而不于家。公其傳而不于己。因以爲玉堂一故事。自其硯觀之。始者止亭。自玉堂言之。容齋公抑非其始乎。此前詩所以謂玉堂大學士硯。乃我容齋公所置者也。其果爲不可乎。嘗聞此硯零落兵間。不鄙賜敎。顚末甚悉。舊者旣全。又置其新。潤色詞林。要永其傳。斯文盛意。前後一揆。吁其韙哉。吁其韙哉。敬次來韻。庸畢微志。此記硯事。與魚叔權稗記小異。先生嘗欲作證誤詩。不果。	건물(structure)	76	82%	title	
P05001	蒙示忍齋洪相國詩。硯果自止亭始。但容齋公行狀曰。古無主文硯。止亭爲大硯。傳于公曰。此所以爲斯文傳心也。蓋是硯出止亭手。初非玉堂物也。傳于公者。凡主文衡。遞必擧人自代。示其意必傳是任於容齋公也。容齋公始得是硯。未及再傳。逢時不幸。歸諸玉堂。官其硯而不于家。公其傳而不于己。因以爲玉堂一故事。自其硯觀之。始者止亭。自玉堂言之。容齋公抑非其始乎。此前詩所以謂玉堂大學士硯。乃我容齋公所置者也。其果爲不可乎。嘗聞此硯零落兵間。不鄙賜敎。顚末甚悉。舊者旣全。又置其新。潤色詞林。要永其傳。斯文盛意。前後一揆。吁其韙哉。吁其韙哉。敬次來韻。庸畢微志。此記硯事。與魚叔權稗記小異。先生嘗欲作證誤詩。不果。 附元韻	건물(structure)	76	82%	title	
P05002	石陽正手畫蘭梅竹爲一卷。號曰三淸帖。西坰柳相公首題近體詩一篇。東皐崔相公跋其尾。一代交游之士。相與繼和。以贊其美。因示余求詩。遂書此以奉。	회고(reminiscence)	46	27%	term	
P05003	石陽正手畫蘭梅竹爲一卷。號曰三淸帖。西坰柳相公首題近體詩一篇。東皐崔相公跋其尾。一代交游之士。相與繼和。以贊其美。因示余求詩。遂書此以奉。	도화(picture)	59	38%	title, term	
P05004	石陽正手畫蘭梅竹爲一卷。號曰三淸帖。西坰柳相公首題近體詩一篇。東皐崔相公跋其尾。一代交游之士。相與繼和。以贊其美。因示余求詩。遂書此以奉。 其二	도화(picture)	71	82%	title	
P05005	石陽正手畫蘭梅竹爲一卷。號曰三淸帖。西坰柳相公首題近體詩一篇。東皐崔相公跋其尾。一代交游之士。相與繼和。以贊其美。因示余求詩。遂書此以奉。 其三	도화(picture)	70	82%	title	
P05006	流頭日。贈都事李 顯英 重卿。	기증(donate)	97	94%	title	
P05007	奉寄權汝章	기증(donate)	93	94%	title	
P05008	奉寄權汝章 其二	기증(donate)	89	94%	title	
P05009	七月十七日夜。風雨大作。	천문(astro)	68	52%	title	
P05010	八月十五日。雨中書懷。奉寄任寬甫，趙持世，權汝章諸君子。	기증(donate)	87	94%	title	
P05011	八月十五日。雨中書懷。奉寄任寬甫，趙持世，權汝章諸君子。 其二	기증(donate)	87	94%	title	
P05012	八月十五日。雨中書懷。奉寄任寬甫，趙持世，權汝章諸君子。 其三	기증(donate)	87	94%	title	
P05013	八月十五日。得端甫詩。乃端陽日所寄也。因次其韻。以附歸使。	송별(farewell)	60	52%	title	차운(제목 donate 무시)
P05014	奉寄朴正郞叔夜	기증(donate)	81	94%	title, term	
P05015	奉寄南郭朴 東說 舍人說之	기증(donate)	97	94%	title	
P05016	聞石洲權汝章除授童蒙敎官。勸令就任。	도교(taoism)	38	14%	term	
P05017	郡樓晩眺。有懷石洲權汝章，鳴皐任寬甫諸君。	회고(reminiscence)	58	38%	title	
P05018	郡樓晩眺。有懷石洲權汝章，鳴皐任寬甫諸君。 其二	회고(reminiscence)	59	38%	title, term	
P05019	疊用前韻。寄許端甫。	송별(farewell)	39	14%	term	차운(제목 donate 무시)
P05020	歸雁二首。寄示鳴皐子，石洲散人。	기증(donate)	80	94%	title	
P05021	歸雁二首。寄示鳴皐子，石洲散人。 其二	기증(donate)	81	94%	title	
P05022	郡居書懷。寄示金 瑬 佐郞冠玉。	기증(donate)	87	94%	title	
P05023	郡齋秋日。卽事口號。	기타(others)	71	82%	title	
P05024	郡齋秋日。卽事口號。 其二	기타(others)	63	52%	title	
P05025	赴孟山途中紀行 六首	유람(travel)	96	94%	title	
P05026	赴孟山途中紀行 六首 其二	유람(travel)	91	94%	title	
P05027	赴孟山途中紀行 六首 其三	유람(travel)	97	94%	title, term	
P05028	赴孟山途中紀行 六首 其四	유람(travel)	89	94%	title	
P05029	赴孟山途中紀行 六首 其五	유람(travel)	94	94%	title	
P05030	赴孟山途中紀行 六首 其六	유람(travel)	94	94%	title	
P05031	寄贈平安道都事尹 繼善 而述	기증(donate)	97	94%	title	
P05032	九月九日。題孟山館。時伯兄氏亦爲覲省來會	계절(season)	54	38%	title, term	
P05033	九月九日。題孟山館。時伯兄氏亦爲覲省來會 其二	도화(picture)	60	52%	title	
P05034	九月九日。題孟山館。時伯兄氏亦爲覲省來會 其三	도화(picture)	54	38%	title	
P05035	發永興。次定平。夜讌席上。戲呈府使柳 永詢 令公。	기증(donate)	67	52%	title	
P05036	奉次月沙李尙書題定平館韻。戲贈府使柳令公。	도화(picture)	58	38%	title	차운(제목 donate 무시)
P05037	奉次月沙李尙書題定平館韻。戲贈府使柳令公。 其二	도화(picture)	53	38%	title	차운(제목 donate 무시)
P05038	哭古玉鄭 碏 敎官 公避地海州。因卒于旅寓。	회고(reminiscence)	48	27%	term	
P05039	哭古玉鄭 碏 敎官 公避地海州。因卒于旅寓。 其二	애상(sympathy)	57	38%	term	
P05040	奉送災傷敬差官李令 㙫 士源還京	송별(farewell)	97	94%	title	
P05041	郡齋夜坐書懷	회고(reminiscence)	61	52%	title	
P05042	萬曆三十一年歲在癸卯十月初五日。恭受內賜新印大學一部。豈意糞土賤臣。獲霑不世殊恩。望天仰聖。無任感激之至。謹拜手稽首。書于端川郡之衙軒。	건물(structure)	52	38%	title	
P05043	敬次五峯大學士辱寄詩韻	애상(sympathy)	50	38%	term	차운(제목 donate 무시)
P05044	敬次五峯大學士辱寄詩韻 其二	애상(sympathy)	41	27%	term	차운(제목 donate 무시)
P05045	敬次五峯大學士辱寄詩韻 附元韻	계절(season)	38	14%	term	차운(제목 donate 무시)
P05046	北靑道中。遇雪口占。先寄李判官士和。	기증(donate)	82	94%	title	
P05047	戲呈南道節度使鄭令公 沆。兼示李判官士和。索和。	기증(donate)	91	94%	title	
P05048	寄趙察訪，權敎官。	기증(donate)	97	94%	title	
P05049	歙谷韓明宰石峯。手書竹風梧月四字。揭諸東軒壁上。送山僧來求一語。率題塞敎。	송별(farewell)	69	52%	title	
P05050	寄題歙谷衙軒。爲韓石峯作。	기증(donate)	87	94%	title	
P05051	歲暮。郡齋閑坐無聊。偶爾命駕。乘雪出城。因抵雲住山寺。翌朝還郡。	천문(astro)	61	52%	title	
P05052	歲暮。郡齋閑坐無聊。偶爾命駕。乘雪出城。因抵雲住山寺。翌朝還郡。 其二	천문(astro)	61	52%	title	
P05053	又絶句一首	유람(travel)	41	27%	term	
P05054	癸卯十二月二十七日。被薦備邊司。超授吉州牧使。臺官論以驟陞。旋仍端川。戲書。	계절(season)	51	38%	title	
P05055	甲辰元日 時伯兄氏奉慈侍。來自孟山。仍留于郡。	유람(travel)	59	38%	title	
P05056	正月二十日。天氣暄和。郡齋晩起。有懷東广舊居。	회고(reminiscence)	56	38%	title	
P05057	寄贈高山金 善餘 察訪	기증(donate)	97	94%	title	
P05058	奉贈鄭御史 協 和伯應敎	기증(donate)	97	94%	title	
P05059	鄕校落成宴。書示諸生。	변새(frontier)	45	27%	term	
P05060	鄕校落成宴。書示諸生。 其二	송별(farewell)	25	16%	term	
P05061	二月二十五日。奉兩慈氏。設壽宴于郡館東軒。時伯兄氏預焉。	계절(season)	50	38%	title	
P05062	二月二十五日。奉兩慈氏。設壽宴于郡館東軒。時伯兄氏預焉。 其二	계절(season)	50	38%	title	
P05063	二月二十七日。宴老人于郡館。九十以上三人。八十以上二十二人。七十以上五十七人。合八十三人。通計其齒。共六千餘歲。	계절(season)	56	38%	title	
P05064	春日郊行絶句 三首	유람(travel)	53	38%	title	
P05065	春日郊行絶句 三首 其二	계절(season)	52	38%	title	
P05066	春日郊行絶句 三首 其三	계절(season)	50	38%	title	
P05067	春晩書懷	회고(reminiscence)	65	52%	title	
P05068	獨坐書事	한적(tranquility)	25	16%	term	
P05069	定平館。卽席走筆。奉贈柳令公。	기증(donate)	97	94%	title	
P05070	次定平衙舍草堂壁上韻	건물(structure)	72	82%	title	
P05071	慈氏年老。眷戀舊居。不樂久留外郡。三月初四日。發端川。還京城。陪侍以行。二十日庚午。到高山驛。告辭還郡。有感而作。	유람(travel)	75	82%	title, term	
P05072	冠岳山天印上人。爲來索詩。書以贈之。	기증(donate)	97	94%	title	
P05073	冠岳山天印上人。爲來索詩。書以贈之。 其二	기증(donate)	97	94%	title	
P05074	冠岳山天印上人。爲來索詩。書以贈之。 其三	기증(donate)	97	94%	title	
P05075	次卷上韻。送印上人還冠岳山。	송별(farewell)	89	94%	title, term	
P05076	次卷上韻。送印上人還冠岳山。 其二	송별(farewell)	97	94%	title	
P05077	馬場山臺作	건물(structure)	56	38%	title, term	
P05078	奉答石洲權汝章書	변새(frontier)	55	38%	term	
P05079	奉答石洲權汝章書 其二	애상(sympathy)	40	27%	term	
P05080	奉答石洲權汝章書 其三	회고(reminiscence)	40	27%	term	
P05081	奉答石洲權汝章書 其四	회방(meet)	39	14%	term	
P05082	奉答石洲權汝章書 其五	송별(farewell)	40	27%	term	
P05083	壽詞一篇。寄上五峯李尙書。	기증(donate)	97	94%	title	
P05084	祈雨雲住山。祭罷而雨。	천문(astro)	62	52%	title, term	
P05085	立秋	애상(sympathy)	47	27%	term	
P05086	秋夜雨中	애상(sympathy)	49	27%	term	
P05087	秋雨連日。夜坐述懷。	애상(sympathy)	66	52%	title, term	
P05088	七月二十五日至二十七日。風雨不止。郡閣夜坐。有懷漢陽故居。	회고(reminiscence)	56	38%	title	
P05089	辭病南還。書示邑中父老。	애상(sympathy)	24	16%	term	
P05090	辭病南還。書示邑中父老。 其二	계절(season)	40	27%	term	
P05091	郡中諸生。追餞利城。有以詩章贈行者。次其韻而答之。時萬曆甲辰仲秋八月初九日丁亥。	계절(season)	53	38%	title	차운(제목 donate 무시)
P05092	郡中諸生。追餞利城。有以詩章贈行者。次其韻而答之。時萬曆甲辰仲秋八月初九日丁亥。 其二	계절(season)	54	38%	title	차운(제목 donate 무시)
P05093	郡中諸生。追餞利城。有以詩章贈行者。次其韻而答之。時萬曆甲辰仲秋八月初九日丁亥。 其三	계절(season)	53	38%	title	차운(제목 donate 무시)
P05094	郡中諸生。追餞利城。有以詩章贈行者。次其韻而答之。時萬曆甲辰仲秋八月初九日丁亥。 其四	계절(season)	55	38%	title, term	차운(제목 donate 무시)
P05095	郡中諸生。追餞利城。有以詩章贈行者。次其韻而答之。時萬曆甲辰仲秋八月初九日丁亥。 其五	계절(season)	53	38%	title	차운(제목 donate 무시)
P05096	八月十六日。題永興館。	도화(picture)	69	52%	title	
P05097	永興府使朴 慶新 令公席上作	염정(desire)	52	38%	term	
P05098	永興府使朴 慶新 令公席上作 其二	애상(sympathy)	52	38%	term	
P05099	永興府使朴 慶新 令公席上作 其三	불교(buddhism)	39	14%	term	
P05100	德源逢洪 命元 樂夫都事	애상(sympathy)	42	27%	term	
P05101	德源逢洪 命元 樂夫都事 其二	애상(sympathy)	53	38%	term	
P05102	宿金化縣。憶具大受。庚子夏。余以北評事遞還京城。君時宰是縣。見留一日去。	유람(travel)	75	82%	title	
P05103	八月初一日。除洪州牧使。五峯相公垂賀以詩。次韻奉謝。兼述感懷。	회고(reminiscence)	68	52%	title, term	
P05104	八月初一日。除洪州牧使。五峯相公垂賀以詩。次韻奉謝。兼述感懷。 其二	변새(frontier)	41	27%	term	
P05105	次韻。奉謝開城經歷淸陰金叔度學士寄惠別章。	송별(farewell)	63	52%	title	
P05106	次韻。奉謝開城經歷淸陰金叔度學士寄惠別章。 其二	송별(farewell)	64	52%	title, term	
P05107	長溪黃相國挽詞 二首	애상(sympathy)	94	94%	title	
P05108	長溪黃相國挽詞 二首 其二	애상(sympathy)	97	94%	title	
P05109	八月二十六日。拜辭出城。	애상(sympathy)	41	27%	term	
P05110	行到葛院。寄示京中諸君子。	기증(donate)	75	82%	title	
P05111	九月初七日。到洪州作。二首。	유람(travel)	74	82%	title	
P05112	九月初七日。到洪州作。二首。 其二	유람(travel)	67	52%	title	
P05113	登擊風樓	건물(structure)	59	38%	title, term	
P05114	題東軒	도화(picture)	56	38%	title	
P05115	九月九日	계절(season)	53	38%	title	
P05116	衙軒庭前。黃菊盛開。折寄海運判官竹陰趙怡叔 希逸 學士。時駐德山別業。	송별(farewell)	64	52%	title, term	
P05117	怡叔疊用枝字。見謝寄菊。因次以酬。	기증(donate)	97	94%	title	
P05118	怡叔疊用枝字。見謝寄菊。因次以酬。 其二	기증(donate)	97	94%	title	
P05119	怡叔疊用枝字。見謝寄菊。因次以酬。 其三	기증(donate)	94	94%	title	
P05120	怡叔疊用枝字。見謝寄菊。因次以酬。 其四	기증(donate)	97	94%	title	
P05121	怡叔草堂。對菊聯句。用前韻。	건물(structure)	67	52%	title	
P05122	寄李子善 榮元 秀才 閑居德山縣。號龍溪處士。	기증(donate)	80	94%	title	
P05123	復用山字。寄龍溪李子善。	기증(donate)	93	94%	title	
P05124	復用山字。寄龍溪李子善。 其二	기증(donate)	93	94%	title	
P05125	復用山字。寄龍溪李子善。 其三	기증(donate)	88	94%	title	
P05126	次韻。答竹陰趙怡叔。	애상(sympathy)	37	14%	term	
P05127	送結城朴明宰 孝男罷官還鄕	송별(farewell)	94	94%	title	
P05128	送結城朴明宰 孝男罷官還鄕 其二	송별(farewell)	97	94%	title	
P05129	四達亭。夜坐口占。	건물(structure)	93	94%	title	
P05130	感時述懷。寄贈洪司藝輝世，蘇正郞子實，金佐郞冠玉，洪正郞樂夫諸學士。時上體不豫。西北有警。	기증(donate)	97	94%	title	
P05131	次慧允上人詩軸韻	불교(buddhism)	60	52%	title, term	
P05132	次慧允上人詩軸韻 其二	불교(buddhism)	57	38%	title	
P05133	贈敬全上人	기증(donate)	97	94%	title	
P05134	贈妙淳上人	기증(donate)	97	94%	title	
P05135	題大鑑上人詩卷	불교(buddhism)	53	38%	title, term	
P05136	次怡叔見待詩韻	애상(sympathy)	45	27%	term	
P05137	次怡叔見待詩韻 其二	회방(meet)	39	14%	term	
P05138	怡叔草堂。復用回字韻。	건물(structure)	79	82%	title	
P05139	怡叔草堂。復用回字韻。 其二	건물(structure)	66	52%	title	
P05140	再疊前韻。答怡叔趙學士。	애상(sympathy)	44	27%	term	
P05141	次韻趙怡叔草堂作	건물(structure)	67	52%	title	
P05142	十二月二十日。祭後書感。	계절(season)	52	38%	title	
P05143	題永保亭 在保寧水營	건물(structure)	79	82%	title	
P05144	題永保亭 在保寧水營 其二	건물(structure)	79	82%	title	
P05145	移守東萊。題四達亭。留示芝峯李使君。晬光 近體二首。	건물(structure)	79	82%	title	
P05146	移守東萊。題四達亭。留示芝峯李使君。晬光 近體二首。 其二	건물(structure)	67	52%	title	
P05147	陞拜東萊。書事述懷。寄示京中諸君子。	기증(donate)	86	94%	title	
P05148	丁未十二月二十九日。監營牒至。吏曹啓。除朝辭。令直赴任所。戊申正月十五日。大夫人發洪州。還京城。率題近體一首。以述微志。	유람(travel)	84	94%	title, term	
P05149	正月二十九日。發洪州。次大興。途中作。	유람(travel)	90	94%	title	
P05150	正月二十九日。發洪州。次大興。途中作。 其二	유람(travel)	97	94%	title	
P05151	二月初二日。發惟鳩驛。次公州。	유람(travel)	80	94%	title	
P05152	熊津舟中	강해(water)	60	52%	title	
P05153	二月初四日。發懷德縣。過五道宋明府田庄。	유람(travel)	85	94%	title	
P05154	敬贈五道宋明府	기증(donate)	97	94%	title	
P05155	題宋明府幽居	도화(picture)	60	52%	title	
P05156	題宋明府幽居 其二	도화(picture)	59	38%	title	
P05157	二月初五日。沃川郡道中作。自入峽來。風日甚惡。	유람(travel)	68	52%	title	
P05158	二月初六日。朝發永同縣。午憩秋豐驛。驛乃湖嶺分界之地也。纔入南州。土候甚暖。是夕宿金山郡。	유람(travel)	92	94%	title, term	
P05159	詠嶺南風土	도화(picture)	58	38%	term	
P05160	二月初七日。次星州。	계절(season)	53	38%	title	
P05161	二月初一日宣宗大王昇遐。是月初八日。行到大丘巴岑村。承訃擧哀。泚血以書。	유람(travel)	68	52%	title	
P05162	二月十五日。入東萊府。	계절(season)	50	38%	title	
P05163	題東軒壁上	애상(sympathy)	49	27%	term	
P05164	寄上五峯相公以告訃請封上使赴燕京	기증(donate)	82	94%	title	
P05165	寄別蘇正郞子實以書狀官赴燕京	송별(farewell)	63	52%	title	
P05166	寄贈尹參議靜春以聖節使赴燕京	기증(donate)	97	94%	title	
P05167	次敬祖上人見寄韻 師住府西禪庵寺	불교(buddhism)	59	38%	title	차운(제목 donate 무시)
P05168	次韻。贈敬祖上人。	불교(buddhism)	51	38%	title	차운(제목 donate 무시)
P05169	次韻。贈敬祖上人。 其二	천문(astro)	24	16%	term	차운(제목 donate 무시)
P05170	四月十五日	애상(sympathy)	32	14%	term	
P05171	卽事遣懷。題衙軒壁上。	기타(others)	64	52%	title	
P05172	毒熱書懷。寄示京中諸友人。	기증(donate)	87	94%	title	
P05173	六月十一日丙寅作 用登繫風樓韻。宣宗大王。是日發引。	유람(travel)	90	94%	title	
P05174	六月十二日丁卯作	변새(frontier)	42	27%	term	
P05175	勸學文。示校中諸生。	유람(travel)	17	17%	term	
P05176	勸學文。示校中童蒙。	문방(literature)	17	17%	term	
P05177	勸學文。示校中童蒙。 其二	유람(travel)	50	38%	term	
P05178	秋日書懷。寄示京城諸君子。	기증(donate)	83	94%	title	
P05179	七月十五日。對月呼韻。	애상(sympathy)	46	27%	term	
P05180	聞蛩書感。	천문(astro)	19	17%	term	
P05181	秋夜西齋	계절(season)	54	38%	title	
P05182	日夕口占。復用前韻。	애상(sympathy)	56	38%	term	
P05183	日夕口占。復用前韻。 其二	애상(sympathy)	50	38%	term	
P05184	中秋不見月。呼韻口占。	계절(season)	57	38%	title	
P05185	八月十六日。月夜口號。用前韻	애상(sympathy)	46	27%	term	
P05186	八月十六日。月夜口號。用前韻 其二	애상(sympathy)	57	38%	term	
P05187	登釜山浦西門樓上作	산악(mountain)	53	38%	title	
P05188	釜山城上。望對馬島。	산악(mountain)	50	38%	title	
P05189	多大浦作 浦在府南五十五里	애상(sympathy)	41	27%	term	
P05190	沒雲臺 臺在多大浦南七里許	천문(astro)	52	38%	title	
P05191	海雲㙜 㙜在府東二十里。新羅崔致遠築㙜遊賞之地。	유람(travel)	68	52%	title	
P05192	海雲臺。次兪㵢溪韻。四首。	천문(astro)	56	38%	title	
P05193	海雲臺。次兪㵢溪韻。四首。 其二	천문(astro)	57	38%	title	
P05194	海雲臺。次兪㵢溪韻。四首。 其三	도교(taoism)	42	27%	term	
P05195	海雲臺。次兪㵢溪韻。四首。 其四	건물(structure)	53	38%	title, term	
P05196	出省郊野有感口占	애상(sympathy)	72	82%	title	
P05197	機張縣作	애상(sympathy)	47	27%	term	
P05198	題機張縣。絶句四首。	도화(picture)	63	52%	title	
P05199	題機張縣。絶句四首。 其二	도화(picture)	88	94%	title	
P05200	題機張縣。絶句四首。 其三	도화(picture)	74	82%	title	
P05201	題機張縣。絶句四首。 其四	애상(sympathy)	51	38%	term	
P05202	奉寄石洲權汝章敎官	기증(donate)	94	94%	title	
P05203	秋日夕。坐見城外南峯擧烽火而作。	계절(season)	52	38%	title	
P05204	秋日夕。坐見城外南峯擧烽火而作。 其二	애상(sympathy)	46	27%	term	
P05205	九月初六日。有事監營。赴大丘府。自梁山仇法谷。乘舟遡江。夜泊密陽廣灘。	유람(travel)	67	52%	title	
P05206	舟中記興	강해(water)	58	38%	title	
P05207	九月九日。題大丘館。壬寅重九。扈駕謁聖。	계절(season)	53	38%	title	
P05208	九月九日。題大丘館。壬寅重九。扈駕謁聖。 其二	계절(season)	58	38%	title, term	
P05209	九月十二日。自密陽柿木浦。乘舟夜行。曉次梁山仇法倉。	유람(travel)	57	38%	title	
P05210	舟中記興	강해(water)	61	52%	title	
P05211	舟行卽事	기타(others)	58	38%	title	
P05212	舟行卽事 其二	기타(others)	72	82%	title	
P05213	舟行卽事 其三	기타(others)	71	82%	title	
P05214	舟行卽事 其四	기타(others)	71	82%	title	
P05215	舟行卽事 其五	기타(others)	69	52%	title	
P05216	衙軒庭前。菊花盛開。悄然獨坐。有感于懷。仍用去秋酬和詩韻。寄贈趙怡叔。因示李子善。時戊申九月十六日。	계절(season)	51	38%	title	차운(제목 donate 무시)
P05217	衙軒庭前。菊花盛開。悄然獨坐。有感于懷。仍用去秋酬和詩韻。寄贈趙怡叔。因示李子善。時戊申九月十六日。 其二	애상(sympathy)	63	52%	title, term	차운(제목 donate 무시)
P05218	衙軒庭前。菊花盛開。悄然獨坐。有感于懷。仍用去秋酬和詩韻。寄贈趙怡叔。因示李子善。時戊申九月十六日。 其三	애상(sympathy)	51	38%	title	차운(제목 donate 무시)
P05219	奉謝金叔度寄詩見問	기증(donate)	83	94%	title	
P05220	奉謝金叔度寄詩見問 其二	기증(donate)	88	94%	title	
P05221	奉謝金叔度寄詩見問 附次韻。述懷。寄酬广老詞伯。	애상(sympathy)	55	38%	title	차운(제목 donate 무시)
P05222	奉謝金叔度寄詩見問 附次韻。述懷。寄酬广老詞伯。 其二	애상(sympathy)	54	38%	title	차운(제목 donate 무시)
P05223	以觀察使李尙信狀啓。某儉約自奉。愛恤邊氓。田野開闢。利興害去。使一境之人。安居樂業。命賜表裏一襲。拜命循省。榮踰望表。非臣糜殞所能。上報萬一。感天荷。聖無任激切屛營之至。拜手稽首。謹綴七言近體二首。書于東萊府之衙軒。	유람(travel)	61	52%	title	
P05224	以觀察使李尙信狀啓。某儉約自奉。愛恤邊氓。田野開闢。利興害去。使一境之人。安居樂業。命賜表裏一襲。拜命循省。榮踰望表。非臣糜殞所能。上報萬一。感天荷。聖無任激切屛營之至。拜手稽首。謹綴七言近體二首。書于東萊府之衙軒。 其二	유람(travel)	60	52%	title	
P05225	日夕口占呼韻	애상(sympathy)	53	38%	term	
P05226	日夕口占呼韻 其二	회고(reminiscence)	50	38%	term	
P05227	奉呈觀察使崔相公 瓘 近體 二首	기증(donate)	95	94%	title	
P05228	奉呈觀察使崔相公 瓘 近體 二首 其二	기증(donate)	96	94%	title	
P05229	寄送金叔度學士以遠接使從事官之關西。故林塘鄭相國。乃君外王父也。久典文衡。屢儐華使。	송별(farewell)	63	52%	title	
P05230	寄送金叔度學士以遠接使從事官之關西。故林塘鄭相國。乃君外王父也。久典文衡。屢儐華使。 其二	송별(farewell)	63	52%	title	
P05231	寄送金叔度學士以遠接使從事官之關西。故林塘鄭相國。乃君外王父也。久典文衡。屢儐華使。 附次韻。奉寄東岳詞兄。	송별(farewell)	63	52%	title	
P05232	寄送金叔度學士以遠接使從事官之關西。故林塘鄭相國。乃君外王父也。久典文衡。屢儐華使。 附次韻。奉寄東岳詞兄。 其二	송별(farewell)	63	52%	title	
P05233	對落日	애상(sympathy)	50	38%	term	
P05234	步明月	애상(sympathy)	50	38%	term	
P05235	鑷白髮	동물(animal)	53	38%	title	
P05236	待鄕書	애상(sympathy)	64	52%	term	
P05237	曉起口占	애상(sympathy)	41	27%	term	
P05238	夜坐口占	애상(sympathy)	72	82%	term	
P05239	雪中作	애상(sympathy)	45	27%	term	
P05240	雪後作	천문(astro)	59	38%	title	
P05241	見家書	건물(structure)	56	38%	title	
P05242	食倭橘	식물(plant)	56	38%	title	
P05243	對早梅。憶京中親友。	회고(reminiscence)	57	38%	title	
P05244	衙軒北庭。有老梅一樹。臘前破蕊。	식물(plant)	52	38%	title	
P05245	折梅數枝。置案上甁中。着花甚佳。燈下見之。疏影絶奇。喜而有賦。	식물(plant)	53	38%	title	
P05246	甁梅初發。敬祖上人忽袖詩來訪。仍次其韻以贈之。時用五味子煎茶同喫。	유람(travel)	73	82%	title	차운(제목 donate 무시)
P05247	折梅。寄京邑親舊。	기증(donate)	82	94%	title	
P05248	贈印悟上人	기증(donate)	97	94%	title	
P05249	除夜	변새(frontier)	44	27%	term	
P05250	除夜 其二	한적(tranquility)	49	27%	term	
P05251	除夜 其三	변새(frontier)	44	27%	term	
P05252	除夕	애상(sympathy)	48	27%	term	
P05253	己酉元日立春帖字	변새(frontier)	43	27%	term	악부/제영(확신↓)
P05254	己酉元日立春帖字 其二	계절(season)	60	52%	title	악부/제영(확신↓)
P05255	己酉元日立春帖字 其三	계절(season)	56	38%	title, term	악부/제영(확신↓)
P05256	雨中對梅花。戲贈宣慰使李 志完 輔德。絶句二首。	기증(donate)	97	94%	title	
P05257	雨中對梅花。戲贈宣慰使李 志完 輔德。絶句二首。 其二	기증(donate)	97	94%	title	
P05258	詠早梅 二首	식물(plant)	70	82%	title	
P05259	詠早梅 二首 其二	식물(plant)	56	38%	title	
P05260	對早梅。書感。	애상(sympathy)	48	27%	term	
P05261	重賦早梅。絶句一首。	식물(plant)	52	38%	title	
P05262	衙軒西庭。有梅一樹。早開先落。書以志感。要斗峯學士共賦。	애상(sympathy)	42	27%	term	
P05263	正月十五夜作	계절(season)	45	27%	term	
P05264	月夕對梅花口占	식물(plant)	56	38%	title	
P05265	登海雲臺。用前韻戲占絶句四首。	천문(astro)	54	38%	title	
P05266	登海雲臺。用前韻戲占絶句四首。 其二	천문(astro)	55	38%	title	
P05267	登海雲臺。用前韻戲占絶句四首。 其三	천문(astro)	60	52%	title, term	
P05268	登海雲臺。用前韻戲占絶句四首。 其四	천문(astro)	55	38%	title	
P05269	海雲臺次斗峯韻	천문(astro)	52	38%	title	
P05270	海雲臺次斗峯韻 其二	천문(astro)	56	38%	title	
P05271	疊用前韻。別印悟沙門還楓岳舊刹。	송별(farewell)	88	94%	title	
P05272	疊用前韻。別印悟沙門還楓岳舊刹。 其二	송별(farewell)	86	94%	title	
P05273	月夜賞梅。卽事記興。奉贈斗峯學士。	기증(donate)	97	94%	title	
P05274	月夜賞梅。卽事記興。奉贈斗峯學士。 其二	기증(donate)	97	94%	title	
P05275	月夜賞梅。卽事記興。奉贈斗峯學士。 其三	기증(donate)	97	94%	title	
P05276	月夜賞梅。卽事記興。奉贈斗峯學士。 其四	기증(donate)	97	94%	title	
P05277	自梅花開後。步繞樹下。吟翫遣日。	애상(sympathy)	42	27%	term	
P05278	自梅花開後。步繞樹下。吟翫遣日。 其二	유람(travel)	55	38%	title	
P05279	自梅花開後。步繞樹下。吟翫遣日。 其三	유람(travel)	53	38%	title	
P05280	客中無聊。吟哦自遣。因成一絶以志。	애상(sympathy)	58	38%	title, term	
P05281	次斗峯學士題積翠軒韻。積翠軒舊在客館後。今作廢墟。宣慰使誤以新館東軒認爲積翠。故篇內辨之。	도화(picture)	61	52%	title	
P05282	釜山城上。次斗峯韻。	산악(mountain)	54	38%	title	
P05283	次斗峯用釜山館韻	산악(mountain)	58	38%	title	
P05284	次斗峯用釜山館韻 其二	애상(sympathy)	49	27%	term	
P05285	次斗峯發多大浦。到釜山。舟中作韻。	유람(travel)	77	82%	title	
P05286	和斗峯用雲字韻詠梅竹之作	천문(astro)	55	38%	title	
P05287	和斗峯用雲字韻詠梅竹之作 其二	천문(astro)	54	38%	title	
P05288	斗峯五用氛字韻。韻甚險而語甚佳。了無喫力處。多多益辦。其此之謂也。不揆荒拙。輒用前韻。戲賦近體二首。錄奉求和。	불교(buddhism)	37	14%	term	차운(제목 donate 무시)
P05289	斗峯五用氛字韻。韻甚險而語甚佳。了無喫力處。多多益辦。其此之謂也。不揆荒拙。輒用前韻。戲賦近體二首。錄奉求和。 其二	애상(sympathy)	63	52%	term	
P05290	和斗峯用鮮字韻詠竹之作	애상(sympathy)	51	38%	term	
P05291	次斗峯見示近體二首。下篇以香煙爲詠。而余未得見。不敢作鑿空語。只以述懷耳。	애상(sympathy)	64	52%	title, term	
P05292	次斗峯見示近體二首。下篇以香煙爲詠。而余未得見。不敢作鑿空語。只以述懷耳。 其二	애상(sympathy)	62	52%	title	
P05293	和斗峯復用東軒韻	건물(structure)	58	38%	title, term	
P05294	戲賦梅竹近體各一首。用斗峯學士東軒韻。	애상(sympathy)	49	27%	term	
P05295	戲賦梅竹近體各一首。用斗峯學士東軒韻。 其二	식물(plant)	50	38%	title	
P05296	疊用前韻。奉呈斗峯學士。	불교(buddhism)	20	16%	term	차운(제목 donate 무시)
P05297	二月十五日。月夜對梅。有感而作。前年是月是日。始到東萊。	유람(travel)	66	52%	title	
P05298	奉柬尹參議靜春。兼水蘇正郞子實。時兩君歸自燕京。	송별(farewell)	56	38%	title, term	
P05299	奉柬尹參議靜春。兼水蘇正郞子實。時兩君歸自燕京。 其二	송별(farewell)	60	52%	title	
P05300	奉柬尹參議靜春。兼水蘇正郞子實。時兩君歸自燕京。 其三	송별(farewell)	59	38%	title	
P05301	次斗峯學士贈智訔沙門用釜山館絶句韻	불교(buddhism)	39	14%	term	차운(제목 donate 무시)
P05302	夜坐聯句。用落梅韻。	식물(plant)	50	38%	title	
P05303	二月二十一日夜。大雷電而雨。二十二日風雨晦冥。夜又大雨。二十三日朝。雪滿山顚。天日淸朗。及午蒙霿。乍晴乍陰。雨雹交下。北風甚冽。氣象變幻。節候乖錯。吁可駭也。戲書以志之。	천문(astro)	71	82%	title	
P05304	和斗峯次杜律韻記夢之什	애상(sympathy)	67	52%	term	
P05305	次斗峯再用杜律韻	애상(sympathy)	53	38%	term	
P05306	次斗峯再用釜山城樓韻	건물(structure)	58	38%	title	
P05307	感事述懷。奉呈斗峯。用釜山城樓韻。	애상(sympathy)	53	38%	title	차운(제목 donate 무시)
P05308	感事述懷。奉呈斗峯。用釜山城樓韻。 其二	애상(sympathy)	54	38%	title	차운(제목 donate 무시)
P05309	次斗峯疊用釜山城樓韻	애상(sympathy)	45	27%	term	
P05310	次斗峯疊用釜山城樓韻 其二	건물(structure)	61	52%	title	
P05311	次斗峯疊用釜山城樓韻 其三	건물(structure)	61	52%	title	
P05312	次斗峯疊用釜山城樓韻 其四	건물(structure)	59	38%	title	
P05313	書贈祖承上人還佛國寺。次斗峯韻。	불교(buddhism)	61	52%	title	차운(제목 donate 무시)
P05314	和斗峯復用寄尹參議，蘇正郞韻。	계절(season)	37	14%	term	차운(제목 donate 무시)
P05315	和斗峯復用寄尹參議，蘇正郞韻。 其二	한적(tranquility)	42	27%	term	차운(제목 donate 무시)
P05316	和斗峯復用寄尹參議，蘇正郞韻。 其三	애상(sympathy)	20	16%	term	차운(제목 donate 무시)
P05317	次斗峯寒食有感十二韻	애상(sympathy)	64	52%	title, term	
P05318	次斗峯遣興拗體韻	한적(tranquility)	75	82%	title, term	
P05319	次斗峯絶句韻	산악(mountain)	27	16%	term	
P05320	次斗峯絶句韻 其二	천문(astro)	26	16%	term	
P05321	次斗峯偶吟近體韻	현달(prosper)	38	14%	term	
P05322	次斗峯學士再用艘字韻	애상(sympathy)	28	16%	term	
P05323	次斗峯偶占長律韻	애상(sympathy)	42	27%	term	
P05324	再用前韻。戲述感懷。錄奉斗峯吟案。	애상(sympathy)	39	14%	term	
P05325	次韻。奉謝斗峯學士月夕枉駕衙舍。	천문(astro)	23	16%	term	차운(제목 donate 무시)
P05326	次韻。奉和斗峯學士寫懷見示之什。	회고(reminiscence)	61	52%	title	
P05327	次斗峯戀闕思親韻	천문(astro)	24	16%	term	
P05328	次斗峯戀闕思親韻 其二	애상(sympathy)	61	52%	term	
P05329	次斗峯疊用前韻	계절(season)	44	27%	term	
P05330	次斗峯疊用前韻 其二	애상(sympathy)	36	14%	term	
P05331	賜祭詔使之來也。迎接都監啓差製述官。上以邊封爲虞。特命勿召。謹賦長律一首。用述鄙懷。時萬曆三十七年歲在己酉暮春上旬。	변새(frontier)	40	27%	term	
P05332	宣慰使客中無聊。命移花樹。遍種階除。戲奉一絶。	한적(tranquility)	40	27%	term	
P05333	次斗峯種杜鵑花韻	애상(sympathy)	56	38%	term	
P05334	三月十一日曉夢中。偶占窓外空階階上苔。了無花樹有新梅一聯。又得疏篁似識騷翁意。故向窓前送影來一聯。覺而異之。補成絶句。	송별(farewell)	81	94%	title	
P05335	三月十一日曉夢中。偶占窓外空階階上苔。了無花樹有新梅一聯。又得疏篁似識騷翁意。故向窓前送影來一聯。覺而異之。補成絶句。 其二	송별(farewell)	81	94%	title	
P05336	寄上五峯相公 公時以觀象監提調。奉審胎峯于大丘府。	기증(donate)	97	94%	title	
P05337	三月十一日曉大雨。及午乍晴。北風振地。徹夜不止。十二日朝。天氣凜冽。泉水微凍。至十三十四日。雲陰晝曀。不得見日。	천문(astro)	57	38%	title	
P05338	次斗峯遣興韻	애상(sympathy)	47	27%	term	
P05339	次斗峯謾成韻	강해(water)	40	27%	term	
P05340	題斗峯學士詩卷後 十二韻○詩卷。卽到東萊以後作也。	유람(travel)	68	52%	title, term	
P05341	蠻使久不至。宣慰使斗峯李學士移赴慶州。率題以別。時己酉三月望後一日。	송별(farewell)	88	94%	title	
P05342	重題斗峯詩卷後	도화(picture)	64	52%	title	
P05343	春日書懷	회고(reminiscence)	60	52%	title	
P05344	三月十九日。日本使臣來。翌日設茶禮。書以志感。	계절(season)	52	38%	title	
P05345	奉寄五山車校理長律一首。公時以製述官。隨遠接使。赴義州。余嘗與公同佐槎幕。而公曾作日本之行。故篇內及之。	기증(donate)	81	94%	title	
P05346	三月晦日。釜山城上作。	산악(mountain)	53	38%	title	
P05347	四月八日。乃我東燈夕也。斗峯學士留駐釜山。奉送新酒一榼。兼呈長律一首。	송별(farewell)	63	52%	title, term	
P05348	寄贈濟州金 緻 判官	기증(donate)	97	94%	title	
P05349	寄贈濟州金 緻 判官 其二	기증(donate)	97	94%	title	
P05350	夏日書懷	회고(reminiscence)	64	52%	title, term	
P05351	雨中卽事	기타(others)	67	52%	title	
P05352	壽詞二篇。寄上五峯李相公。	기증(donate)	97	94%	title	
P05353	壽詞二篇。寄上五峯李相公。 其二	기증(donate)	97	94%	title	
P05354	金井山梵魚寺。次漢陰李相國韻。	불교(buddhism)	55	38%	title	
P05355	梵魚寺。贈惠晶長老。	기증(donate)	97	94%	title	
P05356	梵魚寺。贈妙全上人。	기증(donate)	97	94%	title	
P05357	梵魚寺。贈智安上人。	기증(donate)	97	94%	title	
P05358	梵魚寺。贈道元上人。	기증(donate)	97	94%	title	
P05359	謝惠晶長老以辛甘菜見寄 本草。當歸俗名辛甘。	기증(donate)	83	94%	title	
P05360	九友居士兄。自高陽香谷草堂寄滄浪成君仲深詩來。又以成君語求余和詩。乃步余韻也。余於丁未歲。宿香谷草堂。實正月二十一日。時大雪初霽。皎月如燭。與兄夜坐。吟翫徹曉。仍占五字數句。題諸壁上。成君今年過香谷。阻雪宿草堂。亦正月二十一日。不但月日相同。而雪夜淸景又同。或者天公好事。以草堂風致。分付我兩人而然耶。前後同遇。何其奇也。成君遂用余韻。爲之賦三篇。因求和於余。又何好奇之甚也。余一宿草堂。三變寒暑。來守萊山。奄踰兩春。而萊去高陽。千有餘里。嶺海之陬。瘴癘之鄕。簿書旁午。鞭扑紛囂。居常忽忽如在夢寐中人。草堂留題。漫不自省。置之相忘之域久矣。雪夜淸景。其何能復記耶。今讀成君詩。舊跡茫然。始認爲眞贗間。俄而。追念情境。宛然若在目前。輒書此以歸之。俾作草堂一奇事也。且余平日。嘗竊慕成君之風。成君今者。不以余爲鄙。旣步余韻。又索余和。抑非幸耶。故首篇致區區之意於成君焉。至如雪月淸夜。一般意味。不可以形諸毫端。兄與成君。當自知之。欲辨忘言者。其是之謂歟。東谷道人。書于東萊府之衙舍。	유람(travel)	62	52%	title	
P05361	九友居士兄。自高陽香谷草堂寄滄浪成君仲深詩來。又以成君語求余和詩。乃步余韻也。余於丁未歲。宿香谷草堂。實正月二十一日。時大雪初霽。皎月如燭。與兄夜坐。吟翫徹曉。仍占五字數句。題諸壁上。成君今年過香谷。阻雪宿草堂。亦正月二十一日。不但月日相同。而雪夜淸景又同。或者天公好事。以草堂風致。分付我兩人而然耶。前後同遇。何其奇也。成君遂用余韻。爲之賦三篇。因求和於余。又何好奇之甚也。余一宿草堂。三變寒暑。來守萊山。奄踰兩春。而萊去高陽。千有餘里。嶺海之陬。瘴癘之鄕。簿書旁午。鞭扑紛囂。居常忽忽如在夢寐中人。草堂留題。漫不自省。置之相忘之域久矣。雪夜淸景。其何能復記耶。今讀成君詩。舊跡茫然。始認爲眞贗間。俄而。追念情境。宛然若在目前。輒書此以歸之。俾作草堂一奇事也。且余平日。嘗竊慕成君之風。成君今者。不以余爲鄙。旣步余韻。又索余和。抑非幸耶。故首篇致區區之意於成君焉。至如雪月淸夜。一般意味。不可以形諸毫端。兄與成君。當自知之。欲辨忘言者。其是之謂歟。東谷道人。書于東萊府之衙舍。 其二	유람(travel)	62	52%	title	
P05362	九友居士兄。自高陽香谷草堂寄滄浪成君仲深詩來。又以成君語求余和詩。乃步余韻也。余於丁未歲。宿香谷草堂。實正月二十一日。時大雪初霽。皎月如燭。與兄夜坐。吟翫徹曉。仍占五字數句。題諸壁上。成君今年過香谷。阻雪宿草堂。亦正月二十一日。不但月日相同。而雪夜淸景又同。或者天公好事。以草堂風致。分付我兩人而然耶。前後同遇。何其奇也。成君遂用余韻。爲之賦三篇。因求和於余。又何好奇之甚也。余一宿草堂。三變寒暑。來守萊山。奄踰兩春。而萊去高陽。千有餘里。嶺海之陬。瘴癘之鄕。簿書旁午。鞭扑紛囂。居常忽忽如在夢寐中人。草堂留題。漫不自省。置之相忘之域久矣。雪夜淸景。其何能復記耶。今讀成君詩。舊跡茫然。始認爲眞贗間。俄而。追念情境。宛然若在目前。輒書此以歸之。俾作草堂一奇事也。且余平日。嘗竊慕成君之風。成君今者。不以余爲鄙。旣步余韻。又索余和。抑非幸耶。故首篇致區區之意於成君焉。至如雪月淸夜。一般意味。不可以形諸毫端。兄與成君。當自知之。欲辨忘言者。其是之謂歟。東谷道人。書于東萊府之衙舍。 其三	유람(travel)	62	52%	title	
P05363	余稟性樸直。不能矯勵。忝守邊疆。今已歲餘。瑕釁日生。詬辱交至。枉己違性。徇祿忘歸。寔古人所戒也。於是撫躬慨然。深愧平生。決意歸歟。告病乞罷。府中諸父老相與勸留。書以示之。時己酉五月初一日。	송별(farewell)	67	52%	title	
P05364	五月初十日。宣慰使因余謝病狀啓請罷。國法。邊倅遞。必待新官面代。然後發歸。故久留衙舍。溽暑鬱蒸。六月旬後。移居梵魚精舍。寓晶長老房。	유람(travel)	74	82%	title	
P05365	梵魚寺。聽溪聲而作。	불교(buddhism)	58	38%	title	
P05366	梵魚寺洞口作	한적(tranquility)	52	38%	term	
P05367	梵魚寺後。有泉流出巖底。味甚淸冽。	불교(buddhism)	50	38%	title	
P05368	午景甚熱。漱齒石泉。涼冷徹骨。喜而有賦。	계절(season)	79	82%	title, term	
P05369	梵魚寺卽景	한적(tranquility)	46	27%	term	
P05370	梵魚寺卽景 其二	불교(buddhism)	52	38%	title	
P05371	梵魚寺卽景 其三	불교(buddhism)	71	82%	title	
P05372	梵魚寺卽景 其四	불교(buddhism)	52	38%	title	
P05373	梵魚寺卽景 其五	불교(buddhism)	62	52%	title	
P05374	梵魚寺卽景 其六	불교(buddhism)	62	52%	title	
P05375	梵魚寺晩起	한적(tranquility)	52	38%	title, term	
P05376	梵魚寺月夜	애상(sympathy)	47	27%	term	
P05377	梵魚寺雨夜	불교(buddhism)	56	38%	title, term	
P05378	惠晶長老請賦一詩。劖諸石上。以爲後日之覽。輒書此以示。	불교(buddhism)	43	27%	term	
P05379	晶和尙設飯。詩以謝之。	불교(buddhism)	41	27%	term	
P05380	梵魚寺。曉起口號。	애상(sympathy)	43	27%	term	
P05381	留別敬祖上人	송별(farewell)	94	94%	title, term	
P05382	六月二十一日。發梵魚寺。遊通度寺。寺在梁山郡北四十五里鷲棲山下。	유람(travel)	90	94%	title	
P05383	六月二十一日。發梵魚寺。遊通度寺。寺在梁山郡北四十五里鷲棲山下。 其二	유람(travel)	88	94%	title	
P05384	通度寺。次道林上人韻。	불교(buddhism)	78	82%	title	
P05385	通度寺。次道林上人韻。 其二	불교(buddhism)	72	82%	title, term	
P05386	六月二十二日。發通度寺。如慶州。性源上人送至淸流洞口。願得一語。以爲後日面目。下馬走草。時上人亦向興海郡寺。	송별(farewell)	63	52%	title	
P05387	慶州館作	애상(sympathy)	67	52%	term	
P05388	六月二十五日。還到通度寺。書示仁暹上人。	유람(travel)	60	52%	title	
P05389	次妙彥上人詩卷韻	불교(buddhism)	56	38%	title	
P05390	次妙彥上人詩卷韻 其二	불교(buddhism)	57	38%	title	
P05391	通度寺。次仁暹上人韻。	불교(buddhism)	67	52%	title, term	
P05392	通度寺。次仁暹上人韻。 其二	불교(buddhism)	75	82%	title, term	
P05393	通度寺。次仁暹上人韻。 其三	불교(buddhism)	80	94%	title	
P05394	通度寺。贈文慧上人。	기증(donate)	97	94%	title	
P05395	通度寺。贈文慧上人。 其二	기증(donate)	97	94%	title	
P05396	七月初一日。發通度寺。抵梁山。書贈戒行上人。	기증(donate)	86	94%	title	
P05397	留別智禪上人	송별(farewell)	97	94%	title, term	
P05398	府中諸生來餞梁山。率題以別。	송별(farewell)	89	94%	title	
P05399	謝惠晶長老寄鞋	기증(donate)	97	94%	title, term	
P05400	題嶺南新樓	도화(picture)	61	52%	title	
P05401	題嶺南新樓 其二	도화(picture)	61	52%	title	
P05402	題嶺南新樓 其三	도화(picture)	57	38%	title	
P05403	次嶺南樓舊韻	건물(structure)	56	38%	title	
P05404	次嶺南樓舊韻 其二	건물(structure)	55	38%	title	
P05405	次嶺南樓舊韻 其三	송별(farewell)	39	14%	term	
P05406	嶺南樓。重題長律一首。以記卽景。	애상(sympathy)	61	52%	term	
P05407	贈幽谷驛吏方胤男	기증(donate)	97	94%	title	
P05408	戲題龍潭。容齋先生集。有海島，南遊，嶺南三錄。錄中有交龜院，龍潭等詩。	유람(travel)	65	52%	title	
P05409	七月十六日。鳥嶺途中作。	유람(travel)	96	94%	title	
P05410	鳥嶺嶺上口號	유람(travel)	47	27%	term	
P05411	戲嘲鳥嶺	산악(mountain)	15	17%	term	
P05412	七月十八日。自忠州金灘。乘舟下峽。	유람(travel)	54	38%	title	
P05413	舟中記興	강해(water)	58	38%	title	
P05414	題甓寺 壬寅八月。以湖西京試官。曾宿是寺。	유람(travel)	81	94%	title, term	
P05415	七月十九日。阻風斗尾。斗尾。或云豆彌。	애상(sympathy)	41	27%	term	
P05416	舟次斗尾。望道峯山。喜而有賦。	애상(sympathy)	46	27%	term	
P05417	舟中書懷	강해(water)	62	52%	title	
P05418	附倭使酬唱詩 宣醞禮畢。設讌行酒。蘇上人席上有賦。索和甚勤。走筆書贈。三月二十五日	기증(donate)	97	94%	title	
P05419	附倭使酬唱詩 附原韻	애상(sympathy)	46	27%	term	
P05420	附倭使酬唱詩 次韻贈蘇上人	불교(buddhism)	50	38%	title	차운(제목 donate 무시)
P05421	附倭使酬唱詩 附	애상(sympathy)	46	27%	term	
P05422	附倭使酬唱詩 次韻。示蘇上人。	불교(buddhism)	56	38%	title	
P05423	附倭使酬唱詩 附	유람(travel)	49	27%	term	
P05424	附倭使酬唱詩 仙巢上人以我爲蓬萊守。戲示一絶。要得仙方。次其韻而答之。東萊別號蓬萊	송별(farewell)	95	94%	title	
P05425	附倭使酬唱詩 附原韻	인물(person)	38	14%	term	
P05426	附倭使酬唱詩 次韻贈蘇上人	불교(buddhism)	56	38%	title	차운(제목 donate 무시)
P05427	附倭使酬唱詩 附	애상(sympathy)	50	38%	term	
P05428	附倭使酬唱詩 卽席次韻。答玄蘇上人。時盤案上設蓴菜。上人引以張翰事。便有促歸語。且上人詩中。歸思甚多。故篇內解之。四月十八日。晝奉杯作。	송별(farewell)	68	52%	title	
P05429	附倭使酬唱詩 附原韻	애상(sympathy)	51	38%	term	
P05430	附倭使酬唱詩 卽席。次蘇上人韻。	불교(buddhism)	80	94%	title	
P05431	附倭使酬唱詩 附原韻	애상(sympathy)	55	38%	term	
P05432	附倭使酬唱詩 卽席。次玄蘇上人韻。四月二十二日宴享時作	회고(reminiscence)	42	27%	term	
P05433	附倭使酬唱詩 附原韻	강해(water)	40	27%	term	
P05434	附倭使酬唱詩 卽席聯句同上日作	산악(mountain)	17	17%	term	
P05435	庚戌二月二十一日。除授潭陽府使。二十九日。辭陛出城。吏曹啓曰。潭陽有山城。爲湖南控扼之地。府使不可尋常差遣令。備邊司議薦。	애상(sympathy)	44	27%	term	
P05436	庚戌二月二十一日。除授潭陽府使。二十九日。辭陛出城。吏曹啓曰。潭陽有山城。爲湖南控扼之地。府使不可尋常差遣令。備邊司議薦。 其二	강해(water)	53	38%	title	
P05437	二月二十一日。鶴谷洪輝世令公。以關東方伯。辭朝而行。是日。余拜潭府。乃以二十九日。啓程之任。適奉鶴谷行到原州驛館。見寄別什。輒草近體一首。附諸歸使。	송별(farewell)	65	52%	title, term	
P05438	次洪監司輝世令公原州道中見寄之韻	기증(donate)	87	94%	title	
P05439	二月二十九日。乃春分也。國法。守令過春分後。不得挈眷。故二十九日。奉慈侍出東門。駐臺山別墅。以待邑人來迓。乃於三月十六日。渡三田津。登道南行。馬上口占。	송별(farewell)	70	82%	title	
P05440	三月十八日。振威道中作。	유람(travel)	66	52%	title	
P05441	題新昌縣拱北亭	건물(structure)	79	82%	title	
P05442	過德山縣高山里。訪李子善 榮元 幽居。山花滿村。迷不知路。回馬出洞。口號一絶。時三月二十三日。	유람(travel)	76	82%	title	
P05443	李子善聞余空過。走人來邀。書此以寄。	기증(donate)	75	82%	title	
P05444	渡白馬江。憩扶餘縣。三月二十八日。是日宿石城地。	유람(travel)	88	94%	title	
P05445	扶餘館。用板上諸公韻。	회고(reminiscence)	42	27%	term	
P05446	扶餘館。用板上諸公韻。 其二	한적(tranquility)	43	27%	term	
P05447	扶餘館。用板上諸公韻。 其三	한적(tranquility)	46	27%	term	
P05448	釣龍臺	건물(structure)	56	38%	title, term	
P05449	落花巖	건물(structure)	53	38%	title	
P05450	二月二十九日。發石城甑山村。過恩津縣。憩礪山郡。宿全州參禮驛。京畿之界。盡於振威。湖西之界。盡於恩津。礪山。乃湖南地也。	유람(travel)	93	94%	title, term	
P05451	閏三月初一日。參禮驛作。是日過金溝縣。宿泰仁古縣內。	유람(travel)	96	94%	title	
P05452	閏三月初二日。踰鷗峙嶺。次淳昌袱坪村。初三日。踰大小夫老只兩嶺。次潭陽正覺山。途中口占。	유람(travel)	77	82%	title	
P05453	閏三月初四日。入潭陽府。夜坐書懷。	회고(reminiscence)	61	52%	title, term	
P05454	鄭秀才 大伸 挽詞 故承旨諱淹之子。居光州。乃我再從姊夫也。	애상(sympathy)	90	94%	title	
P05455	春後戲占。自到潭陽。作詩甚疏。	유람(travel)	68	52%	title	
P05456	飮淳昌館。乘月醉歸。醒後記興。	송별(farewell)	88	94%	title	
P05457	羅州席上。醉中戲書。	변새(frontier)	49	27%	term	
P05458	羅州席上。醉中戲書。 其二	애상(sympathy)	56	38%	term	
P05459	郡齋閑居。喜聽風竹。	건물(structure)	56	38%	title	
P05460	風詠亭。次壁上韻。亭在光州北仙滄里。故判校金公彥琚之宅也。公之庶子光符及孫致遠等。時居亭下。	건물(structure)	81	94%	title	
P05461	風詠亭。次壁上韻。亭在光州北仙滄里。故判校金公彥琚之宅也。公之庶子光符及孫致遠等。時居亭下。 其二	건물(structure)	80	94%	title	
P05462	壽詞二首。寄上五峯相公。	기증(donate)	97	94%	title	
P05463	壽詞二首。寄上五峯相公。 其二	기증(donate)	96	94%	title	
P05464	景陽館。戲示李 泰男 察訪。	애상(sympathy)	48	27%	term	
P05465	題竹軒。軒在衙舍之後。庭前竹林。蒼翠如雲。風至瀏瀏。爽氣徹骨。嘗在東萊時。廨宇中有梅數十株。自臘後至仲春。次第盛開。每於月夕。吟玩其下。故戲書以記之。	유람(travel)	60	52%	title	
P05466	贈雲逸上人	기증(donate)	97	94%	title	
P05467	次石洲權汝章韻。題姪樴家壁上。去年春。余守東萊。汝章客遊湖南。過古阜雨日里。從我再從姪樴飮。留贈一絶。有見憶語。今者。汝章在京。余來過樴。樴以汝章詩求屬和。次其韻而贈之。	유람(travel)	63	52%	title	차운(제목 donate 무시)
P05468	次石洲權汝章韻。題姪樴家壁上。去年春。余守東萊。汝章客遊湖南。過古阜雨日里。從我再從姪樴飮。留贈一絶。有見憶語。今者。汝章在京。余來過樴。樴以汝章詩求屬和。次其韻而贈之。 其二	유람(travel)	65	52%	title	차운(제목 donate 무시)
P05469	奉次拱北堂韻。寄上順天柳使君 永詢 令公。	건물(structure)	59	38%	title	차운(제목 donate 무시)
P05470	奉次拱北堂韻。寄上順天柳使君 永詢 令公。 其二	건물(structure)	74	82%	title	차운(제목 donate 무시)
P05471	奉寄順天府伯柳令公。用拱北堂韻。	건물(structure)	53	38%	title	차운(제목 donate 무시)
P05472	奉次淳昌沈明府韻	천문(astro)	22	16%	term	
P05473	次一珠上人詩卷韻	불교(buddhism)	52	38%	title	
P05474	次一珠上人詩卷韻 其二	애상(sympathy)	40	27%	term	
P05475	送一珠上人遊智異山。次軸上韻。	송별(farewell)	78	82%	title	
P05476	寄送禮曹趙正郞持世以謝恩使書狀官赴北京	송별(farewell)	63	52%	title	
P05477	俛仰亭。次壁上韻。亭在府南十里許。故四宰宋相公諱純之宅也。晩歲退休。作亭以居。以終老云。	건물(structure)	89	94%	title	
P05478	俛仰亭。次壁上韻。亭在府南十里許。故四宰宋相公諱純之宅也。晩歲退休。作亭以居。以終老云。 其二	건물(structure)	85	94%	title	
P05479	俛仰亭。次壁上韻。亭在府南十里許。故四宰宋相公諱純之宅也。晩歲退休。作亭以居。以終老云。 其三	건물(structure)	89	94%	title	
P05480	俛仰亭。次壁上韻。亭在府南十里許。故四宰宋相公諱純之宅也。晩歲退休。作亭以居。以終老云。 其四	건물(structure)	94	94%	title	
P05481	題守眞堂 堂在風詠亭東麓。亭主金光符所居之室也。	건물(structure)	82	94%	title	
P05482	題守眞堂 堂在風詠亭東麓。亭主金光符所居之室也。 其二	건물(structure)	82	94%	title	
P05483	與白進士善鳴 振南，林進士子立 得信，同遊浩歌亭 亭在光州西馬谷里故鍾城府使柳公諱泗之宅也。	건물(structure)	72	82%	title	
P05484	與白進士善鳴 振南，林進士子立 得信，同遊浩歌亭 亭在光州西馬谷里故鍾城府使柳公諱泗之宅也。 其二	건물(structure)	71	82%	title	
P05485	題浩歌亭。爲柳秀才珣作。君卽鍾城公之孫也。	건물(structure)	79	82%	title	
P05486	題浩歌亭。爲柳秀才珣作。君卽鍾城公之孫也。 其二	건물(structure)	80	94%	title	
P05487	浩歌亭。曉起卽事。次壁上韻。	건물(structure)	70	82%	title	
P05488	郡齋秋夜作	계절(season)	52	38%	title	
P05489	秋日題郡齋	도화(picture)	56	38%	title	
P05490	贈別鄭河	송별(farewell)	74	82%	title, term	제목보정
P05491	重贈鄭河	기증(donate)	97	94%	title	
P05492	遊無等山	유람(travel)	69	52%	title, term	
P05493	以蟹酒二物。奉寄鄭子羽 振溟 進士。邀與賞菊。	기증(donate)	97	94%	title	
P05494	九月九日書感。承聞是日謁聖取士。壬寅重陽。曾以侍臣從駕謁聖。	한적(tranquility)	46	27%	term	
P05495	次德連上人詩卷韻	한적(tranquility)	39	14%	term	
P05496	洪楫上人。自長城佛臺山。來訪衙舍。以一絶爲贄。索余語甚勤。盛意不可拒。輒次其韻以贈。	건물(structure)	53	38%	title	차운(제목 donate 무시)
P05497	洪楫上人。自長城佛臺山。來訪衙舍。以一絶爲贄。索余語甚勤。盛意不可拒。輒次其韻以贈。 其二	건물(structure)	54	38%	title, term	차운(제목 donate 무시)
P05498	夜坐聽琴	애상(sympathy)	67	52%	term	
P05499	秋夜述懷	애상(sympathy)	62	52%	title, term	
P05500	次廣源上人詩卷韻	불교(buddhism)	63	52%	title	
P05501	義淳上人。以栗谷先生贈其師祖惠長老詩。來示索和。敬次其韻而贈之。	불교(buddhism)	56	38%	title	차운(제목 donate 무시)
P05502	奉次磐桓洪群玉 千璟 典籍見寄之韻	기증(donate)	97	94%	title	
P05503	奉次磐桓洪群玉 千璟 典籍見寄之韻 其二	기증(donate)	83	94%	title	
P05504	題山城南門樓上	건물(structure)	60	52%	title	
P05505	郡齋書懷	회고(reminiscence)	61	52%	title	
P05506	秋日郡齋。風雨暴至。覽物書感。	천문(astro)	54	38%	title	
P05507	謝鄭進士子羽以松茸見遺	송별(farewell)	42	27%	term	
P05508	俛仰亭。書示梁提督子漸。	건물(structure)	72	82%	title	
P05509	俛仰亭。次梁子漸韻。	건물(structure)	85	94%	title	
P05510	九月晦日。竹軒雨中。奉次磐桓洪典籍群玉韻。	애상(sympathy)	43	27%	term	
P05511	卽席走筆。復用前韻。	애상(sympathy)	42	27%	term	
P05512	卽席走筆。復用前韻。 其二	애상(sympathy)	48	27%	term	
P05513	卽席走筆。復用前韻。 其三	애상(sympathy)	48	27%	term	
P05514	卽席走筆。復用前韻。 其四	유람(travel)	47	27%	term	
P05515	郡齋日夕	한적(tranquility)	40	27%	term	
P05516	贈李萬戶用濟	기증(donate)	97	94%	title	
P05517	贈李萬戶用濟 其二	기증(donate)	97	94%	title	
P05518	許別坐 思益 挽詞	송별(farewell)	62	52%	title	
P05519	追酬松湖白善鳴進士秋日見寄	기증(donate)	87	94%	title	
P05520	追酬松湖白善鳴進士秋日見寄 其二	기증(donate)	87	94%	title	
P05521	奉簡白善鳴。兼寄橘屋尹司書光啓 景說學士。	기증(donate)	87	94%	title	
P05522	奉寄橘屋尹景說	기증(donate)	97	94%	title	
P05523	奉簡松湖白進士。兼示橘屋尹學士。	강해(water)	61	52%	title	
P05524	冬日題郡齋	도화(picture)	61	52%	title	
P05525	雪後登山城	천문(astro)	61	52%	title	
P05526	雪中題竹軒	천문(astro)	56	38%	title	
P05527	竹軒對雪作	천문(astro)	63	52%	title	
P05528	贈敬悟上人	기증(donate)	97	94%	title	
P05529	除夜	강해(water)	44	27%	term	
P05530	辛亥元日 戲占干支字爲韻	회고(reminiscence)	39	14%	term	
P05531	去歲孟秋。一珠上人。持書軸來示。告以往遊伽倻，智異等山。願得一語。遂次其卷中韻爲別。今年正月。歸自嶺南。復來求詩。輒書此以贈。	송별(farewell)	66	52%	title	차운(제목 donate 무시)
P05532	題信堅上人詩卷	불교(buddhism)	53	38%	title, term	
P05533	去歲閏三月之初。余始到府。庭梅數樹。零落已盡。今年正月中。春寒甚峭。梅尙未開。余將解印北歸。方以不見梅爲恨。府居宋碩美。乃俛仰宋相公之孫也。以盆梅一株見遺。數花初發。古槎絶奇。喜而有賦。	유람(travel)	80	94%	title, term	
P05534	萬曆三十九年正月十一日。左副承旨成貼。今觀本道觀察使狀啓。爾令明志潔。先賴後力。山城凡事。着意措置。極爲可嘉。玆賜表裏一襲。爾其領受事。有旨書狀。臣於本月二十日。在本府祗受。臣拜命荷恩。無任激切兢惶之至。謹綴七言近體詩一首。書于潭陽府之衙軒。	건물(structure)	61	52%	title	
P05535	次雲逸上人詩卷韻	불교(buddhism)	64	52%	title, term	
P05536	次雲逸上人詩卷韻 其二	회고(reminiscence)	46	27%	term	
P05537	竹軒雨中	천문(astro)	52	38%	title	
P05538	金秀才 軾 伯瞻。乃我曾祖母曾姪孫。於我三從表兄也。世居光州漆石村。來言里中有池亭之勝。昔者梁松川 應鼎 牧本州時。曾題一絶。高霽峯敬命 和之。因書示余。請步其韻。拙不獲拒。敢蹈續貂之譏云。	건물(structure)	79	82%	title	
P05539	金秀才 軾 伯瞻。乃我曾祖母曾姪孫。於我三從表兄也。世居光州漆石村。來言里中有池亭之勝。昔者梁松川 應鼎 牧本州時。曾題一絶。高霽峯敬命 和之。因書示余。請步其韻。拙不獲拒。敢蹈續貂之譏云。 其二	건물(structure)	79	82%	title	
P05540	二月初四日。發潭陽。還京城。	유람(travel)	88	94%	title	
P05541	宿公州山城。奉簡十梅軒主人石陽正。	유람(travel)	81	94%	title	
P05542	錦江丞問答	송별(farewell)	38	14%	term	
P05543	錦江丞問答 其二	변새(frontier)	39	14%	term	
P05544	二月二十一日。渡漢江入京城。去年二月二十九日。拜辭出城。至是凡十有四月。合三百七十六日。	유람(travel)	58	38%	title, term	
P05545	三月二十五日。被䮕罷職。司諫院啓曰。凡爲守令者。不可一日曠廢職事。潭陽府使李某。以掃墳受由上京。久不還官。方春之節。民弊不貲。請命罷職。蓋院官知余不樂潭府。姑爲論罷。令免棄官之律也。	산악(mountain)	17	17%	term	
P05546	四月二十一日。祗受表裏而作。	한적(tranquility)	38	14%	term	
P05547	九月十二日。仲氏宰石縣下考狀啓到京。是日。余拜錦州。	유람(travel)	90	94%	title	
P05548	十月十二日。拜辭闕下。行出京城而作。	유람(travel)	52	38%	title	
P05549	沙坪院	회고(reminiscence)	36	14%	term	
P05550	題鄭參判 協 野居 在果川縣	도화(picture)	60	52%	title	
P05551	過鄭參判郊居。宿良才驛。翌朝。參判送酒見問。戲書以謝。	송별(farewell)	62	52%	title	
P05552	良才驛口占	유람(travel)	54	38%	title	
P05553	十月十三日。板橋道中。	유람(travel)	76	82%	title	
P05554	十月十五日。憩稷山愁歇院。過天安郡。宿淸州德坪店。	유람(travel)	92	94%	title	
P05555	錦江舟中	강해(water)	62	52%	title	
P05556	十月十六日。午憩公州弓院。夕次利仁驛。翌日黎明。與仲氏奉大夫人而行。	유람(travel)	69	52%	title	
P05557	蘇掌令子實挽詞	애상(sympathy)	93	94%	title	
P05558	任參奉寬甫挽詞	애상(sympathy)	97	94%	title	
P05559	任參奉寬甫挽詞 其二	애상(sympathy)	97	94%	title, term	
P05560	任參奉寬甫挽詞 其三	애상(sympathy)	97	94%	title	
P05561	任參奉寬甫挽詞 其四	애상(sympathy)	97	94%	title, term	
P05562	十月十七日。宿尼山縣。戲書壁上。反白樂天太半主人非之句。	유람(travel)	80	94%	title	
P05563	十月十八日。宿連山。十九日。次珍山。	유람(travel)	86	94%	title	
P05564	十月十八日。宿連山。十九日。次珍山。 其二	유람(travel)	87	94%	title, term	
P05565	十月二十日。入錦山郡作。	유람(travel)	61	52%	title	
P05566	十月二十日。入錦山郡作。 其二	유람(travel)	59	38%	title	
P05567	十月二十日。入錦山郡作。 其三	유람(travel)	59	38%	title	
P05568	濟原察訪徐 希恕 景推。以絶句十首，乾魚三十尾見問。次其韻而謝之。	천문(astro)	19	17%	term	차운(제목 donate 무시)
P05569	濟原察訪徐 希恕 景推。以絶句十首，乾魚三十尾見問。次其韻而謝之。 其二	송별(farewell)	37	14%	term	차운(제목 donate 무시)
P05570	濟原察訪徐 希恕 景推。以絶句十首，乾魚三十尾見問。次其韻而謝之。 其三	한적(tranquility)	40	27%	term	
P05571	濟原察訪徐 希恕 景推。以絶句十首，乾魚三十尾見問。次其韻而謝之。 其四	변새(frontier)	36	14%	term	차운(제목 donate 무시)
P05572	題安城倉	도화(picture)	61	52%	title	
P05573	題安城倉 其二	도화(picture)	61	52%	title	
P05574	召爾津道中。遇雪。	천문(astro)	57	38%	title	
P05575	寄酬正字姪。用錦江韻。	염정(desire)	36	14%	term	차운(제목 donate 무시)
P05576	寄酬正字姪。用錦江韻。 其二	천문(astro)	22	16%	term	차운(제목 donate 무시)
P05577	題雙檜堂。用故洪舍人 迪 韻。	건물(structure)	53	38%	title	
P05578	哭蘇子實墓	애상(sympathy)	66	52%	title, term	
P05579	哭蘇子實墓 其二	애상(sympathy)	55	38%	title, term	
P05580	哭蘇子實墓 其三	애상(sympathy)	53	38%	title	
P05581	奉次石陽正灘隱見寄之韻	회고(reminiscence)	40	27%	term	차운(제목 donate 무시)
P05582	奉次石陽正灘隱見寄之韻 其二	애상(sympathy)	42	27%	term	차운(제목 donate 무시)
P05583	仙巖 巖在郡治東二十里之外錦溪下流之上。	애상(sympathy)	45	27%	term	
P05584	寄贈咸鏡道李德餘 慶倬 都事	기증(donate)	97	94%	title	
P05585	郡齋對雪。奉寄石陽正灘隱。	기증(donate)	85	94%	title	
P05586	郡齋對雪。奉寄石陽正灘隱。 其二	기증(donate)	84	94%	title	
P05587	十二月二十二日。大雪。	천문(astro)	57	38%	title	
P05588	十二月二十二日。大雪。 其二	천문(astro)	64	52%	title	
P05589	郡齋雪後晩眺	천문(astro)	66	52%	title	
P05590	郊行馬上卽事	기타(others)	65	52%	title	
P05591	郡齋歲暮書懷	회고(reminiscence)	62	52%	title	
P05592	除日	애상(sympathy)	50	38%	term	
P05593	除夜	기타(others)	49	27%	term	
P05594	除夜次徐察訪景推韻	애상(sympathy)	73	82%	term	
P05595	壬子元日	기타(others)	42	27%	term	
P05596	奉酬權汝章用龍灣正月初三日詠雪韻見寄之作	천문(astro)	65	52%	title	차운(제목 donate 무시)
P05597	奉酬權汝章用龍灣正月初三日詠雪韻見寄之作 其二	천문(astro)	59	38%	title	차운(제목 donate 무시)
P05598	奉寄江界金冠玉明府	기증(donate)	88	94%	title	
P05599	奉寄江界金冠玉明府 其二	기증(donate)	97	94%	title	
P05600	奉寄李承旨 惟弘 大中 時謫江界	기증(donate)	87	94%	title, term	
P05601	正月十三日。夜坐郡齋。月色甚佳。因誦月沙大學士新歲旬三之什。自丁未迄今壬子。奄忽六寒暑之間。三佩左符。淪落湖外。文酒盛會。邈若異世事。撫己感時。慨然興懷。輒用前韻。寄呈仲兄宅席上諸老先生。庸抒微志。敢希和敎。	유람(travel)	53	38%	title	차운(제목 donate 무시)
P05602	聞濟原驛亭有梅新發。戲寄徐察訪景推。	기증(donate)	65	52%	title	
P05603	濟原驛賞梅。口號絶句。	식물(plant)	52	38%	title	
P05604	題濟原驛亭老梅樹上	건물(structure)	75	82%	title	
P05605	贈宋秀才 興周 用宋監司 英耇 韻 君乃監司之從姪也	인물(person)	50	38%	title	차운(제목 donate 무시)
P05606	石陽正灘隱。在公州別墅。寄詩見邀。報晩梅已發。新醞方熟。適官務倥傯。未獲馳赴。謹次其韻以謝之。是日寒食。	송별(farewell)	62	52%	title	
P05607	石陽正灘隱。在公州別墅。寄詩見邀。報晩梅已發。新醞方熟。適官務倥傯。未獲馳赴。謹次其韻以謝之。是日寒食。 其二	송별(farewell)	62	52%	title	
P05608	石陽正灘隱。在公州別墅。寄詩見邀。報晩梅已發。新醞方熟。適官務倥傯。未獲馳赴。謹次其韻以謝之。是日寒食。 其三	송별(farewell)	62	52%	title	
P05609	奉簡石陽正。約共遊南島。島在郡南東五十里之地。山川絶奇。與茂朱縣夾水分界。	유람(travel)	68	52%	title, term	
P05610	淸明	계절(season)	39	14%	term	
P05611	春日郡齋。書贈義林上人。	기증(donate)	97	94%	title	
P05612	題義林上人詩卷	불교(buddhism)	63	52%	title, term	
P05613	遊降仙㙜 㙜在沃川郡南陽山倉之北。山川極佳。	유람(travel)	72	82%	title	
P05614	遊降仙㙜 㙜在沃川郡南陽山倉之北。山川極佳。 其二	유람(travel)	73	82%	title	
P05615	戲示任玄石絶句 二首	변새(frontier)	36	14%	term	
P05616	戲示任玄石絶句 二首 其二	회고(reminiscence)	38	14%	term	
P05617	奉謝石陽正見訪	기증(donate)	55	38%	title	
P05618	卽事。戲示石陽正。	기타(others)	62	52%	title	
P05619	三月十七日。與石陽正灘隱。聯轡而行。自召爾津乘小舠。沿流而下。宿反浦村。茂朱地也 翌日。遊羊嶺。宿南島。又翌日。至圓山。騎馬還郡。舟中紀行五首。	유람(travel)	79	82%	title, term	
P05620	三月十七日。與石陽正灘隱。聯轡而行。自召爾津乘小舠。沿流而下。宿反浦村。茂朱地也 翌日。遊羊嶺。宿南島。又翌日。至圓山。騎馬還郡。舟中紀行五首。 其二	유람(travel)	79	82%	title, term	
P05621	三月十七日。與石陽正灘隱。聯轡而行。自召爾津乘小舠。沿流而下。宿反浦村。茂朱地也 翌日。遊羊嶺。宿南島。又翌日。至圓山。騎馬還郡。舟中紀行五首。 其三	유람(travel)	78	82%	title	
P05622	三月十七日。與石陽正灘隱。聯轡而行。自召爾津乘小舠。沿流而下。宿反浦村。茂朱地也 翌日。遊羊嶺。宿南島。又翌日。至圓山。騎馬還郡。舟中紀行五首。 其四	유람(travel)	79	82%	title	
P05623	三月十七日。與石陽正灘隱。聯轡而行。自召爾津乘小舠。沿流而下。宿反浦村。茂朱地也 翌日。遊羊嶺。宿南島。又翌日。至圓山。騎馬還郡。舟中紀行五首。 其五	유람(travel)	78	82%	title	
P05624	奉別石陽正	송별(farewell)	92	94%	title, term	
P05625	用權汝章韻。贈朴 仁命 秀才堯夫。	회고(reminiscence)	39	14%	term	차운(제목 donate 무시)
P05626	贈別朴堯夫	송별(farewell)	74	82%	title, term	제목보정
P05627	龍潭漱玉軒。次板上韻。	애상(sympathy)	58	38%	term	
P05628	茂朱館。次李明宰 有慶 韻。	한적(tranquility)	49	27%	term	
P05629	奉贈茂朱李明宰。用板上兪㵢溪韻。	한적(tranquility)	39	14%	term	차운(제목 donate 무시)
P05630	春日題郡齋	도화(picture)	61	52%	title	
P05631	訪石陽正別墅。用壁上韻。	송별(farewell)	93	94%	title	
P05632	訪石陽正別墅。用壁上韻。 其二	송별(farewell)	97	94%	title, term	
P05633	訪石陽正別墅。用壁上韻。 其三	송별(farewell)	87	94%	title	
P05634	四月初九日。聞權汝章乃於本月初一日拿囚受刑。初二日遠竄慶源。未知所坐何事。愕然終日。夜不得寐。率爾口號。以自志云。	유람(travel)	61	52%	title	
P05635	四月初九日。聞權汝章乃於本月初一日拿囚受刑。初二日遠竄慶源。未知所坐何事。愕然終日。夜不得寐。率爾口號。以自志云。 其二	유람(travel)	61	52%	title	
P05636	四月十一日。聞汝章坐詩禍。	불교(buddhism)	39	14%	term	
P05637	四月十一日。聞汝章坐詩禍。 其二	변새(frontier)	53	38%	term	
P05638	四月十九日。聞石洲權汝章以本月初七日。歿於京城東門外逆旅之家。	건물(structure)	54	38%	title	
P05639	四月十九日。聞石洲權汝章以本月初七日。歿於京城東門外逆旅之家。 其二	애상(sympathy)	49	27%	term	
P05640	鎭安召林驛口占 時新聞石洲訃	애상(sympathy)	40	27%	term	
P05641	追次權汝章韻 聞汝章春日偶題一絶句曰。曉雨鶯聲滑。春江柳色深。如何艶陽節。悄悄動悲吟。不數日。以去年所賦諷諭詩句。被拿庭鞫。竟至不幸。故次其韻而哭之。	기타(others)	60	52%	title	
P05642	追次權汝章韻 聞汝章春日偶題一絶句曰。曉雨鶯聲滑。春江柳色深。如何艶陽節。悄悄動悲吟。不數日。以去年所賦諷諭詩句。被拿庭鞫。竟至不幸。故次其韻而哭之。 附次韻	기타(others)	60	52%	title	
P05643	追次權汝章韻 聞汝章春日偶題一絶句曰。曉雨鶯聲滑。春江柳色深。如何艶陽節。悄悄動悲吟。不數日。以去年所賦諷諭詩句。被拿庭鞫。竟至不幸。故次其韻而哭之。 附次韻 其二	기타(others)	60	52%	title	
P05644	追次權汝章韻 聞汝章春日偶題一絶句曰。曉雨鶯聲滑。春江柳色深。如何艶陽節。悄悄動悲吟。不數日。以去年所賦諷諭詩句。被拿庭鞫。竟至不幸。故次其韻而哭之。 附次韻 其三	기타(others)	56	38%	title	
P05645	哭石洲	애상(sympathy)	28	16%	term	
P05646	哭石洲 其二	애상(sympathy)	53	38%	term	
P05647	哭石洲 其三	천문(astro)	37	14%	term	
P05648	哭石洲 其四	애상(sympathy)	24	16%	term	
P05649	壽詞二首。寄上五峯相公。公年今滿六十	기증(donate)	97	94%	title	
P05650	壽詞二首。寄上五峯相公。公年今滿六十 其二	기증(donate)	94	94%	title	
P05651	聞新蟬	회고(reminiscence)	58	38%	term	
P05652	自六月初一日。連雨不絶。	유람(travel)	54	38%	title	
P05653	夏日久雨排悶有作	천문(astro)	61	52%	title	
P05654	苦熱淫雨。偶書述懷。	애상(sympathy)	63	52%	title	
P05655	衙軒庭前。新種烏斑竹數叢。頗多幽趣。奉簡徐察訪景推。要與共賞。答以病酒。不肯早來。戲書此以促。春日聞驛亭梅發。携酒馳往。曾與景推同劇飮。故首句云。	유람(travel)	63	52%	title	
P05656	徐察訪來。相對痛飮。扶醉夜歸。行到中路。暴風驟雨。衣冠盡濕。翌日。折簡來報。有好事多魔之語。戲占一絶以答。	유람(travel)	58	38%	title	
P05657	李秀才 曙 處。覓江城黃菊。本草云。菊有兩種。一種莖紫。氣香味甘。葉可作羹。爲眞菊。一種莖靑。作蒿艾。氣味苦。不堪食。名薏。抱朴子云。菊花與薏花相似。直以甘苦別之耳。王旻山居錄云。紫莖黃花引蔓者。是眞甘菊。餘者。皆蒿耳。吾東方菊花。名品頗多。有紅黃白淺深等種。唯以江城黃爲號者。花黃而味甚甘。此古人所謂眞菊也。	송별(farewell)	97	94%	title	
P05658	永同李縣監 厚根 妻宋氏挽詞 二首	애상(sympathy)	97	94%	title	
P05659	永同李縣監 厚根 妻宋氏挽詞 二首 其二	애상(sympathy)	97	94%	title	
P05660	七月十五日。徐景推以詩見問。次韻奉邀。	산악(mountain)	45	27%	term	
P05661	對荷花。奉柬徐察訪。	천문(astro)	25	16%	term	
P05662	秋夜有感。次徐景推察訪韻。	계절(season)	53	38%	title	
P05663	中秋不見月	계절(season)	55	38%	title, term	
P05664	中秋不見月 其二	계절(season)	55	38%	title	
P05665	八月十五日。與徐察訪景推。飮于城南溪橋之上。	건물(structure)	68	52%	title	
P05666	奉次觀察使韻	한적(tranquility)	39	14%	term	
P05667	益山李郡守 德一 挽詞 二首	애상(sympathy)	96	94%	title, term	
P05668	益山李郡守 德一 挽詞 二首 其二	애상(sympathy)	97	94%	title, term	
P05669	九月九日	회고(reminiscence)	41	27%	term	
P05670	重陽	한적(tranquility)	44	27%	term	
P05671	題歎逝亭	건물(structure)	79	82%	title	
P05672	寄題蘇湖亭。爲徐景推察訪作。	기증(donate)	68	52%	title	
P05673	寄題蘇湖亭。爲徐景推察訪作。 其二	기증(donate)	68	52%	title	
P05674	見庭菊新開憶臺山故墅	회고(reminiscence)	59	38%	title	
P05675	郡齋秋晩。有懷臺山別廬。	송별(farewell)	88	94%	title	
P05676	秋日無聊。偶出郊南。緣溪而行。藉草而坐。徐景推察訪亦來會。因成小酌。景推口號一絶。遂次其韻。	계절(season)	55	38%	title	
P05677	野酌翌日。用前韻。奉簡徐察訪。要共賞菊。	계절(season)	45	27%	term	
P05678	徐景推遇雨不得來。翌朝快晴。復用前韻奉寄以邀。	천문(astro)	57	38%	title	차운(제목 donate 무시)
P05679	窮秋日夕。愁坐悄然。忽騎馬出郊。登歎逝亭。走邀徐景推。細酌閑話。至夜分而歸。景推疊前韻。余亦同賦。	건물(structure)	73	82%	title	
P05680	窮秋日夕。愁坐悄然。忽騎馬出郊。登歎逝亭。走邀徐景推。細酌閑話。至夜分而歸。景推疊前韻。余亦同賦。 其二	건물(structure)	74	82%	title	
P05681	窮秋日夕。愁坐悄然。忽騎馬出郊。登歎逝亭。走邀徐景推。細酌閑話。至夜分而歸。景推疊前韻。余亦同賦。 其三	건물(structure)	74	82%	title	
P05682	秋日與徐景推遊箭灘	유람(travel)	71	82%	title	
P05683	箭灘舟中。次徐察訪韻。	강해(water)	62	52%	title	
P05684	鑷白髥	천문(astro)	21	16%	term	
P05685	十月十五日。對月口占。	천문(astro)	17	17%	term	
P05686	對菊獨酌。戲邀李進士 時 子中，李秀才 曙 子暘兄弟。	계절(season)	45	27%	term	
P05687	鑷白髮	동물(animal)	78	82%	title	
P05688	全州月夜。聽老妓彈琴。	염정(desire)	58	38%	title, term	
P05689	曉發全州。行到高山。朴明宰 安禮 立之見留索詩。卽席。戲次壁上韻以贈。	유람(travel)	83	94%	title	차운(제목 donate 무시)
P05690	高山拄笏軒。次板上絶句韻。	산악(mountain)	50	38%	title	
P05691	題安心寺	불교(buddhism)	62	52%	title, term	
P05692	宿安心寺。書勝寶上人詩卷。	유람(travel)	73	82%	title	
P05693	安心寺。遇光山令 珩。誦思庵朴相國贈其先公義陽守詩曰。松門夕陽斂。竹牖小燈微。春草何勞怨。王孫帶雪歸。因索余和。遂書此以示。	기증(donate)	97	94%	title	
P05694	對菊花。奉簡徐察訪。	애상(sympathy)	42	27%	term	
P05695	郡人金秀才拄天。有八十老親。貧無以爲養。偶得海魚十餘尾以遺之。作長律一首來謝。輒次其韻以答。	인물(person)	63	52%	title, term	
P05696	郡齋卽事。戲酬李進士子中用金拄天韻見問之作。	기타(others)	72	82%	title	
P05697	石陽正灘隱。爲義林上人。寫風竹梅月圖。上人仍請余題其上。	도화(picture)	70	82%	title, term	
P05698	郡齋雪中。題義林上人詩卷。師時往遊京畿山寺	유람(travel)	61	52%	title	
P05699	效白樂天	애상(sympathy)	45	27%	term	
P05700	印峻上人來。得白進士善鳴次贈義林上人韻。兼以甘橘見寄之什。遂書此以謝。用前韻。	불교(buddhism)	53	38%	title	차운(제목 donate 무시)
P05701	奉謝石陽正灘隱見訪	송별(farewell)	39	14%	term	
P05702	奉謝石陽正灘隱見訪 其二	기증(donate)	67	52%	title	
P05703	奉謝石陽正灘隱見訪 其三	기증(donate)	55	38%	title	
P05704	奉謝石陽正灘隱見訪 其四	애상(sympathy)	43	27%	term	
P05705	奉謝石陽正灘隱見訪 其五	기증(donate)	57	38%	title	
P05706	奉謝石陽正灘隱見訪 其六	회고(reminiscence)	41	27%	term	
P05707	奉謝石陽正灘隱見訪 其七	애상(sympathy)	49	27%	term	
P05708	奉謝石陽正灘隱見訪 其八	애상(sympathy)	49	27%	term	
P05709	十一月二十日。夢見北靑趙判官持世與龍灣女傷別。戲贈絶句一首。覺而記之。	기증(donate)	81	94%	title	
P05710	郡樓日夕。次徐察訪見寄之韻。	건물(structure)	50	38%	title	차운(제목 donate 무시)
P05711	奉酬徐景推疊用墻字韻。求和。	한적(tranquility)	44	27%	term	차운(제목 donate 무시)
P05712	郡倉雪中。戲寄徐察訪用前韻。	천문(astro)	72	82%	title	차운(제목 donate 무시)
P05713	郡倉雪中。戲寄徐察訪用前韻。 其二	천문(astro)	71	82%	title	차운(제목 donate 무시)
P05714	閏十一月初六日戲題呂延豐家	건물(structure)	54	38%	title, term	
P05715	閏十一月初六日戲題呂延豐家 其二	도화(picture)	59	38%	title	
P05716	次韻奉答金拄天秀才以柑橘栗屑等物見寄之什 金。本郡人。其家君大咸。年八十餘歲。時在郡地。而金爲人後。所後慈親。居于開寧縣。金時歸覲所後之家。	송별(farewell)	55	38%	title	차운(제목 donate 무시)
P05717	冬日書事。奉寄徐景推察訪。	기증(donate)	87	94%	title	
P05718	戲酬徐察訪景推用家字韻	건물(structure)	59	38%	title, term	
P05719	題身安寺 在郡東四十里	도화(picture)	59	38%	title	
P05720	奉寄白進士善鳴	기증(donate)	83	94%	title	
P05721	奉寄白進士善鳴 其二	기증(donate)	97	94%	title	
P05722	臘月初十日。大雨。	천문(astro)	57	38%	title	
P05723	奉送徐察訪景推以差員赴京城。察訪與月沙大學士同榜進士。故篇內云。	송별(farewell)	97	94%	title, term	
P05724	嗚呼謠二闋 懷石洲而作也	천문(astro)	40	27%	term	
P05725	嗚呼謠二闋 懷石洲而作也 其二	애상(sympathy)	43	27%	term	
P05726	郡人朴蕙。故醫官朴純儉之子也。以家藏詩帖。來示索題。用卷中韻以贈。	도화(picture)	53	38%	title	차운(제목 donate 무시)
P05727	臘月十六日立春	계절(season)	71	82%	title, term	
P05728	戲簡竹陰趙怡叔佐郞	기증(donate)	70	82%	title	
P05729	奉寄白沙尹承旨次野	기증(donate)	97	94%	title	
P05730	歲暮郡齋。遣興。	한적(tranquility)	60	52%	title	
P05731	歲除夜坐戲吟	변새(frontier)	37	14%	term	악부/제영(확신↓)
P05732	除夜	애상(sympathy)	20	16%	term	
P05733	除夜 其二	변새(frontier)	49	27%	term	
P05734	癸丑元日	변새(frontier)	38	14%	term	
P05735	正月初三日。雪中有懷權汝章用龍灣舊韻。寄上月沙大學士。兼簡東槎幕下同行諸君子。	천문(astro)	54	38%	title	차운(제목 donate 무시)
P05736	正月初三日。雪中有懷權汝章用龍灣舊韻。寄上月沙大學士。兼簡東槎幕下同行諸君子。 其二	천문(astro)	54	38%	title	차운(제목 donate 무시)
P05737	正月初一日至十二日。連雨不絶。	천문(astro)	75	82%	title	
P05738	謹次五峯相公兩絶句韻	애상(sympathy)	42	27%	term	
P05739	謹次五峯相公兩絶句韻 其二	계절(season)	15	17%	term	
P05740	次妙和上人詩卷韻 是日人日	불교(buddhism)	56	38%	title	
P05741	高山館。見梅花始開。	식물(plant)	58	38%	title	
P05742	詠新梅。題高山館。	도화(picture)	58	38%	title	
P05743	高山館。雨中對梅。奉別均田使朴叔夜 燁 令公。絶句二首。	송별(farewell)	91	94%	title, term	
P05744	高山館。雨中對梅。奉別均田使朴叔夜 燁 令公。絶句二首。 其二	송별(farewell)	83	94%	title	
P05745	瀛洲夢五首。爲朴叔夜承旨作。	염정(desire)	39	14%	term	
P05746	瀛洲夢五首。爲朴叔夜承旨作。 其二	천문(astro)	34	14%	term	
P05747	瀛洲夢五首。爲朴叔夜承旨作。 其三	애상(sympathy)	51	38%	term	
P05748	瀛洲夢五首。爲朴叔夜承旨作。 其四	한적(tranquility)	48	27%	term	
P05749	瀛洲夢五首。爲朴叔夜承旨作。 其五	애상(sympathy)	47	27%	term	
P05750	聞郡民吉安壽家有梅初發。馳往吟賞。口號絶句。	유람(travel)	83	94%	title	
P05751	聞郡民吉安壽家有梅初發。馳往吟賞。口號絶句。 其二	유람(travel)	88	94%	title	
P05752	聞郡民吉安壽家有梅初發。馳往吟賞。口號絶句。 其三	유람(travel)	90	94%	title	
P05753	聞郡民吉安壽家有梅初發。馳往吟賞。口號絶句。 其四	유람(travel)	90	94%	title	
P05754	聞郡民吉安壽家有梅初發。馳往吟賞。口號絶句。 其五	유람(travel)	90	94%	title	
P05755	聞郡民吉安壽家有梅初發。馳往吟賞。口號絶句。 其六	유람(travel)	90	94%	title	
P05756	題歎逝亭	건물(structure)	79	82%	title	
P05757	題歎逝亭 其二	건물(structure)	79	82%	title	
P05758	寄贈沖徽上人 師乃洪州人也。善爲詩。時來住郡東德裕山寺。	기증(donate)	97	94%	title	
P05759	安城倉館。喜沖徽上人袖詩來訪。走筆酬贈。	기증(donate)	97	94%	title	
P05760	安城倉館。喜沖徽上人袖詩來訪。走筆酬贈。 其二	기증(donate)	97	94%	title	
P05761	疊前韻。示沖徽上人。	불교(buddhism)	56	38%	title	
P05762	次韻。答沖徽上人。	애상(sympathy)	43	27%	term	
P05763	次韻。答沖徽上人。 其二	불교(buddhism)	53	38%	title	
P05764	復用沖徽上人韻。題安城倉。	도화(picture)	61	52%	title	
P05765	復用沖徽上人韻。題安城倉。 其二	도화(picture)	61	52%	title	
P05766	贈別沖徽上人還德裕山白蓮社。用芝峯李參判 睟光 題詩卷韻。	송별(farewell)	75	82%	title	제목보정
P05767	寒食	계절(season)	56	38%	title, term	
P05768	淸明	계절(season)	42	27%	term	
P05769	次韻贈惠煕上人	불교(buddhism)	64	52%	title	차운(제목 donate 무시)
P05770	次惠煕上人詩卷韻	불교(buddhism)	65	52%	title	
P05771	次惠煕上人詩卷韻 其二	불교(buddhism)	56	38%	title	
P05772	次惠煕上人詩卷韻 其三	불교(buddhism)	66	52%	title	
P05773	次惠煕上人詩卷韻 其四	한적(tranquility)	39	14%	term	
P05774	春日。復用權石洲韻。奉寄靈巖趙善述明宰。三首。	계절(season)	51	38%	title	차운(제목 donate 무시)
P05775	春日。復用權石洲韻。奉寄靈巖趙善述明宰。三首。 其二	애상(sympathy)	41	27%	term	차운(제목 donate 무시)
P05776	春日。復用權石洲韻。奉寄靈巖趙善述明宰。三首。 其三	계절(season)	52	38%	title, term	차운(제목 donate 무시)
P05777	奉簡李承旨立之 信元，李正淵淵 幼淵，金江界冠玉 瑬，沈修撰重卿 詻，尹監司靜春 暉，尹靈光德耀 煌，丁舍人士優 好善，鄭佐郞衛道 文翼，鄭成川翼之 弘翼，尹都事應聖 衡彥，請遵文潞公舊會。作爲同庚契。凡在朝同生辛者。同此。時萬曆癸丑春二月下浣。	계절(season)	53	38%	title	
P05778	萬曆四十一年二月初九日。同副承旨成貼。今觀本道觀察使狀啓。爾廉謹自將。極爲可嘉。特賜表裏一襲。爾其領受事。有旨。臣於本月二十六日。在本郡祗受。感激泣下。聊綴短韻。書于錦山郡之吏隱堂。	유람(travel)	60	52%	title	
P05779	春日。書郡齋壁上。	계절(season)	50	38%	title	
P05780	對庭花。有懷石洲。口號。	회고(reminiscence)	81	94%	title	
P05781	次韻。寄謝沖徽上人。	불교(buddhism)	58	38%	title	차운(제목 donate 무시)
P05782	次韻。寄謝沖徽上人。 其二	불교(buddhism)	52	38%	title, term	차운(제목 donate 무시)
P05783	處林上人袖苔軒高尙書 敬命 往在癸未春宰韓山時所贈兩絶句。來示請和。敬步其韻以贈之。師住德裕山圓寂菴。時年六十有六歲云。	기증(donate)	97	94%	title	
P05784	處林上人袖苔軒高尙書 敬命 往在癸未春宰韓山時所贈兩絶句。來示請和。敬步其韻以贈之。師住德裕山圓寂菴。時年六十有六歲云。 其二	기증(donate)	97	94%	title	
P05785	次韻。謝沖徽師見訪。	한적(tranquility)	37	14%	term	차운(제목 donate 무시)
P05786	次韻。謝沖徽師見訪。 其二	산악(mountain)	48	27%	term	차운(제목 donate 무시)
P05787	次韻。謝沖徽師見訪。 其三	산악(mountain)	19	17%	term	차운(제목 donate 무시)
P05788	次韻。謝沖徽師見訪。 其四	불교(buddhism)	38	14%	term	차운(제목 donate 무시)
P05789	次韻。謝沖徽師見訪。 其五	애상(sympathy)	44	27%	term	
P05790	贈徽師	기증(donate)	97	94%	title	
P05791	贈徽師 其二	기증(donate)	97	94%	title	
P05792	贈徽師 其三	기증(donate)	97	94%	title	
P05793	贈徽師 其四	기증(donate)	97	94%	title	
P05794	次徽師道中見寄韻	유람(travel)	53	38%	title	차운(제목 donate 무시)
P05795	次徽師道中見寄韻 其二	유람(travel)	57	38%	title	차운(제목 donate 무시)
P05796	題妙信沙彌詩卷	도화(picture)	53	38%	title	
P05797	對酒。憶權汝章。用曾祖容齋先生集中挹翠高軒久無主。屋梁明月想容姿。自從湖海風流盡。何處人間更有詩絶句韻。右曾祖讀翠軒詩而作也。	회고(reminiscence)	54	38%	title	
P05798	對梨花	계절(season)	38	14%	term	
P05799	錦州 二首	산악(mountain)	43	27%	term	
P05800	錦州 二首 其二	계절(season)	15	17%	term	
P05801	錦嶺	애상(sympathy)	43	27%	term	
P05802	春日。憶臺山故墅。	회고(reminiscence)	60	52%	title	
P05803	郡樓。月夜聞子規。	애상(sympathy)	45	27%	term	
P05804	郡樓。月夜聞子規。 其二	천문(astro)	53	38%	title	
P05805	次惠煕上人韻	불교(buddhism)	60	52%	title, term	
P05806	次惠煕上人韻 其二	불교(buddhism)	55	38%	title	
P05807	復用沖徽上人韻	불교(buddhism)	58	38%	title	
P05808	復用沖徽上人韻 其二	불교(buddhism)	56	38%	title	
P05809	三月三十日	한적(tranquility)	43	27%	term	
P05810	三月三十日 其二	애상(sympathy)	40	27%	term	
P05811	送春吟	송별(farewell)	93	94%	title	악부/제영(확신↓)
P05812	送春吟 其二	송별(farewell)	91	94%	title	
P05813	聞杜鵑	한적(tranquility)	48	27%	term	
P05814	元明上人以所藏詩卷。來示索題。亡友權汝章稿。亦在卷中。輒用其韻而贈之。	도화(picture)	53	38%	title	차운(제목 donate 무시)
P05815	郡齋述懷	애상(sympathy)	69	52%	title, term	
P05816	贈鄭友謙。用孟浩然聽鄭五愔琴韻。友謙。乃郡儒生也。自少家貧。不事生業。唯學琴一古調。歌以自娛云。	유람(travel)	53	38%	title	차운(제목 donate 무시)
P05817	遊歎逝亭。翌日記興。	건물(structure)	70	82%	title	
P05818	壽詞二首。寄上五峯相公。今年癸丑。乃公周甲。	기증(donate)	89	94%	title	
P05819	壽詞二首。寄上五峯相公。今年癸丑。乃公周甲。 其二	기증(donate)	90	94%	title	
P05820	郡齋書感。贈戒元上人。是日端午	기증(donate)	97	94%	title	
P05821	題戒元上人詩卷	도화(picture)	59	38%	title	
P05822	遊歎逝亭	건물(structure)	71	82%	title	
P05823	郡齋朝暮吟。四首。	계절(season)	50	38%	title	
P05824	郡齋朝暮吟。四首。 其二	계절(season)	50	38%	title	
P05825	郡齋朝暮吟。四首。 其三	계절(season)	50	38%	title	
P05826	郡齋朝暮吟。四首。 其四	계절(season)	50	38%	title	
P05827	題郡齋。余以辛亥十月二十日。到郡。至癸丑五月之晦。凡六百餘日。	유람(travel)	60	52%	title	
P05828	聞蟬	강해(water)	47	27%	term	
P05829	六月初九日。夢李養源 士浩 進士。	계절(season)	56	38%	title	
P05830	次學官李善竹哭石洲韻 元韻。玉樹摧殘埋九原。白頭於世欲無言。誰知二十八箇字。嫁作千秋萬歲冤。	계절(season)	56	38%	title	
P05831	七月初一日。書郡齋壁上。	애상(sympathy)	53	38%	term	
P05832	茂豐縣。奉呈寒岡鄭先生。	기증(donate)	97	94%	title	
P05833	八月十一日。夜夢中作。	애상(sympathy)	50	38%	term	
P05834	哭察訪兄 兄諱安性。字養伯。乃我曾王父容齋公第二男中樞府都事諱元祥之孫也。男植。文科及第。兄於壬辰兵火之後。寓居驪州田墅。葬於砥平縣地。	회고(reminiscence)	42	27%	term	
P05835	八月二十五日。早發郡城。詣德裕山九千洞精舍。訪沖徽師。	유람(travel)	89	94%	title, term	
P05836	召爾津上	강해(water)	44	27%	term	
P05837	茂朱縣西道中。口占。時戒元上人從我而來。同遊德裕山。	유람(travel)	70	82%	title	
P05838	德裕山洞中	한적(tranquility)	40	27%	term	
P05839	德裕山洞中 其二	산악(mountain)	60	52%	title, term	
P05840	題德裕山西麓石上。用徽公韻。	도화(picture)	54	38%	title	
P05841	題德裕山西麓石上。用徽公韻。 其二	도화(picture)	61	52%	title	
P05842	凌雲臺。用徽公溪上韻。	천문(astro)	54	38%	title	
P05843	題圓寂菴	도화(picture)	62	52%	title	
P05844	圓寂菴。贈處林長老。	기증(donate)	97	94%	title	
P05845	餐霞峯。戲示林長老。	애상(sympathy)	26	16%	term	
P05846	餐霞峯。戲示林長老。 其二	변새(frontier)	36	14%	term	
P05847	宿九千洞白蓮社。示徽公。	유람(travel)	82	94%	title	
P05848	宿九千洞白蓮社。示徽公。 其二	유람(travel)	81	94%	title	
P05849	九千洞。朝起口號。	유람(travel)	52	38%	title	
P05850	餐霞峯。次李秀才 曙 韻。	인물(person)	63	52%	title	
P05851	使君溪。示徽師。	계절(season)	38	14%	term	
P05852	使君溪。示徽師。 其二	불교(buddhism)	27	16%	term	
P05853	使君溪。用徽師韻。	애상(sympathy)	56	38%	term	
P05854	使君溪。用徽師韻。 其二	애상(sympathy)	40	27%	term	
P05855	使君溪。用徽師韻。 其三	계절(season)	39	14%	term	
P05856	使君溪。用徽師韻。 其四	천문(astro)	15	17%	term	
P05857	使君溪。用徽師韻。 附原韻	계절(season)	45	27%	term	
P05858	九月九日	계절(season)	65	52%	title, term	
P05859	九日。次李曙秀才韻。	계절(season)	50	38%	title	
P05860	九日。用陳簡齋韻。	계절(season)	59	38%	title, term	
P05861	九日。用陳簡齋韻。 其二	계절(season)	50	38%	title	
P05862	九日。用陳簡齋韻。 其三	계절(season)	52	38%	title	
P05863	九日。官菊未開。校生朴珽。折菊花數枝見贈。	기증(donate)	97	94%	title	
P05864	九日。次朴珽韻。謝贈菊。	계절(season)	63	52%	title	차운(제목 donate 무시)
P05865	郡民吉安壽。以黃菊一盆見遺。	송별(farewell)	37	14%	term	
P05866	九日。對吉安壽所贈盆菊。	기증(donate)	97	94%	title	
P05867	九日對菊	계절(season)	61	52%	title, term	
P05868	九日對菊 其二	계절(season)	56	38%	title	
P05869	詠菊。用李太白可歎東籬菊韻。	한적(tranquility)	19	17%	term	
P05870	奉謝龍潭曹明宰 應仁 見訪	애상(sympathy)	39	14%	term	
P05871	九月十九日	계절(season)	77	82%	title, term	
P05872	九月二十九日	계절(season)	73	82%	title	
P05873	安心寺。題勝寶上人詩卷。	불교(buddhism)	69	52%	title, term	
P05874	安心寺。題勝寶上人詩卷。 其二	불교(buddhism)	65	52%	title, term	
P05875	題恩津新館 時縣宰鄭君孝成重修館舍。甚宏麗。	도화(picture)	64	52%	title	
P05876	奉贈恩津鄭明宰 二首	기증(donate)	97	94%	title	
P05877	奉贈恩津鄭明宰 二首 其二	기증(donate)	97	94%	title	
P05878	恩津館。月夜呼韻	천문(astro)	60	52%	title	
P05879	十月初一日	회고(reminiscence)	46	27%	term	
P05880	戲詠錦中風土	유람(travel)	49	27%	term	
P05881	題吏隱堂	건물(structure)	53	38%	title	
P05882	題吏隱堂 其二	건물(structure)	53	38%	title	
P05883	題吏隱堂 其三	건물(structure)	54	38%	title	
P05884	題吏隱堂 其四	건물(structure)	53	38%	title	
P05885	題吏隱堂 其五	건물(structure)	53	38%	title	
P05886	題吏隱堂 其六	건물(structure)	53	38%	title	
P05887	題吏隱堂 其七	건물(structure)	53	38%	title	
P05888	題吏隱堂 其八	건물(structure)	53	38%	title	
P05889	題吏隱堂 其九	건물(structure)	53	38%	title	
P05890	題吏隱堂 其十	건물(structure)	53	38%	title	
P05891	題吏隱堂 其十一	건물(structure)	53	38%	title	
P05892	題吏隱堂 其十二	건물(structure)	53	38%	title	
P05893	題吏隱堂 其十三	건물(structure)	55	38%	title	
P05894	題吏隱堂 其十四	건물(structure)	53	38%	title	
P05895	題吏隱堂 其十五	한적(tranquility)	48	27%	term	
P05896	題吏隱堂 其十六	건물(structure)	53	38%	title	
P05897	題吏隱堂 其十七	건물(structure)	57	38%	title, term	
P05898	題吏隱堂 其十八	건물(structure)	53	38%	title	
P05899	題吏隱堂 其十九	건물(structure)	53	38%	title	
P05900	題吏隱堂 其二十	건물(structure)	53	38%	title	
P05901	題吏隱堂 其二十一	건물(structure)	53	38%	title	
P05902	題星谷書院	도화(picture)	54	38%	title	
P05903	癸丑十一月十四日。發錦山。赴慶州。郡中父老。設餞境上。	유람(travel)	90	94%	title	
P05904	離亭對月。戲贈送行諸生。	기증(donate)	81	94%	title	
P05905	李進士子中，李秀才子暘昆季與校中諸生。追至陽山。臨別口號。	송별(farewell)	85	94%	title, term	
P05906	李進士子中，李秀才子暘昆季與校中諸生。追至陽山。臨別口號。 其二	송별(farewell)	85	94%	title, term	
P05907	李進士子中，李秀才子暘昆季與校中諸生。追至陽山。臨別口號。 其三	송별(farewell)	80	94%	title, term	
P05908	十月二十一日。見本月十七日除目。移授慶州。吏曹牒至。啓除朝辭。許直赴府。十一月十四日。發錦山。次沃川郡陽山倉。途中口占。	유람(travel)	94	94%	title	
P05909	十一月十五日。次永同縣。伯仲兩兄。時皆扶侍而來。	애상(sympathy)	39	14%	term	
P05910	戲贈黃澗尹 民哲 明宰	기증(donate)	97	94%	title	
P05911	十一月十七日。宿金山郡吏田有性家。	유람(travel)	89	94%	title, term	
P05912	十一月十八日。憩開寧縣。次善山府。馬上有懷濟原察訪徐 希恕 景推。	회고(reminiscence)	59	38%	title	
P05913	十一月十八日。憩開寧縣。次善山府。馬上有懷濟原察訪徐 希恕 景推。 其二	회고(reminiscence)	62	52%	title, term	
P05914	十一月十八日。憩開寧縣。次善山府。馬上有懷濟原察訪徐 希恕 景推。 其三	회고(reminiscence)	59	38%	title	
P05915	十一月十九日。渡洛東江。憩海平縣。宿上林驛。	유람(travel)	90	94%	title	
P05916	洛東江舟中 餘次尼津也	강해(water)	64	52%	title, term	
P05917	十一月二十日。憩軍威召溪驛。次新寧縣。回寄錦山李進士 時 子中，曙 子暘昆季。	기증(donate)	93	94%	title	
P05918	十一月二十一日。宿永川郡。留示吳使君景虛 汝橃。時歸覲榮川。	유람(travel)	72	82%	title	
P05919	十一月二十二日。憩慶州北赤火谷。宿安康縣。	유람(travel)	82	94%	title	
P05920	十一月二十三日。宿四方村。	유람(travel)	95	94%	title	
P05921	十一月二十四日。入慶州府。	유람(travel)	59	38%	title	
P05922	題迎春軒三首。用板上五峯李相公金藏臺韻。	건물(structure)	54	38%	title	
P05923	題迎春軒三首。用板上五峯李相公金藏臺韻。 其二	건물(structure)	54	38%	title	
P05924	題迎春軒三首。用板上五峯李相公金藏臺韻。 其三	건물(structure)	54	38%	title	
P05925	戲贈李提督三省希聖。因送酒二壺。	기증(donate)	75	82%	title	
P05926	戲贈李提督三省希聖。因送酒二壺。 其二	기증(donate)	75	82%	title	
P05927	自錦溪移守鷄林。枉江陵鄭明府經世手札云。以貧易富。固好。第未知以靜換煩。復何如耳。戲題六絶句以答之。	유람(travel)	60	52%	title	
P05928	自錦溪移守鷄林。枉江陵鄭明府經世手札云。以貧易富。固好。第未知以靜換煩。復何如耳。戲題六絶句以答之。 其二	유람(travel)	60	52%	title	
P05929	自錦溪移守鷄林。枉江陵鄭明府經世手札云。以貧易富。固好。第未知以靜換煩。復何如耳。戲題六絶句以答之。 其三	유람(travel)	60	52%	title	
P05930	自錦溪移守鷄林。枉江陵鄭明府經世手札云。以貧易富。固好。第未知以靜換煩。復何如耳。戲題六絶句以答之。 其四	유람(travel)	60	52%	title	
P05931	自錦溪移守鷄林。枉江陵鄭明府經世手札云。以貧易富。固好。第未知以靜換煩。復何如耳。戲題六絶句以答之。 其五	유람(travel)	61	52%	title	
P05932	自錦溪移守鷄林。枉江陵鄭明府經世手札云。以貧易富。固好。第未知以靜換煩。復何如耳。戲題六絶句以答之。 其六	유람(travel)	60	52%	title	
P05933	戲贈樂工林德龍	기증(donate)	97	94%	title	
P05934	權舍人 盺 挽詞。爲觀察使權相公 盼 作。	애상(sympathy)	97	94%	title, term	
P05935	次徐察訪景推見寄韻	천문(astro)	19	17%	term	차운(제목 donate 무시)
P05936	次徐察訪景推見寄韻 其二	기몽(dream)	19	17%	term	차운(제목 donate 무시)
P05937	次徐察訪景推見寄韻 其三	송별(farewell)	37	14%	term	차운(제목 donate 무시)
P05938	十二月二十七日。大風以雨。夢遊兩宜堂故墟。是日立春。	유람(travel)	58	38%	title	
P05939	立春門帖	계절(season)	66	52%	title	
P05940	立春門帖 其二	계절(season)	81	94%	title	
P05941	立春門帖 其三	계절(season)	73	82%	title, term	
P05942	立春門帖 其四	계절(season)	63	52%	title	
P05943	除夜	애상(sympathy)	45	27%	term	
P05944	甲寅元日	한적(tranquility)	48	27%	term	
P05945	次東萊梵魚寺敬祖長老見寄韻	기증(donate)	80	94%	title	
P05946	次東萊梵魚寺敬祖長老見寄韻 其二	기증(donate)	84	94%	title	
P05947	次韻。送沈子虔 恪 都事還京城。	송별(farewell)	90	94%	title	
P05948	次韻。送沈子虔 恪 都事還京城。 其二	송별(farewell)	97	94%	title, term	
P05949	重贈沈都事子虔	기증(donate)	97	94%	title	
P05950	重贈沈都事子虔 其二	기증(donate)	97	94%	title	
P05951	奉次長水河察訪 渾 絶句韻	송별(farewell)	36	14%	term	
P05952	奉次長水河察訪 渾 絶句韻 其二	산악(mountain)	25	16%	term	
P05953	衙軒東庭。有老梅一株初發。	유람(travel)	90	94%	title	
P05954	題智訔上人詩卷。己酉春。在萊山。師袖箋來。丐詩。宣慰使斗峯李弼善 志完 養吾。首題一絶。余亦步其韻。今到鷄林。師又來訪。遂用前韻以贈。	유람(travel)	55	38%	title	차운(제목 donate 무시)
P05955	題智訔上人詩卷。己酉春。在萊山。師袖箋來。丐詩。宣慰使斗峯李弼善 志完 養吾。首題一絶。余亦步其韻。今到鷄林。師又來訪。遂用前韻以贈。 其二	유람(travel)	55	38%	title	차운(제목 donate 무시)
P05956	用校生黃瓛詠梅韻	계절(season)	40	27%	term	
P05957	用校生黃瓛詠梅韻 其二	식물(plant)	55	38%	title	
P05958	用校生黃瓛詠梅韻 其三	식물(plant)	70	82%	title	
P05959	月夜賞梅	천문(astro)	54	38%	title	
P05960	用校生柳尙忠詠梅韻	식물(plant)	78	82%	title	
P05961	用校生柳尙忠詠梅韻 其二	식물(plant)	55	38%	title	
P05962	用校生柳尙忠詠梅韻 其三	애상(sympathy)	39	14%	term	
P05963	用校生柳尙忠詠梅韻 其四	식물(plant)	55	38%	title	
P05964	用校生柳尙忠詠梅韻 其五	불교(buddhism)	41	27%	term	
P05965	用校生柳尙忠詠梅韻 其六	식물(plant)	55	38%	title	
P05966	用校生柳尙忠詠梅韻 其七	애상(sympathy)	49	27%	term	
P05967	用校生柳尙忠詠梅韻 其八	식물(plant)	58	38%	title	
P05968	用校生柳尙忠詠梅韻 其九	식물(plant)	58	38%	title	
P05969	用校生柳尙忠詠梅韻 其十	식물(plant)	56	38%	title	
P05970	雨中對梅	계절(season)	54	38%	title, term	
P05971	二月十三日。自北城外野墟。移古梅一株。植迎春軒東庭。全樹摧朽。東南三四枝開花頗盛。喜而有賦。	유람(travel)	53	38%	title	
P05972	二月十五日。月下翫梅。	애상(sympathy)	40	27%	term	
P05973	春日題衙軒	애상(sympathy)	42	27%	term	
P05974	奉和月沙相公歲朝垂寄之韻	기몽(dream)	19	17%	term	차운(제목 donate 무시)
P05975	奉和月沙相公歲朝垂寄之韻 其二	애상(sympathy)	63	52%	term	차운(제목 donate 무시)
P05976	兄山道中。有懷廣津別業。用每到花時不在家韻。	송별(farewell)	78	82%	title, term	
P05977	用金生宗一詠紅桃花韻	식물(plant)	58	38%	title	
P05978	用金生宗一詠紅桃花韻 其二	식물(plant)	55	38%	title	
P05979	用金生宗一詠紅桃花韻 其三	식물(plant)	61	52%	title, term	
P05980	次一英上人韻	불교(buddhism)	79	82%	title, term	
P05981	次一英上人韻 其二	불교(buddhism)	56	38%	title	
P05982	次一英上人韻 其三	불교(buddhism)	66	52%	title, term	
P05983	用敬一上人韻	불교(buddhism)	61	52%	title	
P05984	春晩	회고(reminiscence)	42	27%	term	
P05985	座首蔣啓賢家。次學長愼應立韻。	건물(structure)	55	38%	title	
P05986	座首蔣啓賢家。次學長愼應立韻。 其二	건물(structure)	70	82%	title	
P05987	和孫秀才宗賀用愼應立韻。作爲七言絶句。孫乃晦齋先生外王父兵曹參判鷄川君諱昭之玄孫也。	인물(person)	50	38%	title	
P05988	蔣啓賢家席上。戲示諸生。	건물(structure)	55	38%	title	
P05989	過愼學長應立書齋。追寄三絶句。次其韻以答之。愼。晉州人也。避亂流寓。因留府地。敎訓童蒙。諸生等爲作小齋于兄江之上以居之。	유람(travel)	70	82%	title, term	차운(제목 donate 무시)
P05990	過愼學長應立書齋。追寄三絶句。次其韻以答之。愼。晉州人也。避亂流寓。因留府地。敎訓童蒙。諸生等爲作小齋于兄江之上以居之。 其二	유람(travel)	68	52%	title	차운(제목 donate 무시)
P05991	過愼學長應立書齋。追寄三絶句。次其韻以答之。愼。晉州人也。避亂流寓。因留府地。敎訓童蒙。諸生等爲作小齋于兄江之上以居之。 其三	유람(travel)	69	52%	title	차운(제목 donate 무시)
P05992	疊用前韻寄贈愼應立	산악(mountain)	17	17%	term	차운(제목 donate 무시)
P05993	疊用前韻寄贈愼應立 其二	한적(tranquility)	42	27%	term	차운(제목 donate 무시)
P05994	疊用前韻寄贈愼應立 其三	한적(tranquility)	44	27%	term	차운(제목 donate 무시)
P05995	復用江字。簡愼學長。兼寄酒二壺。	기증(donate)	97	94%	title	
P05996	次進士權應立謝酒韻	기타(others)	36	14%	term	차운(제목 donate 무시)
P05997	次進士權應立謝酒韻 其二	한적(tranquility)	15	17%	term	차운(제목 donate 무시)
P05998	次表姪李 從龍進士鳥嶺道中見寄韻	기증(donate)	87	94%	title	
P05999	三月三十日	한적(tranquility)	48	27%	term	
P06000	鷄林勸酒謠二闋	송별(farewell)	45	27%	term	
P06001	鷄林勸酒謠二闋 其二	천문(astro)	21	16%	term	
P06002	四月初七日短歌 是日。乃權石洲歿日也。	애상(sympathy)	53	38%	term	
P06003	李渭原 景漢 母宜人永川李氏挽詞	애상(sympathy)	97	94%	title, term	
P06004	戶曹許參議以千秋使赴燕京。枉書告行。詩以寄別。	송별(farewell)	63	52%	title, term	
P06005	寄送鄭翼之 弘翼 令公以聖節使赴燕京之行	송별(farewell)	62	52%	title, term	악부/제영(확신↓)
P06006	奉簡海興君尹次野 暄。時以冬至使。回自燕京。	유람(travel)	61	52%	title	
P06007	端午	불교(buddhism)	67	52%	term	
P06008	端午 其二	계절(season)	36	14%	term	
P06009	五月五日。用李提督希聖韻。	건물(structure)	37	14%	term	
P06010	永川吳使君景虛載妓酒來讌。留與同宿。因成短章。奉謝厚意。	유람(travel)	80	94%	title	
P06011	映翠軒席上記興。示李希聖提督。	회고(reminiscence)	41	27%	term	
P06012	邀李提督飮。翼日。送靑瓜紫燒酒。	송별(farewell)	90	94%	title	
P06013	映翠軒雨中。留敬一上人。	천문(astro)	58	38%	title	
P06014	映翠軒雨中。留敬一上人。 其二	불교(buddhism)	53	38%	title, term	
P06015	用敬一上人韻	불교(buddhism)	51	38%	title	
P06016	用敬一上人韻 其二	애상(sympathy)	44	27%	term	
P06017	題迎春軒	도화(picture)	61	52%	title	
P06018	題迎春軒 其二	도화(picture)	55	38%	title	
P06019	題迎春軒 其三	도화(picture)	61	52%	title	
P06020	題迎春軒 其四	도화(picture)	61	52%	title	
P06021	題迎春軒 其五	도화(picture)	61	52%	title	
P06022	書示鄕所。令於鄕社堂多種竹。	건물(structure)	79	82%	title	
P06023	書示鄕所。令於鄕社堂多種竹。 其二	건물(structure)	81	94%	title	
P06024	用鞠主簿 允成 詠梅竹絶句韻 鞠。潭陽人。流寓府地。	애상(sympathy)	45	27%	term	
P06025	玉山書院。書示諸儒生。	산악(mountain)	59	38%	title	
P06026	玉山書院。書示諸儒生。 其二	산악(mountain)	78	82%	title	
P06027	玉山書院。書示諸儒生。 其三	산악(mountain)	73	82%	title	
P06028	玉山獨樂堂。次李佐郞 宜活 見贈韻。	건물(structure)	53	38%	title	차운(제목 donate 무시)
P06029	玉山獨樂堂。次李佐郞 宜活 見贈韻。 其二	건물(structure)	54	38%	title	차운(제목 donate 무시)
P06030	玉山獨樂堂。次李佐郞 宜活 見贈韻。 其三	건물(structure)	53	38%	title	차운(제목 donate 무시)
P06031	玉山獨樂堂。贈主人李僉知 浚。用五峯李相公韻。堂乃晦齋先生別業。僉知。乃先生之孫。曾爲慶山，萬頃兩縣令。	송별(farewell)	75	82%	title	차운(제목 donate 무시)
P06032	用壁上魚灌圃 得江 犀字韻。題玉山溪堂。	건물(structure)	53	38%	title	
P06033	用壁上魚灌圃 得江 犀字韻。題玉山溪堂。 其二	불교(buddhism)	44	27%	term	
P06034	用壁上魚灌圃 得江 犀字韻。題玉山溪堂。 其三	건물(structure)	54	38%	title	
P06035	用壁上魚灌圃 得江 犀字韻。題玉山溪堂。 其四	건물(structure)	53	38%	title	
P06036	用壁上魚灌圃 得江 犀字韻。題玉山溪堂。 其五	건물(structure)	53	38%	title	
P06037	用壁上魚灌圃 得江 犀字韻。題玉山溪堂。 其六	건물(structure)	53	38%	title	
P06038	用壁上魚灌圃羞字韻。題玉山溪堂。	건물(structure)	53	38%	title	
P06039	題畫竹扇。贈玉山書院儒生。	기증(donate)	97	94%	title	
P06040	題畫竹扇。贈西嶽書院儒生。	기증(donate)	97	94%	title	
P06041	西嶽書院席上。答諸生見和畫竹扇韻。	도화(picture)	90	94%	title	
P06042	西嶽書院席上。答諸生見和畫竹扇韻。 其二	도화(picture)	67	52%	title	
P06043	題畫竹扇。分贈八十歲老人。前敎授李元凱年八十五。幼學黃二老八十四。僉知李匡夏八十一。前參奉金明斗八十三。前參奉裵嚴八十二。	기증(donate)	97	94%	title	
P06044	奉酬八十五歲老人李敎授元凱 見次畫竹扇韻	도화(picture)	74	82%	title	
P06045	題畫竹扇。贈鄕所。	기증(donate)	97	94%	title	
P06046	次李佐郞 宜活 謝惠墨竹扇之韻	애상(sympathy)	39	14%	term	
P06047	次李佐郞 宜活 謝惠墨竹扇之韻 其二	기증(donate)	56	38%	title	
P06048	次李進士 宜潛 謝惠墨竹扇之韻	기증(donate)	66	52%	title	
P06049	題扇子。寄贈李校理 民宬 寬甫。居義城	기증(donate)	97	94%	title	
P06050	六月十五日高麗金克己集云。東都遺俗。六月望。浴東流水。因爲禊飮。謂之流頭宴。蓋以河朔避暑之飮。誤爲禊飮耳。金克己有蚊川祓禊詩。	애상(sympathy)	57	38%	term	
P06051	六月雨中。與李提督希聖飮。	계절(season)	52	38%	title	
P06052	六月雨中。與李提督希聖飮。 其二	천문(astro)	57	38%	title	
P06053	西軒席上。醉贈李提督。	기증(donate)	97	94%	title	
P06054	醉中。戲作短歌。贈李提督。	기증(donate)	97	94%	title	
P06055	用慈仁縣校生金應鳴詠竹韻	변새(frontier)	47	27%	term	
P06056	用慈仁縣校生金應鳴詠竹韻 其二	송별(farewell)	18	17%	term	
P06057	用慈仁縣校生金應鳴詠竹韻 其三	애상(sympathy)	52	38%	term	
P06058	用慈仁縣校生金應鳴詠竹韻 其四	천문(astro)	28	16%	term	
P06059	用慈仁縣校生金應鳴詠竹韻 其五	강해(water)	50	38%	term	
P06060	用慈仁縣校生金應鳴詠竹韻 其六	천문(astro)	36	14%	term	
P06061	七月初一日	회고(reminiscence)	41	27%	term	
P06062	七月初一日 其二	애상(sympathy)	42	27%	term	
P06063	初秋。簡李佐郞 宜活，進士 宜潛 兄弟。	계절(season)	60	52%	title, term	
P06064	秋聲	계절(season)	65	52%	title, term	
P06065	七月十五日	천문(astro)	34	14%	term	
P06066	七月十六日。夜酌席上。戲示李 宜活 佐郞。	애상(sympathy)	27	16%	term	
P06067	贈別徐 䎘 秀才	송별(farewell)	75	82%	title	제목보정
P06068	贈別徐 䎘 秀才 其二	송별(farewell)	75	82%	title	제목보정
P06069	奉簡北渚金冠玉令公 時以江界府使。秩滿還京	변새(frontier)	43	27%	term	
P06070	奉寄西巒趙持世，玄夫趙善述兩君。	기증(donate)	97	94%	title	
P06071	奉寄西巒趙持世，玄夫趙善述兩君。 其二	기증(donate)	83	94%	title	
P06072	奉簡淸陰金叔度令公	애상(sympathy)	54	38%	term	
P06073	戲答安奇崔察訪 明獻 書	건물(structure)	43	27%	term	
P06074	題無禁亭	건물(structure)	79	82%	title	
P06075	題無禁亭 其二	건물(structure)	79	82%	title	
P06076	迎春軒。讌西嶽，玉山兩書院夏課儒生席上有賦。	산악(mountain)	50	38%	title	
P06077	秋夜口號	애상(sympathy)	42	27%	term	
P06078	秋夜口占	계절(season)	57	38%	title	
P06079	秋日雨中	계절(season)	58	38%	title	
P06080	自七月初吉。或陰或晴。連雨不絶。至八月上旬。始得開霽。	유람(travel)	57	38%	title	
P06081	八月十四夜	애상(sympathy)	64	52%	term	
P06082	中秋不見月	계절(season)	59	38%	title, term	
P06083	中秋不見月 其二	계절(season)	52	38%	title	
P06084	八月十六夜	천문(astro)	32	14%	term	
P06085	八月十七夜	천문(astro)	29	16%	term	
P06086	八月十五日至十八日。陰雨不止。	천문(astro)	62	52%	title	
P06087	戲簡永川吳明府景虛	애상(sympathy)	47	27%	term	
P06088	奉簡竹陰趙怡叔佐郞	기증(donate)	56	38%	title	
P06089	奉簡竹陰趙怡叔佐郞 附次韻	송별(farewell)	42	27%	term	
P06090	寄贈林 聖翊 秀才 在錦山	기증(donate)	97	94%	title	
P06091	吳景虛以海松子見遺	회방(meet)	58	38%	term	
P06092	永川近民堂。敬次圃隱先生明月樓韻。	건물(structure)	61	52%	title	
P06093	秋日題衙軒	도화(picture)	55	38%	title	
P06094	九日。奉簡林典籍 檜 公直，李庶尹 命俊 昌期。典籍時謫梁山。庶尹時謫盈德。	계절(season)	57	38%	title, term	
P06095	重陽	애상(sympathy)	42	27%	term	
P06096	答白善鳴 振南 進士書	애상(sympathy)	60	52%	term	
P06097	答白善鳴 振南 進士書 其二	애상(sympathy)	23	16%	term	
P06098	寄松湖白進士善鳴	기증(donate)	87	94%	title	
P06099	復用前韻。答趙怡叔。	-(-)	0	0%		신호 없음
P06100	復用前韻。答趙怡叔。 其二	애상(sympathy)	47	27%	term	
P06101	寄贈白進士善鳴	기증(donate)	97	94%	title	
P06102	謹次月沙相公寄示之韻	애상(sympathy)	49	27%	term	차운(제목 donate 무시)
P06103	謹次月沙相公寄示之韻 其二	유람(travel)	37	14%	term	차운(제목 donate 무시)
P06104	九月二十日。見邸報。諫院以善山試所擧子作亂。罷場潰出論啓。試官都事朴公善長及余與安東府使李公弘胄。竝坐罷。	애상(sympathy)	49	27%	term	
P06105	九月二十六日。發慶州。鄕校，書院諸儒生。追至大谷里。設餞筵。戲書以贈。	기증(donate)	87	94%	title	
P06106	九月二十九日。行到阿火驛。戲示送行諸人。是日。次永川郡。驛在州西三十里。北至永川四十五里。	송별(farewell)	77	82%	title	
P06107	九月三十日。次新寧縣。自永川北至新寧。四十五里。	유람(travel)	58	38%	title	
P06108	十月初一日。宿召溪驛。初二日。次軍威縣。道中記興。	유람(travel)	94	94%	title	
P06109	十月初三日。次比安縣。自軍威北至比安縣。三十七里。	유람(travel)	56	38%	title	
P06110	十月初三日。次比安縣。自軍威北至比安縣。三十七里。 其二	유람(travel)	66	52%	title	
P06111	屛山口占 在比安縣內	산악(mountain)	70	82%	title	
P06112	十月初四日。憩安溪驛。在比安地 宿醴泉多仁縣。初五日。渡守山津。在尙州，醴泉兩界之間。 憩咸昌德通驛。宿聞慶幽谷驛。	유람(travel)	92	94%	title, term	
P06113	贈幽谷驛吏方鐵同	기증(donate)	97	94%	title	
P06114	幽谷驛。傷方胤男。	유람(travel)	71	82%	title	
P06115	十月初六日次聞慶縣道中述懷	애상(sympathy)	56	38%	title	
P06116	十月初七日。踰鳥嶺。	회고(reminiscence)	47	27%	term	
P06117	十月初八日。發安保驛。憩水回里。宿忠州丹月驛。驛在獺川之上 厥明日。朝雨。不得行而作。	유람(travel)	92	94%	title	
P06118	十月初九日。雨晴晩行。宿崇善里。初十日。次石院。	유람(travel)	90	94%	title	
P06119	十月十一日。過竹州。憩承甫院。宿陽智縣。院在竹州地。陽智別號。秋溪。	송별(farewell)	63	52%	title	
P06120	十月十二日。憩龍仁縣。宿廣州板橋院。	유람(travel)	95	94%	title	
P06121	十月十三日。渡三田浦。余於辛亥十月十二日。渡漢江。赴錦山。迄今甲寅。四寒暑矣。有感于懷。舟中口占。是日。宿臺山。翼日。入京城。	유람(travel)	72	82%	title	
P06122	丁巳六月初二日乙未。以備邊司薦。授江華府使。初十日癸卯。拜辭而行。西坰柳相公用晩翠堂韻。追寄爲贐。敬步其韻。庸述微志。備局堂上。凡於議薦之時。各擧一人。公時任備局。以余膺擧。時余新遞左副承旨。初十日。出宿城外。翌日。奄遭伯氏僉知公喪。不得登途。是月二十二日。始得上任。	유람(travel)	69	52%	title	차운(제목 donate 무시)
P06123	丁巳六月初二日乙未。以備邊司薦。授江華府使。初十日癸卯。拜辭而行。西坰柳相公用晩翠堂韻。追寄爲贐。敬步其韻。庸述微志。備局堂上。凡於議薦之時。各擧一人。公時任備局。以余膺擧。時余新遞左副承旨。初十日。出宿城外。翌日。奄遭伯氏僉知公喪。不得登途。是月二十二日。始得上任。 附元韻	유람(travel)	69	52%	title	차운(제목 donate 무시)
P06124	題府館東軒壁上	도화(picture)	61	52%	title	
P06125	鎭海樓 在甲串津	회고(reminiscence)	42	27%	term	
P06126	奉和滄洲車僉正追次五山韻見贈之作。	산악(mountain)	51	38%	title	차운(제목 donate 무시)
P06127	奉和滄洲車僉正追次五山韻見贈之作。 其二	산악(mountain)	51	38%	title	차운(제목 donate 무시)
P06128	奉次車滄洲留贈詩韻	애상(sympathy)	45	27%	term	차운(제목 donate 무시)
P06129	奉次車滄洲留贈詩韻 附元韻	강해(water)	36	14%	term	차운(제목 donate 무시)
P06130	書學允上人詩卷	불교(buddhism)	64	52%	title	
P06131	贈學允上人。用滄洲車僉正韻。	불교(buddhism)	55	38%	title	차운(제목 donate 무시)
P06132	追次五山車僉正贈思一上人韻	불교(buddhism)	52	38%	title	차운(제목 donate 무시)
P06133	追次五山車僉正贈思一上人韻 其二	불교(buddhism)	54	38%	title, term	차운(제목 donate 무시)
P06134	贈愼博士 天翊 甥	기증(donate)	97	94%	title	
P06135	經石洲權汝章舊居	애상(sympathy)	53	38%	term	
P06136	追次權汝章贈法林上人韻。示靈樹上人。	불교(buddhism)	52	38%	title	차운(제목 donate 무시)
P06137	寄心印上人 師時住天磨山佛敎庵	기증(donate)	87	94%	title	
P06138	獨坐書感	계절(season)	43	27%	term	
P06139	府舍雨中。有懷權汝章。仍柬宋子深 淵。	회고(reminiscence)	57	38%	title	
P06140	林咸陽 㥠 母夫人徐氏挽詞	애상(sympathy)	97	94%	title	
P06141	題徹雲上人詩軸。用五峯相公韻。	불교(buddhism)	55	38%	title, term	
P06142	贈惠安上人	기증(donate)	97	94%	title	
P06143	奉次觀察使柳令公 希亮 戲示之韻	산악(mountain)	25	16%	term	
P06144	寄示白蓮，積石兩寺讀書儒生。	기증(donate)	89	94%	title	
P06145	用前韻。贈任生景游。	천문(astro)	19	17%	term	차운(제목 donate 무시)
P06146	用前韻寄全生以敏	천문(astro)	22	16%	term	차운(제목 donate 무시)
P06147	十二月十四日大雪。翌朝始霽。用前韻。	천문(astro)	61	52%	title	
P06148	十二月十五日。雪夜對月。用前韻。	천문(astro)	64	52%	title, term	
P06149	十二月十七日。大雪復作。用前韻。	천문(astro)	68	52%	title	
P06150	十二月十八日。雪後寒甚。用前韻。	천문(astro)	63	52%	title	
P06151	戊午元日	애상(sympathy)	68	52%	term	
P06152	立春門帖	계절(season)	74	82%	title, term	
P06153	立春門帖 其二	계절(season)	76	82%	title	
P06154	立春門帖 其三	계절(season)	81	94%	title	
P06155	立春門帖 其四	계절(season)	71	82%	title, term	
P06156	立春門帖 其五	계절(season)	59	38%	title	
P06157	立春門帖 其六	계절(season)	77	82%	title	
P06158	贈煕悅上人。追次石洲權汝章韻。	회고(reminiscence)	43	27%	term	차운(제목 donate 무시)
P06159	寄簡任博士 叔英 茂叔，鄭翰林百昌 德餘。	기증(donate)	97	94%	title	
P06160	戲占絶句二首。寄上月沙李尙書。	기증(donate)	97	94%	title	
P06161	戲占絶句二首。寄上月沙李尙書。 其二	기증(donate)	97	94%	title	
P06162	鑷白髮	동물(animal)	56	38%	title	
P06163	長溪夫人趙氏挽詞	애상(sympathy)	97	94%	title, term	
P06164	長溪夫人趙氏挽詞 其二	애상(sympathy)	97	94%	title, term	
P06165	李監察 琡 祖母李氏挽詞	애상(sympathy)	97	94%	title	
P06166	金判官 季男 挽詞	애상(sympathy)	97	94%	title	
P06167	金判官 季男 挽詞 其二	애상(sympathy)	97	94%	title	
P06168	李判書 志完 挽詞	애상(sympathy)	97	94%	title	
P06169	黃參議 致敬 母夫人安氏遷葬挽詞	애상(sympathy)	88	94%	title	
P06170	黃參議 致敬 母夫人安氏遷葬挽詞 其二	애상(sympathy)	97	94%	title	
P06171	仲春雪後。夜坐口占。寄上月沙李相公。	기증(donate)	84	94%	title	
P06172	仲春雪後。夜坐口占。寄上月沙李相公。 其二	기증(donate)	85	94%	title	
P06173	仲春雪後。夜坐口占。寄上月沙李相公。 附次韻	천문(astro)	60	52%	title	차운(제목 donate 무시)
P06174	仲春雪後。夜坐口占。寄上月沙李相公。	기증(donate)	87	94%	title	
P06175	卽事口號	기타(others)	65	52%	title	
P06176	卽事口號 其二	기타(others)	74	82%	title, term	
P06177	卽事口號 其三	기타(others)	79	82%	title	
P06178	恭題宣祖大王御筆墨竹圖	도화(picture)	74	82%	title	
P06179	贈白生員尙賓 善鳴之子	기증(donate)	97	94%	title	
P06180	贈李泰叔 亨長 進士	기증(donate)	97	94%	title	
P06181	疊前韻。贈別李進士，白生員。	송별(farewell)	75	82%	title	제목보정
P06182	疊前韻。贈別李進士，白生員。 其二	송별(farewell)	74	82%	title, term	제목보정
P06183	重贈白生員尙賓	기증(donate)	97	94%	title	
P06184	重贈白生員尙賓 其二	기증(donate)	97	94%	title	
P06185	奉寄橘屋尹景說正郞，松湖白善鳴進士。兩君皆居海南縣。	기증(donate)	80	94%	title	
P06186	卽事口占	기타(others)	75	82%	title	
P06187	謹次滄洲車僉正韻	한적(tranquility)	42	27%	term	
P06188	三月三日。奉次車滄洲韻。	계절(season)	51	38%	term	
P06189	三月三日。奉次車滄洲韻。 附原韻	천문(astro)	25	16%	term	
P06190	三月三日。奉贈車滄洲。	기증(donate)	97	94%	title	
P06191	贈法林上人。追次石洲權汝章韻。	불교(buddhism)	58	38%	title, term	차운(제목 donate 무시)
P06192	喜靈樹上人至	애상(sympathy)	42	27%	term	
P06193	書示靈樹上人	애상(sympathy)	46	27%	term	
P06194	戲留靈樹上人	불교(buddhism)	65	52%	title	
P06195	戲留靈樹上人 其二	불교(buddhism)	54	38%	title	
P06196	題靈樹師詩卷	도화(picture)	63	52%	title	
P06197	題靈樹師詩卷 其二	도화(picture)	65	52%	title	
P06198	題靈樹師詩卷 其三	도화(picture)	59	38%	title	
P06199	題靈樹師詩卷 其四	도화(picture)	61	52%	title	
P06200	送靈樹上人還齊陵衍慶寺	송별(farewell)	85	94%	title, term	
P06201	書儀禪上人詩軸	유람(travel)	42	27%	term	
P06202	題淨水寺浮屠殿	도화(picture)	61	52%	title	
P06203	淨水寺。贈學玲上人。追次權汝章韻。	애상(sympathy)	42	27%	term	차운(제목 donate 무시)
P06204	三月三十日	애상(sympathy)	30	14%	term	
P06205	四月初七日 權汝章歿日也	송별(farewell)	44	27%	term	
P06206	寄柬疏庵任博士茂叔	기증(donate)	97	94%	title	
P06207	用前歲見寄之韻。復柬任茂叔。	불교(buddhism)	38	14%	term	차운(제목 donate 무시)
P06208	用前歲見寄之韻。復柬任茂叔。 其二	산악(mountain)	37	14%	term	차운(제목 donate 무시)
P06209	寄上西坰柳相公。用晩翠堂韻。	건물(structure)	59	38%	title	차운(제목 donate 무시)
P06210	寄簡申 易于正字	기증(donate)	97	94%	title	
P06211	奉次月沙李相公見寄之韻。兼柬朴說之，洪輝世兩令公。三家遣奴。時適偕到。	유람(travel)	60	52%	title	차운(제목 donate 무시)
P06212	奉次月沙李相公見寄之韻。兼柬朴說之，洪輝世兩令公。三家遣奴。時適偕到。 其二	유람(travel)	55	38%	title	차운(제목 donate 무시)
P06213	奉次月沙李相公見寄之韻。兼柬朴說之，洪輝世兩令公。三家遣奴。時適偕到。 附原韻	유람(travel)	59	38%	title	차운(제목 donate 무시)
P06214	答李佐郞 明漢 用行字韻見問	애상(sympathy)	42	27%	term	
P06215	戲簡任茂叔	기증(donate)	85	94%	title	
P06216	奉寄趙持世 時領妻子。歸南原別業。	송별(farewell)	64	52%	title	
P06217	奉柬石陽正 時住公州田莊。不肯還京。	불교(buddhism)	44	27%	term	
P06218	奉柬石陽正 時住公州田莊。不肯還京。 其二	애상(sympathy)	50	38%	term	
P06219	奉贈具敎授	기증(donate)	97	94%	title	
P06220	申正字以開城府煮酒一壺見遺 曾爲大夫人。囑正字。求諸松都官。	송별(farewell)	39	14%	term	
P06221	法林，靈樹，戒元三上人來訪。	불교(buddhism)	58	38%	title, term	
P06222	壽詞一首。寄上五峯相公。五月十六日	기증(donate)	93	94%	title	
P06223	寄謝白善鳴以圓扇見遺	기증(donate)	97	94%	title	
P06224	六月十二日己巳。出都城還府。道中作。	애상(sympathy)	47	27%	term	
P06225	扶醉出城。戲贈友人。	기증(donate)	97	94%	title	
P06226	大風	천문(astro)	23	16%	term	
P06227	題馴鶴軒詩軸 成司果汲。號馴鶴翁。	도화(picture)	61	52%	title	
P06228	重贈馴鶴道人	기증(donate)	97	94%	title	
P06229	七月初九日。祗受府尹敎旨。肅拜而作。時備局啓辭。以府使陞府尹。以重體統。使之料理江都。改批敎旨。是日來到。	유람(travel)	68	52%	title	
P06230	七月二十四日。監董修繕諸役。戲書以志。	천문(astro)	28	16%	term	
P06231	申正字復送松都煮酒。用前韻以謝之。	송별(farewell)	81	94%	title	
P06232	八月。梨花盛開。	회고(reminiscence)	45	27%	term	
P06233	寄上月沙相公	기증(donate)	95	94%	title	
P06234	奉酬月沙相公疊用鄙韻見寄之作。時萬曆戊午仲秋下澣。	계절(season)	50	38%	title	차운(제목 donate 무시)
P06235	奉酬月沙相公疊用鄙韻見寄之作。時萬曆戊午仲秋下澣。 其二	계절(season)	50	38%	title	차운(제목 donate 무시)
P06236	九月九日	계절(season)	64	52%	title, term	
P06237	寄任茂叔博士	기증(donate)	97	94%	title	
P06238	寄任茂叔博士 其二	기증(donate)	97	94%	title	
P06239	謹次五峯相公見寄之韻	불교(buddhism)	17	17%	term	차운(제목 donate 무시)
P06240	謹次五峯相公見寄之韻 附原韻	인물(person)	52	38%	term	차운(제목 donate 무시)
P06241	寄上五峯相公。用前韻。	강해(water)	38	14%	term	차운(제목 donate 무시)
P06242	九月二十八日癸丑作 時檢察使入府。以營繕失宜。糾摘甚峻。卽引疾不出。檢察大憾。馳啓請罪。又起臺諫論。以輕蔑使命。上止命推考。臺諫卽鄭道也。	유람(travel)	53	38%	title	
P06243	次尹正德耀 煌 見寄之韻	애상(sympathy)	41	27%	term	차운(제목 donate 무시)
P06244	次尹正德耀 煌 見寄之韻 其二	애상(sympathy)	53	38%	term	차운(제목 donate 무시)
P06245	奉次滄洲車僉正韻	애상(sympathy)	26	16%	term	
P06246	奉次滄洲車僉正韻 其二	애상(sympathy)	44	27%	term	
P06247	奉呈車滄洲	기증(donate)	95	94%	title	
P06248	重贈車滄洲。用前韻。	변새(frontier)	43	27%	term	차운(제목 donate 무시)
P06249	奉和車滄洲。疊用前韻。	애상(sympathy)	56	38%	term	
P06250	奉和車滄洲。疊用前韻。 其二	인물(person)	45	27%	term	
P06251	奉和車滄洲。疊用前韻。 其三	불교(buddhism)	48	27%	term	
P06252	奉和車滄洲。疊用前韻。 其四	애상(sympathy)	36	14%	term	
P06253	敬次車滄洲韻	애상(sympathy)	25	16%	term	
P06254	敬次車滄洲韻 其二	한적(tranquility)	40	27%	term	
P06255	寄鄭翰林百昌 德餘	기증(donate)	97	94%	title	
P06256	洪纘緖，李長馨兩生。携酒四壺。月夕見訪。醉中率題。	도화(picture)	61	52%	title	
P06257	贈李秀才長馨	기증(donate)	97	94%	title	
P06258	送柳塾秀才之成川	송별(farewell)	95	94%	title, term	
P06259	卽事	기타(others)	77	82%	title	
P06260	十一月十五日庚子記事 被彈之後。連月廢衙。移病乞罷者至三。方伯遂具由啓聞。上以江都守臣不可遞易。使之安心察任。仍卽下諭。	변새(frontier)	56	38%	title	
P06261	奉寄趙善述時以禮曹假參議回自寧邊奉移奉先殿影幀于松都也	기증(donate)	87	94%	title	
P06262	再用前韻。戲簡趙善述。時以分兵曹參議。鎖直慶運宮。	애상(sympathy)	44	27%	term	
P06263	再用前韻。戲簡趙善述。時以分兵曹參議。鎖直慶運宮。 其二	변새(frontier)	41	27%	term	차운(제목 donate 무시)
P06264	戲贈姜順安 渭聘 伯尙	기증(donate)	97	94%	title	
P06265	贈別沈都事 恪 子虔	송별(farewell)	74	82%	title	제목보정
P06266	立春門帖 戊午十二月二十一日	계절(season)	74	82%	title	
P06267	立春門帖 戊午十二月二十一日 其二	계절(season)	74	82%	title	
P06268	除夜	애상(sympathy)	56	38%	term	
P06269	除夜 其二	애상(sympathy)	35	14%	term	
P06270	除夜 其三	한적(tranquility)	41	27%	term	
P06271	除夜 其四	한적(tranquility)	47	27%	term	
P06272	除夜 其五	강해(water)	37	14%	term	
P06273	己未元日	회고(reminiscence)	49	27%	term	
P06274	正月十日。雪中。用去冬送酒韻。寄示積石，白蓮兩寺讀書諸生。	송별(farewell)	62	52%	title	
P06275	答洪注書 憲 書	천문(astro)	31	14%	term	
P06276	戲簡閔僉知 汝任 聖之	기증(donate)	85	94%	title	
P06277	戲簡閔正郞 機	기증(donate)	78	82%	title	
P06278	戲答李正郞尙古 景稷。次來韻。	회방(meet)	50	38%	term	
P06279	余自四十歲以後。鬢已斑矣。右車第三牙。動搖頗久。今又缺折。書以識之。時萬曆己未元月之晦。	유람(travel)	78	82%	title	
P06280	奉寄石陽正	기증(donate)	97	94%	title	
P06281	戲簡李佐郞 明漢，李進士 昭漢 昆季。	기증(donate)	59	38%	title	
P06282	津樓春望	애상(sympathy)	39	14%	term	
P06283	白進士善鳴挽詞	애상(sympathy)	97	94%	title, term	
P06284	金通禮子始 偉男 挽詞	애상(sympathy)	96	94%	title, term	
P06285	洪加平 瑞翼 母夫人尹氏挽詞	애상(sympathy)	85	94%	title	
P06286	謹次五峯相公寄示之韻	애상(sympathy)	17	17%	term	차운(제목 donate 무시)
P06287	謹次五峯相公寄示之韻 其二	산악(mountain)	36	14%	term	차운(제목 donate 무시)
P06288	謹次五峯相公寄示之韻 其三	변새(frontier)	38	14%	term	차운(제목 donate 무시)
P06289	奉和西坰相公用月沙相公韻寄示之作。二首。	애상(sympathy)	40	27%	term	차운(제목 donate 무시)
P06290	奉和西坰相公用月沙相公韻寄示之作。二首。 其二	애상(sympathy)	39	14%	term	차운(제목 donate 무시)
P06291	疊用前韻。奉謝西坰相公。	회고(reminiscence)	17	17%	term	차운(제목 donate 무시)
P06292	疊用前韻。奉謝西坰相公。 其二	애상(sympathy)	43	27%	term	
P06293	月沙相公。以五峯，西坰兩相公酬答之作長律五首。錄爲一編。寄示責和。敬次其韻。用述微志。	송별(farewell)	36	14%	term	차운(제목 donate 무시)
P06294	奉次月沙相公寄示之韻	애상(sympathy)	39	14%	term	차운(제목 donate 무시)
P06295	奉謝月沙相公用前韻見寄 公四用明字韻。因呈此什。以足其數。	애상(sympathy)	52	38%	term	차운(제목 donate 무시)
P06296	戲柬閔校理 有慶 頤吉	애상(sympathy)	52	38%	term	
P06297	戲柬閔校理 有慶 頤吉 其二	불교(buddhism)	45	27%	term	
P06298	戲柬閔校理 有慶 頤吉 其三	한적(tranquility)	42	27%	term	
P06299	通津文殊寺天緝上人。從戒元上人。淸明日。雨中見訪。	불교(buddhism)	56	38%	title	
P06300	次天緝上人韻	불교(buddhism)	53	38%	title	
P06301	戲寄趙善述。曾差楊經略鎬問安使。將赴遼東。臨發見遞。時爲分承旨。	기증(donate)	63	52%	title	
P06302	贈別義忠上人還水落山寺	송별(farewell)	74	82%	title, term	제목보정
P06303	萬曆四十七年三月初四日。都元帥姜弘立，副元帥金景瑞。隨天將劉都督綎，喬遊擊一琦等。擊建州奴賊。天將戰敗死之。弘立，景瑞。不戰而降。	유람(travel)	67	52%	title	
P06304	奉和西坰相公復用月沙韻垂示之作	변새(frontier)	60	52%	term	
P06305	奉和西坰相公復用月沙韻垂示之作 其二	애상(sympathy)	41	27%	term	
P06306	奉和西坰相公復用月沙韻垂示之作 其三	한적(tranquility)	44	27%	term	
P06307	奉謝西坰相公用晩翠堂韻寄示之作	건물(structure)	53	38%	title	차운(제목 donate 무시)
P06308	復用晩翠堂韻。寄上西坰相公。三首。	건물(structure)	60	52%	title	차운(제목 donate 무시)
P06309	復用晩翠堂韻。寄上西坰相公。三首。 其二	건물(structure)	53	38%	title	차운(제목 donate 무시)
P06310	復用晩翠堂韻。寄上西坰相公。三首。 其三	건물(structure)	59	38%	title	차운(제목 donate 무시)
P06311	奉和西坰相公疊用前韻垂示之作	송별(farewell)	52	38%	term	
P06312	奉和西坰相公疊用前韻垂示之作 其二	변새(frontier)	56	38%	term	
P06313	奉和西坰相公疊用前韻垂示之作 其三	송별(farewell)	61	52%	term	
P06314	志敬，儀禪兩上人。一時來訪。喜而書贈。敬。住吉祥山傳燈寺。儀。住摩尼山淨水庵。	기증(donate)	97	94%	title	
P06315	贈佐郞姪汝固	기증(donate)	97	94%	title	
P06316	贈佐郞姪汝固 附次韻	변새(frontier)	43	27%	term	차운(제목 donate 무시)
P06317	寄賀趙善述 纘韓 新拜同副承旨	기증(donate)	97	94%	title	
P06318	壽詞一首。寄上五峯相公	기증(donate)	97	94%	title	
P06319	金將軍 應河 挽詞	애상(sympathy)	86	94%	title	
P06320	金將軍 應河 挽詞 其二	애상(sympathy)	97	94%	title	
P06321	睦都事 取善 挽詞	애상(sympathy)	87	94%	title, term	
P06322	奉次趙判官持世見寄之韻	애상(sympathy)	39	14%	term	차운(제목 donate 무시)
P06323	安三登 士說 妻姜氏挽詞	애상(sympathy)	97	94%	title	
P06324	六月十五日。寄崔進士 有淵。弟時來讀書于傳燈寺。送以鷄酒等物。	송별(farewell)	63	52%	title	
P06325	姜秀才 翬 挽詞 姜順安之子也	애상(sympathy)	94	94%	title, term	
P06326	姜秀才 翬 挽詞 姜順安之子也 其二	애상(sympathy)	96	94%	title	
P06327	韓僉知 敏政 汝仁。來示五山車僉正庚戌壬子兩年見贈長律二首。謹次其韻。以志感云。	산악(mountain)	51	38%	title	차운(제목 donate 무시)
P06328	韓僉知 敏政 汝仁。來示五山車僉正庚戌壬子兩年見贈長律二首。謹次其韻。以志感云。 其二	산악(mountain)	51	38%	title	차운(제목 donate 무시)
P06329	韓僉知 敏政 汝仁。來示五山車僉正庚戌壬子兩年見贈長律二首。謹次其韻。以志感云。 其三	산악(mountain)	61	52%	title	차운(제목 donate 무시)
P06330	七月初五日。夜坐書懷。	회고(reminiscence)	56	38%	title	
P06331	奉寄趙怡叔正郞	기증(donate)	83	94%	title	
P06332	疊用前韻。寄怡叔。	계절(season)	37	14%	term	차운(제목 donate 무시)
P06333	疊用前韻。寄怡叔。 附次韻	유람(travel)	19	17%	term	차운(제목 donate 무시)
P06334	次宋子深韻	회고(reminiscence)	50	38%	term	
P06335	次宋子深韻 其二	애상(sympathy)	17	17%	term	
P06336	次宋子深韻 其三	유람(travel)	36	14%	term	
P06337	次宋子深韻 其四	애상(sympathy)	27	16%	term	
P06338	弘俊上人。以月沙相公詩來示索和。	애상(sympathy)	44	27%	term	
P06339	弘俊上人。以月沙相公詩來示索和。 其二	불교(buddhism)	62	52%	title	
P06340	弘俊上人。以月沙相公詩來示索和。 其三	불교(buddhism)	73	82%	title, term	
P06341	弘俊上人。以月沙相公詩來示索和。 其四	회고(reminiscence)	41	27%	term	
P06342	贈妙正上人	기증(donate)	97	94%	title	
P06343	寄李 沈 進士	기증(donate)	97	94%	title	
P06344	白蓮寺秋夜。用李太白紫極宮感秋韻。李太白，蘇子瞻。俱作此詩。年皆四十九。余今亦四十九。因竊有感。遂次其韻以自志。	유람(travel)	56	38%	title	
P06345	鄭翰林德餘。用余春初寄柬之韻。演至十首。余又奉酬。以足其數。	한적(tranquility)	36	14%	term	차운(제목 donate 무시)
P06346	鄭翰林德餘。用余春初寄柬之韻。演至十首。余又奉酬。以足其數。 其二	애상(sympathy)	53	38%	term	차운(제목 donate 무시)
P06347	鄭翰林德餘。用余春初寄柬之韻。演至十首。余又奉酬。以足其數。 其三	애상(sympathy)	46	27%	term	차운(제목 donate 무시)
P06348	鄭翰林德餘。用余春初寄柬之韻。演至十首。余又奉酬。以足其數。 其四	애상(sympathy)	39	14%	term	차운(제목 donate 무시)
P06349	鄭翰林德餘。用余春初寄柬之韻。演至十首。余又奉酬。以足其數。 其五	천문(astro)	15	17%	term	차운(제목 donate 무시)
P06350	鄭翰林德餘。用余春初寄柬之韻。演至十首。余又奉酬。以足其數。 其六	강해(water)	39	14%	term	차운(제목 donate 무시)
P06351	鄭翰林德餘。用余春初寄柬之韻。演至十首。余又奉酬。以足其數。 其七	애상(sympathy)	41	27%	term	차운(제목 donate 무시)
P06352	鄭翰林德餘。用余春初寄柬之韻。演至十首。余又奉酬。以足其數。 其八	애상(sympathy)	21	16%	term	차운(제목 donate 무시)
P06353	鄭翰林德餘。用余春初寄柬之韻。演至十首。余又奉酬。以足其數。 其九	애상(sympathy)	37	14%	term	차운(제목 donate 무시)
P06354	次韻。答鄭翰林德餘。	애상(sympathy)	41	27%	term	
P06355	次韻。答鄭翰林德餘。 其二	송별(farewell)	45	27%	term	
P06356	次韻。答鄭翰林德餘。 附元韻	애상(sympathy)	38	14%	term	
P06357	戲簡白沙尹次野，九畹李立之，鶴谷洪輝世，海峯洪樂夫諸君。	애상(sympathy)	47	27%	term	
P06358	戲簡白沙尹次野，九畹李立之，鶴谷洪輝世，海峯洪樂夫諸君。 其二	동물(animal)	50	38%	title	
P06359	奉酬洪樂夫寄和留別之作	송별(farewell)	65	52%	title	
P06360	疊用前韻。奉謝白沙，九畹，鶴谷，海峯諸君。	동물(animal)	50	38%	title	
P06361	疊用前韻。奉謝白沙，九畹，鶴谷，海峯諸君。 其二	송별(farewell)	43	27%	term	
P06362	九月九日	계절(season)	68	52%	title, term	
P06363	奉次石陽正灘隱見寄詩韻	송별(farewell)	38	14%	term	차운(제목 donate 무시)
P06364	奉次石陽正灘隱見寄詩韻 附元韻	송별(farewell)	41	27%	term	차운(제목 donate 무시)
P06365	寄簡李 明漢 佐郞	기증(donate)	97	94%	title	
P06366	送儀禪上人入金剛山	송별(farewell)	85	94%	title	
P06367	重贈儀禪上人	기증(donate)	97	94%	title	
P06368	寄佐郞姪植	기증(donate)	97	94%	title	
P06369	任博士茂叔。以五言排律六百韻。述懷見寄。戲書以謝。其後。茂叔演爲七百韻。敍先生行迹甚詳。見元集。	기증(donate)	85	94%	title	
P06370	奉簡金同知冠玉	애상(sympathy)	45	27%	term	
P06371	用前韻。寄酬金北渚。	애상(sympathy)	72	82%	term	차운(제목 donate 무시)
P06372	用前韻。寄酬金北渚。 其二	건물(structure)	36	14%	term	차운(제목 donate 무시)
P06373	奉寄邊 應垣 相禮明叔	기증(donate)	97	94%	title	
P06374	題學玲上人詩軸	도화(picture)	56	38%	title	
P06375	鑷白髮有感。口占。	애상(sympathy)	64	52%	title, term	
P06376	寄送洪同知 命元 樂夫以謝恩上使赴北京天將劉綎之敗。我軍全沒。皇帝降勅慰諭。以銀一萬三千兩。頒賜陣亡人家。	송별(farewell)	63	52%	title	
P06377	十二月初四日。口號。	계절(season)	56	38%	title	
P06378	十二月初六日發江華還京城	유람(travel)	89	94%	title	
P06379	十二月二十九日。戲占絶句。是月十七日政。始得遞任。付軍職龍驤衛副護軍也。	계절(season)	66	52%	title	
P06380	癸亥二月十一日。詣闕拜辭。蒙賜豹皮，油芚，雨籠，扇子，胡椒等物。無任震竦激切之至。謹書以志。奉示同行李典籍 景義 子方。要共賦。	천문(astro)	50	38%	title	
P06381	簡佐郞姪 植 汝固。時在砥平山居。余以從事官啓請。蒙允。	산악(mountain)	51	38%	title	
P06382	龍泉館。曉發口號。	유람(travel)	82	94%	title	
P06383	馬上口占。錄奉李從事子方求和。	기증(donate)	51	38%	title	
P06384	坡州途中。奉柬成洗馬 文濬。	유람(travel)	97	94%	title, term	
P06385	渡臨津舟中作	강해(water)	59	38%	title	
P06386	平山同樂亭。憶亡友崔明府 挺雲 英望。	건물(structure)	79	82%	title	
P06387	登黃州廣遠樓。奉寄洪鶴谷。	기증(donate)	93	94%	title	
P06388	練光亭	건물(structure)	92	94%	title	
P06389	浮碧樓感舊	한적(tranquility)	39	14%	term	
P06390	登百祥樓	애상(sympathy)	49	27%	term	
P06391	夜宿百祥樓。戲吟。曾到平壤。亦於練光亭。寓宿三日夜。	유람(travel)	62	52%	title	
P06392	鐵山途中	유람(travel)	94	94%	title	
P06393	登安州迎薰樓。寄示佐郞姪汝固。時聞姪行已過順安。方駐平壤云。	기증(donate)	73	82%	title	
P06394	登安州迎薰樓。寄示佐郞姪汝固。時聞姪行已過順安。方駐平壤云。 其二	기증(donate)	74	82%	title, term	
P06395	李從事子方。留在鐵州。余先到新安。久待不至。戲書以促。子方曾於箕城。亦後余行。故篇首云。鐵州太守李尙古景稷與子方。再從表兄弟也。	유람(travel)	72	82%	title	
P06396	三月十五日。朝見子方書來自郭山凌漢山城。繼聞佐郞汝固姪行。今日午當到州境。戲占一律。却寄子方。兼柬佐郞以促之。時留新安館中。	기증(donate)	72	82%	title	
P06397	新安館席上。戲贈延慰使李同知 好信 士立，兩李從事汝固，子方。求和。	기증(donate)	97	94%	title	
P06398	新安館席上。戲贈延慰使李同知 好信 士立，兩李從事汝固，子方。求和。 其二	기증(donate)	97	94%	title	
P06399	迎薰樓席上。贈汝固，子方兩從事。	기증(donate)	97	94%	title	
P06400	題降仙樓。用月沙李相公韻。	도화(picture)	58	38%	title	
P06401	再用前韻。示同行諸君。	유람(travel)	59	38%	title	
P06402	降仙樓。謹用栗谷先生韻。奉贈崔御史 有海 大容。兼示李汝固，子方兩從事。求和。	건물(structure)	51	38%	title	차운(제목 donate 무시)
P06403	降仙樓。謹用栗谷先生韻。奉贈崔御史 有海 大容。兼示李汝固，子方兩從事。求和。 其二	건물(structure)	50	38%	title	차운(제목 donate 무시)
P06404	降仙樓。謹用栗谷先生韻。奉贈崔御史 有海 大容。兼示李汝固，子方兩從事。求和。 其三	건물(structure)	50	38%	title	차운(제목 donate 무시)
P06405	降仙樓。謹用栗谷先生韻。奉贈崔御史 有海 大容。兼示李汝固，子方兩從事。求和。 其四	건물(structure)	50	38%	title	차운(제목 donate 무시)
P06406	降仙樓。謹用栗谷先生韻。奉贈崔御史 有海 大容。兼示李汝固，子方兩從事。求和。 其五	건물(structure)	50	38%	title	차운(제목 donate 무시)
P06407	降仙樓。謹用栗谷先生韻。奉贈崔御史 有海 大容。兼示李汝固，子方兩從事。求和。 其六	건물(structure)	50	38%	title	차운(제목 donate 무시)
P06408	降仙樓。謹用栗谷先生韻。奉贈崔御史 有海 大容。兼示李汝固，子方兩從事。求和。 其七	건물(structure)	50	38%	title	차운(제목 donate 무시)
P06409	降仙樓。夜坐口占。	건물(structure)	76	82%	title	
P06410	成川館。戲贈老妓玉芙蓉。	기증(donate)	97	94%	title	
P06411	中和館述懷。示子方從事。	애상(sympathy)	61	52%	title	
P06412	題龍岡人金奉日詩帖。爲都元帥柳川韓相公 浚謙 作。用帖中韻。	도화(picture)	67	52%	title	
P06413	贈別中和小童金現日。	송별(farewell)	74	82%	title	제목보정
P06414	齊安館。待佐郞汝固姪。不至。	유람(travel)	36	14%	term	
P06415	齊安館。待佐郞汝固姪。不至。 其二	애상(sympathy)	62	52%	term	
P06416	奉謝中和丁使君 好恕 士推送酒	송별(farewell)	83	94%	title	
P06417	奉謝中和丁使君 好恕 士推送酒 其二	송별(farewell)	91	94%	title	
P06418	奉謝中和丁使君 好恕 士推送酒 其三	송별(farewell)	84	94%	title	
P06419	疊用前韻。奉謝贊畫使碧梧李相公 時發 辱和見示之作。	유람(travel)	82	94%	title	
P06420	疊用前韻。奉謝贊畫使碧梧李相公 時發 辱和見示之作。 其二	유람(travel)	82	94%	title	
P06421	雨中述懷。疊用前韻。	애상(sympathy)	67	52%	title, term	
P06422	送李子方還京覲省	송별(farewell)	86	94%	title, term	
P06423	送李子方還京覲省 其二	송별(farewell)	97	94%	title, term	
P06424	題江西舞鶴亭	건물(structure)	76	82%	title	
P06425	戲題	애상(sympathy)	52	38%	term	
P06426	江西館壁上。敬次諸公韻。	천문(astro)	26	16%	term	
P06427	江西館壁上。敬次諸公韻。 其二	회고(reminiscence)	38	14%	term	
P06428	題永柔縣館。用舊韻。	도화(picture)	64	52%	title	
P06429	聞游監軍被覈不來。具由馳啓。趣裝東歸。口號一絶。	송별(farewell)	63	52%	title, term	
P06430	聞游監軍被覈不來。具由馳啓。趣裝東歸。口號一絶。 其二	송별(farewell)	69	52%	title, term	
P06431	癸亥十二月十八日。以査文齎進及査官迎慰使兼差毛都督問安使。詣闕拜辭。馳赴關西。是日宿崇禮門外。	유람(travel)	82	94%	title	
P06432	十二月十九日。宿高陽郡。二十日。憩坡州。次長湍府。	유람(travel)	80	94%	title	
P06433	十二月二十一日。入開城府。	유람(travel)	60	52%	title, term	
P06434	十二月二十四日。發松京。憩金郊。次平山靑石洞中。遇雪口占。	유람(travel)	81	94%	title	
P06435	十二月三十日。晩發平壤。昏到順安。	유람(travel)	78	82%	title, term	
P06436	甲子元日	산악(mountain)	39	14%	term	
P06437	途中元日感懷	유람(travel)	95	94%	title	
P06438	定州上元夜書懷	회고(reminiscence)	54	38%	title	
P06439	奉答郭山郡守閔 汝儉 令公書	산악(mountain)	53	38%	title	
P06440	蛇浦阻風。書示忘菴金正郞 榮祖 孝仲。兼贈月潭尹右尹 毅立 止中。求和。	기증(donate)	97	94%	title	
P06441	蛇浦阻風。書示忘菴金正郞 榮祖 孝仲。兼贈月潭尹右尹 毅立 止中。求和。 其二	기증(donate)	97	94%	title	
P06442	述懷書事。敬呈毛都督幙下。	기증(donate)	87	94%	title	
P06443	述懷書事。敬呈毛都督幙下。 其二	기증(donate)	80	94%	title	
P06444	述懷書事。敬呈毛都督幙下。 其三	기증(donate)	89	94%	title	
P06445	述懷書事。敬呈毛都督幙下。 其四	기증(donate)	84	94%	title	
P06446	述懷書事。敬呈毛都督幙下。 其五	기증(donate)	86	94%	title	
P06447	述懷書事。敬呈毛都督幙下。 其六	기증(donate)	87	94%	title	
P06448	留椵島。用前韻。奉贈月潭尹止中令公。	강해(water)	51	38%	title	차운(제목 donate 무시)
P06449	留椵島待査事。聞叛寇深入。憤悶有作。	유람(travel)	52	38%	title	
P06450	聞賊魁就梟。車駕還都。志喜。	천문(astro)	27	16%	term	
P06451	贈中和通引金現日。用前年留別韻。	송별(farewell)	97	94%	title	차운(제목 donate 무시)
P06452	贈中和通引金現日。用前年留別韻。 其二	송별(farewell)	80	94%	title, term	차운(제목 donate 무시)
P06453	平山道中。記事。	유람(travel)	59	38%	title, term	
P06454	奉贈開城沈 宗直 經歷	기증(donate)	97	94%	title	
P06455	自關西歸。李學士子時敏求見訪不遇。留詩而去。遂依韻奉謝。	송별(farewell)	55	38%	title	
P06456	自關西歸。李學士子時敏求見訪不遇。留詩而去。遂依韻奉謝。 其二	송별(farewell)	61	52%	title	
P06457	獄中口占	회고(reminiscence)	71	82%	term	
P06458	獄中口占 其二	변새(frontier)	49	27%	term	
P06459	三月二十八日。興仁門外。馬上口號。	송별(farewell)	43	27%	term	
P06460	抱川途中。遇迅雷驟雨而作。	유람(travel)	84	94%	title	
P06461	四月初五日戊子。發抱川。憩永平梁文驛。次鐵原豐田驛。	유람(travel)	88	94%	title	
P06462	四月初六日己丑。午憩金化懸。夕宿直木驛。初七日庚寅。午憩金城縣。夕宿昌道驛。路中口占。	유람(travel)	94	94%	title, term	
P06463	戲題昌道驛田家破窓	도화(picture)	61	52%	title	
P06464	四月初八日辛卯。午憩新安驛。夕次淮陽府。路中口占。	유람(travel)	80	94%	title	
P06465	戲贈新安驛吏李玉福，莫福兄弟。	기증(donate)	97	94%	title	
P06466	過鐵嶺神祠而作	유람(travel)	75	82%	title	
P06467	題鐵嶺院柱上	도화(picture)	56	38%	title	
P06468	高山館	애상(sympathy)	40	27%	term	
P06469	南山院	산악(mountain)	59	38%	title	
P06470	安邊府作	애상(sympathy)	40	27%	term	
P06471	次永興府	송별(farewell)	40	27%	term	
P06472	咸興府道中	유람(travel)	71	82%	title, term	
P06473	咸關嶺	회고(reminiscence)	58	38%	term	
P06474	題居山館壁上	도화(picture)	59	38%	title	
P06475	磨雲嶺	천문(astro)	55	38%	title	
P06476	贈端川諸生	기증(donate)	97	94%	title	
P06477	贈端川諸生 其二	기증(donate)	97	94%	title	
P06478	四月二十日。宿磨谷。	유람(travel)	78	82%	title	
P06479	四月二十一日。踰磨天嶺。次吉州臨溟驛。	유람(travel)	62	52%	title, term	
P06480	四月二十一日。踰磨天嶺。次吉州臨溟驛。 其二	유람(travel)	57	38%	title, term	
P06481	甲子四月二十五日。到鏡城配所。作七首。	유람(travel)	68	52%	title	
P06482	甲子四月二十五日。到鏡城配所。作七首。 其二	유람(travel)	67	52%	title	
P06483	甲子四月二十五日。到鏡城配所。作七首。 其三	유람(travel)	65	52%	title	
P06484	甲子四月二十五日。到鏡城配所。作七首。 其四	유람(travel)	64	52%	title	
P06485	甲子四月二十五日。到鏡城配所。作七首。 其五	유람(travel)	55	38%	title	
P06486	甲子四月二十五日。到鏡城配所。作七首。 其六	유람(travel)	64	52%	title	
P06487	甲子四月二十五日。到鏡城配所。作七首。 其七	유람(travel)	67	52%	title	
P06488	端午	변새(frontier)	50	38%	term	
P06489	端午。謹用曾王父容齋先生謫居錄中五日韻。	건물(structure)	56	38%	title	
P06490	謹書曾王父容齋先生謫居錄後	건물(structure)	56	38%	title	
P06491	五月二十五日。判官許若虛 實 來訪。留一宿而去。翌日雨中。書此以寄。	기증(donate)	67	52%	title	
P06492	五月二十五日。判官許若虛 實 來訪。留一宿而去。翌日雨中。書此以寄。 其二	기증(donate)	67	52%	title	
P06493	五月二十五日。判官許若虛 實 來訪。留一宿而去。翌日雨中。書此以寄。 其三	기증(donate)	66	52%	title	
P06494	五月二十五日。判官許若虛 實 來訪。留一宿而去。翌日雨中。書此以寄。 其四	기증(donate)	66	52%	title	
P06495	夏日。登水中臺。	회고(reminiscence)	50	38%	title	
P06496	卽事	기타(others)	90	94%	title	
P06497	贈別朴璨秀才以鄕擧赴京城	송별(farewell)	74	82%	title	제목보정
P06498	用吏部姪 植 韻。奉謝吉州邊明叔牧使。	송별(farewell)	36	14%	term	차운(제목 donate 무시)
P06499	用吏部姪 植 韻。奉謝吉州邊明叔牧使。 其二	애상(sympathy)	38	14%	term	차운(제목 donate 무시)
P06500	旅舍偶書	애상(sympathy)	52	38%	term	
P06501	旅舍偶書 其二	애상(sympathy)	49	27%	term	
P06502	旅舍偶書 其三	애상(sympathy)	44	27%	term	
P06503	六月初一日癸未	애상(sympathy)	52	38%	term	
P06504	流頭日。謹用曾王父容齋先生謫居錄韻。	건물(structure)	78	82%	title	
P06505	六月二十日。聞仲氏乃於本月初一日。除授加平郡守。	송별(farewell)	25	16%	term	
P06506	生日作 六月二十一日	애상(sympathy)	31	14%	term	
P06507	奉謝節度使李令公 沅 送酒見問	송별(farewell)	91	94%	title, term	
P06508	李節度屢以米酒魚等物見遺。書以謝之。	기증(donate)	60	52%	title, term	
P06509	六月十六日。李別監日新，李監官日休，李生日成。携鷄酒來。二十三日。李日新與其弟座首日躋及日休。又以酒來餉。李君之先。公州人也。父諱鵬壽。曾爲抱川訓導。萬曆壬辰倭賊之亂。糾合義兵。戰死吉州。朝廷嘉之。贈官司憲府監察。復其戶役。故篇內云。	기증(donate)	82	94%	title	
P06510	六月十六日。李別監日新，李監官日休，李生日成。携鷄酒來。二十三日。李日新與其弟座首日躋及日休。又以酒來餉。李君之先。公州人也。父諱鵬壽。曾爲抱川訓導。萬曆壬辰倭賊之亂。糾合義兵。戰死吉州。朝廷嘉之。贈官司憲府監察。復其戶役。故篇內云。 其二	기증(donate)	82	94%	title	
P06511	六月二十九日。片雲上人自端川來訪。見贈一絶。用其韻以示。	유람(travel)	53	38%	title	차운(제목 donate 무시)
P06512	六月二十九日。片雲上人自端川來訪。見贈一絶。用其韻以示。 其二	유람(travel)	54	38%	title	차운(제목 donate 무시)
P06513	六月二十九日。片雲上人自端川來訪。見贈一絶。用其韻以示。 其三	유람(travel)	59	38%	title, term	차운(제목 donate 무시)
P06514	六月二十九日。片雲上人自端川來訪。見贈一絶。用其韻以示。 其四	유람(travel)	53	38%	title	차운(제목 donate 무시)
P06515	七月初一日癸丑	염정(desire)	48	27%	term	
P06516	七月初二日甲寅	애상(sympathy)	42	27%	term	
P06517	奉謝許判官若虛惠米	기증(donate)	70	82%	title	
P06518	戲書	애상(sympathy)	50	38%	term	
P06519	七月初三日雨中	변새(frontier)	51	38%	term	
P06520	七月初四日。里中諸人邀飮草山東臺。	애상(sympathy)	53	38%	term	
P06521	七月初四日。里中諸人邀飮草山東臺。 其二	산악(mountain)	50	38%	title	
P06522	七月七日。里中諸人邀飮大川上。	계절(season)	53	38%	term	
P06523	七月七日。里中諸人邀飮大川上。 其二	애상(sympathy)	41	27%	term	
P06524	七月十五日。里中諸人邀飮八景臺。臺主。乃崔訓導立也。	건물(structure)	65	52%	title	
P06525	七月十五日。里中諸人邀飮八景臺。臺主。乃崔訓導立也。 其二	건물(structure)	53	38%	title	
P06526	七月十七日。李別監日新，李座首日躋，李監官日休，李生日成四昆弟。與崔座首，姜典籍，李訓導天華，車別監弘道，李生苓萱芡，馬生文龍，車生震輅。邀飮大津之上。	송별(farewell)	97	94%	title	
P06527	七月二十八日	애상(sympathy)	36	14%	term	
P06528	七月二十九日辛巳	계절(season)	55	38%	title, term	
P06529	七月三十日壬午	애상(sympathy)	49	27%	term	
P06530	八月初一日癸未	애상(sympathy)	29	16%	term	
P06531	歸雁	변새(frontier)	44	27%	term	
P06532	歸雁 其二	송별(farewell)	65	52%	title	
P06533	八月初三日至初六日。連夜輾轉。不得安寢。	회고(reminiscence)	44	27%	term	
P06534	八月初六日。夜雨不止。	천문(astro)	86	94%	title	
P06535	八月初七日。書懷。	회고(reminiscence)	58	38%	title	
P06536	八月初九日	계절(season)	53	38%	title	
P06537	八月初十日	애상(sympathy)	39	14%	term	
P06538	八月十二日	유람(travel)	48	27%	term	
P06539	見歸雁有感	송별(farewell)	60	52%	title, term	
P06540	見歸雁有感 其二	송별(farewell)	61	52%	title	
P06541	見歸雁有感 其三	송별(farewell)	65	52%	title	
P06542	見歸雁有感 其四	송별(farewell)	66	52%	title	
P06543	八月十三日。池監官與其子。邀飮山園。	애상(sympathy)	42	27%	term	
P06544	八月十三日。池監官與其子。邀飮山園。 其二	산악(mountain)	78	82%	title	
P06545	八月十四日。朴座首送西瓜淸酒等物。	송별(farewell)	97	94%	title	
P06546	中秋月夜	계절(season)	58	38%	title, term	
P06547	中秋月夜 其二	계절(season)	59	38%	title, term	
P06548	八月十六日	산악(mountain)	18	17%	term	
P06549	兵使携酒來訪。臨罷。題贈歌妓。	기증(donate)	97	94%	title	
P06550	兵使携酒來訪。臨罷。題贈歌妓。 其二	기증(donate)	97	94%	title	
P06551	鄕人持酒。連日來餉。醉中戲題。	도화(picture)	61	52%	title	
P06552	八月十九日	회고(reminiscence)	41	27%	term	
P06553	八月二十一日。雨中。李日新送酒見問。	송별(farewell)	86	94%	title	
P06554	八月二十二日	한적(tranquility)	40	27%	term	
P06555	八月二十二日 其二	한적(tranquility)	40	27%	term	
P06556	八月二十四日	천문(astro)	31	14%	term	
P06557	次片雲師聞余歸雁曲有感見示之韻 時以俚言作歸雁歌兩曲。	애상(sympathy)	57	38%	title, term	
P06558	次片雲師聞余歸雁曲有感見示之韻 時以俚言作歸雁歌兩曲。 其二	송별(farewell)	61	52%	title, term	
P06559	屋南山崖。楓樹頗多。朝夕對坐。霜葉可愛。有懷余家園林而作。	회고(reminiscence)	59	38%	title	
P06560	八月二十六日	애상(sympathy)	41	27%	term	
P06561	八月二十八日庚戌。吉州金座首景憲，崔座首命仁。與李生克誠，金生益謙。載酒來訪。宰牛留飮。至九月初二日癸丑。乃去。聊題近體二首。以謝其厚意云爾。	도화(picture)	59	38%	title	
P06562	八月二十八日庚戌。吉州金座首景憲，崔座首命仁。與李生克誠，金生益謙。載酒來訪。宰牛留飮。至九月初二日癸丑。乃去。聊題近體二首。以謝其厚意云爾。 其二	도화(picture)	56	38%	title	
P06563	秋日。登水中臺。	계절(season)	54	38%	title	
P06564	九月初五日。評事安君 獻徵 書致酒饌。謝以短句。	기증(donate)	53	38%	title	
P06565	贈柳秀才 于霖。仍寄柳檢詳。用謝安評事韻。	애상(sympathy)	43	27%	term	차운(제목 donate 무시)
P06566	贈柳秀才 于霖。仍寄柳檢詳。用謝安評事韻。 其二	애상(sympathy)	45	27%	term	차운(제목 donate 무시)
P06567	九月初六日	계절(season)	44	27%	term	
P06568	九月初七日	계절(season)	42	27%	term	
P06569	九月九日	계절(season)	61	52%	title, term	
P06570	九月九日 其二	계절(season)	69	52%	title, term	
P06571	登高	한적(tranquility)	46	27%	term	
P06572	九月九日。崔座首邀上城山。徐座首，李訓導天華，李別監 敦復，李監官 目休，崔先達 澤，池秀才 朝海 同會宴飮。	송별(farewell)	97	94%	title	
P06573	九月九日。崔座首邀上城山。徐座首，李訓導天華，李別監 敦復，李監官 目休，崔先達 澤，池秀才 朝海 同會宴飮。 其二	송별(farewell)	93	94%	title	
P06574	九月九日。崔座首邀上城山。徐座首，李訓導天華，李別監 敦復，李監官 目休，崔先達 澤，池秀才 朝海 同會宴飮。 其三	송별(farewell)	97	94%	title	
P06575	奉謝李節度使送酒	송별(farewell)	84	94%	title	
P06576	九月十六日	천문(astro)	25	16%	term	
P06577	片雲上人以金剛山木瓢見遺。工製頗妙。可受三合。留作飮器。戲占絶句以志之。	불교(buddhism)	52	38%	title, term	
P06578	片雲上人以金剛山木瓢見遺。工製頗妙。可受三合。留作飮器。戲占絶句以志之。 其二	애상(sympathy)	46	27%	term	
P06579	李訓導天華家賞菊	계절(season)	45	27%	term	
P06580	九月十九日。李座首日躋。送酒一壺。卽便命酌。醉中戲題。時於李訓導天華處。乞菊花數株。新種庭前。	송별(farewell)	83	94%	title	
P06581	醉中呼韻。戲贈李生苓。	기증(donate)	97	94%	title	
P06582	九月十九日。姜秀才敏行。惠酒二甁。翌日姜典籍携酒來。連日醉飮而作。	애상(sympathy)	46	27%	term	
P06583	九月二十日。徐座首，李訓導邀飮海上。崔座首，姜典籍，池朝海，李苓，李蓉時亦來會。	불교(buddhism)	38	14%	term	
P06584	九月二十日。徐座首，李訓導邀飮海上。崔座首，姜典籍，池朝海，李苓，李蓉時亦來會。 其二	애상(sympathy)	39	14%	term	
P06585	對菊花有感	애상(sympathy)	67	52%	title, term	
P06586	九月二十五日	천문(astro)	27	16%	term	
P06587	九月三十日	애상(sympathy)	40	27%	term	
P06588	九月三十日 其二	변새(frontier)	50	38%	term	
P06589	九月三十日 其三	계절(season)	40	27%	term	
P06590	十月初一日壬午	송별(farewell)	41	27%	term	
P06591	十月初二日	변새(frontier)	24	16%	term	
P06592	十月初五日	유람(travel)	39	14%	term	
P06593	書安評事草稿後	애상(sympathy)	17	17%	term	
P06594	十月初九日。許判官，安評事枉駕見訪。別後寄謝。用判官韻。	송별(farewell)	62	52%	title	
P06595	十月十一日。雪中奉答李節度使書。	천문(astro)	68	52%	title	
P06596	十月十三日	애상(sympathy)	21	16%	term	
P06597	十月十四日	송별(farewell)	39	14%	term	
P06598	戲答許判官再用前韻見寄	애상(sympathy)	16	17%	term	차운(제목 donate 무시)
P06599	奉酬安評事見和前韻	애상(sympathy)	51	38%	term	
P06600	奉酬安評事見和前韻 其二	애상(sympathy)	49	27%	term	
P06601	十月十九日。得奉月沙李尙書手札。以詩代意。	변새(frontier)	54	38%	term	
P06602	十月二十日大雪	천문(astro)	67	52%	title	
P06603	奉謝吉州邊牧使十月初十日。送牛脯乾鰱魚。二十四日。又以米酒魚麞等物見遺。	송별(farewell)	97	94%	title	
P06604	奉謝吉州邊牧使十月初十日。送牛脯乾鰱魚。二十四日。又以米酒魚麞等物見遺。 其二	송별(farewell)	97	94%	title	
P06605	十月二十九日庚戌	계절(season)	53	38%	title	
P06606	十一月初一日辛亥。見仲氏書。	회방(meet)	37	14%	term	
P06607	奉答仲氏書	송별(farewell)	17	17%	term	
P06608	奉次金龍溪秋日月沙席上有懷見寄韻	기증(donate)	87	94%	title	
P06609	奉次金龍溪秋日月沙席上有懷見寄韻 其二	기증(donate)	84	94%	title	
P06610	奉次金龍溪秋日月沙席上有懷見寄韻 附元韻	기증(donate)	87	94%	title	
P06611	奉次金龍溪秋日月沙席上有懷見寄韻 附元韻 其二	기증(donate)	86	94%	title	
P06612	十一月十二日壬戌。是日冬至。追憶去歲詣闕朝賀。	회고(reminiscence)	68	52%	title	
P06613	十一月十二日壬戌。是日冬至。追憶去歲詣闕朝賀。 其二	회고(reminiscence)	58	38%	title	
P06614	至日早起。崔座首，李別監，姜敏行，金田龍各送豆粥。李別監又以菁根沈菜見遺。姜典籍晩携酒來訪。病肺不能飮。書以志之。	송별(farewell)	97	94%	title	
P06615	答姪典翰 植 書	애상(sympathy)	51	38%	term	
P06616	答姪斌書	변새(frontier)	45	27%	term	
P06617	吉州邊明叔使君。以亡交石洲權汝章乞酒絶句見示。仍送酒一壺。步其韻而報之。	송별(farewell)	97	94%	title	
P06618	吉州邊明叔使君。以亡交石洲權汝章乞酒絶句見示。仍送酒一壺。步其韻而報之。 其二	송별(farewell)	90	94%	title, term	
P06619	吉州邊明叔使君。以亡交石洲權汝章乞酒絶句見示。仍送酒一壺。步其韻而報之。 其三	송별(farewell)	88	94%	title	
P06620	奉次吉州邊使君夢見權石洲寄示之韻	기증(donate)	97	94%	title	
P06621	奉次吉州邊使君夢見權石洲寄示之韻 其二	기증(donate)	93	94%	title	
P06622	奉次吉州邊使君夢見權石洲寄示之韻 其三	기증(donate)	93	94%	title	
P06623	十二月初一日辛巳。至初三日癸未。大雪。	천문(astro)	65	52%	title	
P06624	贈端川校生李之遠	기증(donate)	97	94%	title	
P06625	奉次吉州邊明叔使君枉過留贈之韻	기증(donate)	97	94%	title	
P06626	奉次吉州邊明叔使君枉過留贈之韻 其二	기증(donate)	96	94%	title	
P06627	鍾城金府使 致遠 士毅。罷歸京城。枉訪寓居。書此贈別。	송별(farewell)	72	82%	title, term	제목보정
P06628	鍾城金府使 致遠 士毅。罷歸京城。枉訪寓居。書此贈別。 其二	송별(farewell)	73	82%	title	제목보정
P06629	重贈金鍾城士毅之行。用吉州邊牧使韻。	유람(travel)	51	38%	title	차운(제목 donate 무시)
P06630	十二月十二日。雪後月夜。朴璨載酒來餉。	애상(sympathy)	57	38%	term	
P06631	十二月十六日。夜臥無寐。月中獨步。	변새(frontier)	43	27%	term	
P06632	十二月二十三日。得興陽愼明宰 天翊 甥書。	계절(season)	56	38%	title	
P06633	十二月中。再見靑雲君沈參判 命世 書。先送大墨二笏。後惠狀紙六十枚。	송별(farewell)	90	94%	title	
P06634	十二月中。再見靑雲君沈參判 命世 書。先送大墨二笏。後惠狀紙六十枚。 其二	송별(farewell)	95	94%	title	
P06635	鏡城雪中作	천문(astro)	60	52%	title	
P06636	鏡城雪中作 其二	천문(astro)	66	52%	title	
P06637	鏡城雪中作 其三	천문(astro)	61	52%	title	
P06638	除夕	애상(sympathy)	65	52%	term	
P06639	除夜	애상(sympathy)	49	27%	term	
P06640	乙丑元日	인물(person)	45	27%	term	
P06641	乙丑元日 其二	천문(astro)	21	16%	term	
P06642	乙丑正月初一日庚戌。崔座首，姜典籍。率李日新，日躋等諸人。携酒來餉。連日泥醉。戲吟短律。	산악(mountain)	17	17%	term	
P06643	正月初十日。姜秀才敏行携酒來。用前韻以謝之。	유람(travel)	53	38%	title	
P06644	奉謝北渚金贊成以油煤墨三笏。新曆日四部見寄。	기증(donate)	96	94%	title	
P06645	奉謝北渚金贊成以油煤墨三笏。新曆日四部見寄。 其二	기증(donate)	97	94%	title	
P06646	謹次月沙李尙書去歲除日見寄之韻	기증(donate)	97	94%	title	
P06647	謹次月沙李尙書去歲除日見寄之韻 其二	기증(donate)	97	94%	title	
P06648	謹次月沙李尙書去歲除日見寄之韻 其三	기증(donate)	97	94%	title	
P06649	謹次月沙李尙書去歲除日見寄之韻 其四	기증(donate)	87	94%	title	
P06650	吉州邊明叔牧使。得典翰姪寄簡詩。致書見示。仍次其韻。却寄姪。	변새(frontier)	45	27%	term	차운(제목 donate 무시)
P06651	奉次鶴谷洪副學去歲臘月二十五日見寄之韻	기증(donate)	93	94%	title	
P06652	正月十五日	계절(season)	45	27%	term	
P06653	正月二十九日。家奴叔只自京回來。見邸報而作。	유람(travel)	57	38%	title	
P06654	正月二十九日。家奴叔只自京回來。見邸報而作。 其二	유람(travel)	58	38%	title	
P06655	正月二十九日。家奴叔只自京回來。見邸報而作。 其三	유람(travel)	63	52%	title	
P06656	正月二十九日。家奴叔只自京回來。見邸報而作。 其四	유람(travel)	61	52%	title	
P06657	二月初一日	계절(season)	58	38%	title	
P06658	卽事	기타(others)	75	82%	title	
P06659	書懷	회고(reminiscence)	65	52%	title, term	
P06660	贈片雲上人	기증(donate)	97	94%	title	
P06661	偶題	기타(others)	60	52%	title	
P06662	寒食 二月二十八日	애상(sympathy)	43	27%	term	
P06663	二月二十八日。評事安聖觀，判官許若虛。携酒饌見訪。評事用姪典翰寄吉州邊使君韻。留贈索和。仍步其韻。兼示判官。	계절(season)	52	38%	title, term	차운(제목 donate 무시)
P06664	三月三日	애상(sympathy)	40	27%	term	
P06665	三月十五日 乙丑年量移洪川	유람(travel)	38	14%	term	
P06666	歸途。題贈送行諸人。	기증(donate)	79	82%	title	
P06667	歸途。題贈送行諸人。 其二	기증(donate)	80	94%	title	
P06668	道中口占 四首	유람(travel)	62	52%	title	
P06669	道中口占 四首 其二	유람(travel)	68	52%	title	
P06670	道中口占 四首 其三	유람(travel)	56	38%	title	
P06671	道中口占 四首 其四	유람(travel)	63	52%	title, term	
P06672	奉次金參判 尙寯 贈別韻 時謫吉州	송별(farewell)	70	82%	title, term	차운(제목 donate 무시)
P06673	奉次金參判 尙寯 贈別韻 時謫吉州 其二	송별(farewell)	74	82%	title	차운(제목 donate 무시)
P06674	三月十九日。次吉州。	계절(season)	58	38%	title, term	
P06675	吉州路中 三月二十日	유람(travel)	69	52%	title, term	
P06676	朴生 璨 自鏡城追至磨谷驛。臨別題贈。	송별(farewell)	76	82%	title, term	제목보정
P06677	重贈朴生	기증(donate)	97	94%	title	
P06678	重贈朴生 其二	기증(donate)	97	94%	title	
P06679	乙丑三月二十二日。踰磨天嶺。宿端川磨谷驛。二十三日。宿郡內。二十四日。踰磨雲嶺。宿利城谷口驛。時郡人金敏道等二十四人。來迎於磨天嶺下。沈徵等二十六人。來餞於磨雲嶺上。	유람(travel)	87	94%	title	
P06680	三月二十九日。朝發平浦館。午憩洪原縣。夕次咸原驛。是日春盡。	유람(travel)	88	94%	title, term	
P06681	四月初五日。文川途中。	유람(travel)	96	94%	title	
P06682	踰鐵嶺	변새(frontier)	40	27%	term	
P06683	赴洪川途中	유람(travel)	97	94%	title	
P06684	鐵嶺院戲題	도화(picture)	61	52%	title	
P06685	夕投淮陽府。口占。	애상(sympathy)	48	27%	term	
P06686	淮陽道中	유람(travel)	59	38%	title	
P06687	寄謝安邊洪景望使君	기증(donate)	97	94%	title	
P06688	寄謝安邊洪景望使君 其二	기증(donate)	97	94%	title	
P06689	金城道中。述懷四首。	애상(sympathy)	59	38%	title, term	
P06690	金城道中。述懷四首。 其二	유람(travel)	58	38%	title, term	
P06691	金城道中。述懷四首。 其三	애상(sympathy)	66	52%	title, term	
P06692	金城道中。述懷四首。 其四	애상(sympathy)	60	52%	title, term	
P06693	四月十二日。次金城瑞雲驛。見姪梣來迓。	유람(travel)	55	38%	title, term	
P06694	四月十八日。仲氏自加平郡來。	유람(travel)	77	82%	title	
P06695	奉簡柳安山 𥛚	산악(mountain)	51	38%	title	
P06696	次韻贈襄陽趙府使持世	변새(frontier)	42	27%	term	차운(제목 donate 무시)
P06697	次韻贈襄陽趙府使持世 其二	애상(sympathy)	45	27%	term	차운(제목 donate 무시)
P06698	奉答眞寶李明宰子靜 岦 書	송별(farewell)	48	27%	term	
P06699	寓舍述懷	애상(sympathy)	62	52%	title	
P06700	寓舍述懷 其二	애상(sympathy)	62	52%	title	
P06701	端午	유람(travel)	23	16%	term	
P06702	端午 其二	애상(sympathy)	23	16%	term	
P06703	五月五日。謹次容齋先生集南遷錄中五日書事韻。	건물(structure)	70	82%	title	
P06704	次承旨姪 植 以端午賜扇見寄韻	기증(donate)	97	94%	title	
P06705	次承旨姪 植 以端午賜扇見寄韻 其二	기증(donate)	89	94%	title	
P06706	次承旨姪 植 以端午賜扇見寄韻 附原韻	기증(donate)	82	94%	title	
P06707	次承旨姪 植 以端午賜扇見寄韻 附原韻 其二	기증(donate)	97	94%	title	
P06708	遣懷 二首	애상(sympathy)	54	38%	title	
P06709	遣懷 二首 其二	애상(sympathy)	54	38%	title, term	
P06710	卽事	기타(others)	74	82%	title	
P06711	六月十一日 是日乃伯氏諱辰	회고(reminiscence)	55	38%	term	
P06712	六月十一日 是日乃伯氏諱辰 其二	애상(sympathy)	25	16%	term	
P06713	柳秀才 汝弼，崔秀才 熽，鄭秀才 元尙 持酒而來。	강해(water)	41	27%	term	
P06714	六月十三日	천문(astro)	39	14%	term	
P06715	贈主翁朴叔堅	기증(donate)	97	94%	title	
P06716	六月十五日。謹次容齋先生集南遷錄中流頭日韻。	변새(frontier)	45	27%	term	
P06717	贈乾達上人	기증(donate)	97	94%	title	
P06718	贈乾達上人 其二	기증(donate)	97	94%	title	
P06719	用前韻贈人 此六首。北謫時所作。而誤錄在此。	애상(sympathy)	39	14%	term	차운(제목 donate 무시)
P06720	用前韻贈人 此六首。北謫時所作。而誤錄在此。 其二	애상(sympathy)	36	14%	term	차운(제목 donate 무시)
P06721	用前韻贈人 此六首。北謫時所作。而誤錄在此。 其三	애상(sympathy)	39	14%	term	차운(제목 donate 무시)
P06722	贈乾達上人	기증(donate)	97	94%	title	
P06723	贈乾達上人 其二	기증(donate)	97	94%	title	
P06724	次友人贈守初上人韻	애상(sympathy)	42	27%	term	차운(제목 donate 무시)
P06725	次希安上人見寄韻	불교(buddhism)	61	52%	title, term	차운(제목 donate 무시)
P06726	六月十六日。霖雨始霽。至十八日。連日晨起。雲景甚佳。	천문(astro)	78	82%	title	
P06727	六月十六日。霖雨始霽。至十八日。連日晨起。雲景甚佳。 其二	천문(astro)	80	94%	title	
P06728	六月三十日遣懷	회고(reminiscence)	57	38%	title, term	
P06729	七月初一日丁未	애상(sympathy)	27	16%	term	
P06730	七月初二日	애상(sympathy)	22	16%	term	
P06731	七月初三日	애상(sympathy)	44	27%	term	
P06732	七月初四日	천문(astro)	25	16%	term	
P06733	七月初五日	식물(plant)	37	14%	term	
P06734	七月初六日壬子。聞仲氏罷郡還鄕。	유람(travel)	26	16%	term	
P06735	七月十一日	천문(astro)	29	16%	term	
P06736	贈義慧上人	기증(donate)	97	94%	title	
P06737	慧師以承旨姪詩。來示索和。步其韻以贈。	기증(donate)	97	94%	title	
P06738	慧師以承旨姪詩。來示索和。步其韻以贈。 其二	기증(donate)	97	94%	title	
P06739	七月十五日遣懷	애상(sympathy)	51	38%	title	
P06740	七月二十五日 洪川邑內。有連峯驛。	애상(sympathy)	46	27%	term	
P06741	憶沔陽鄕墅	회고(reminiscence)	65	52%	title	
P06742	七月三十日	유람(travel)	41	27%	term	
P06743	八月初一日丁丑	유람(travel)	41	27%	term	
P06744	八月初三日	한적(tranquility)	56	38%	term	
P06745	戲答驪州李尙中 忔 使君兄書	변새(frontier)	46	27%	term	
P06746	溪上	강해(water)	62	52%	term	
P06747	八月十二日	계절(season)	39	14%	term	
P06748	八月十五日	애상(sympathy)	45	27%	term	
P06749	八月十七日遣懷	애상(sympathy)	58	38%	title, term	
P06750	九月初一日丙午	천문(astro)	25	16%	term	
P06751	九月初二日雨	천문(astro)	66	52%	title	
P06752	奉謝李監役 竣 汝一自原州別廬。枉駕見訪。用韋蘇州寄全椒山中道士韻。	송별(farewell)	62	52%	title	
P06753	九月初六日	애상(sympathy)	37	14%	term	
P06754	九月九日	계절(season)	71	82%	title, term	
P06755	謹次月沙李二相以內賜朱砂安神丸一劑寄惠絶句韻	기증(donate)	97	94%	title	
P06756	謹次月沙李二相以內賜朱砂安神丸一劑寄惠絶句韻 其二	기증(donate)	97	94%	title	
P06757	謹次月沙李二相以內賜朱砂安神丸一劑寄惠絶句韻 附原韻	기증(donate)	97	94%	title	
P06758	次韻。奉答春川李處士 胄 櫟翁。	애상(sympathy)	15	17%	term	
P06759	次韻。奉答春川李處士 胄 櫟翁。 其二	회방(meet)	36	14%	term	
P06760	奉次柳安山 䙗 韻	산악(mountain)	55	38%	title	
P06761	奉次柳安山 䙗 韻 其二	산악(mountain)	59	38%	title	
P06762	奉次柳安山 䙗 韻 其三	변새(frontier)	41	27%	term	
P06763	奉酬柳安山櫟叟用前韻見貽。	산악(mountain)	58	38%	title	
P06764	奉酬柳安山櫟叟用前韻見貽。 其二	애상(sympathy)	44	27%	term	
P06765	奉酬柳安山櫟叟用前韻見貽。 其三	애상(sympathy)	53	38%	term	
P06766	奉酬柳安山櫟叟用前韻見貽。 其四	산악(mountain)	54	38%	title	
P06767	奉簡沈參判 命世○君時謫忠州	기증(donate)	85	94%	title	
P06768	奉簡沈參判 命世○君時謫忠州 其二	기증(donate)	85	94%	title	
P06769	奉簡沈參判 命世○君時謫忠州 其三	애상(sympathy)	40	27%	term	
P06770	九月二十一日雨	천문(astro)	53	38%	title	
P06771	九月二十二日。連雨不止。	애상(sympathy)	45	27%	term	
P06772	九月二十四日夕雨。至二十五日晩霽。	천문(astro)	66	52%	title	
P06773	南宮汝用 櫓 秀才。以川魚盆菊。雨中見遺。	인물(person)	52	38%	title, term	
P06774	奉次柳安山送菊花韻	송별(farewell)	83	94%	title, term	
P06775	九月二十五日。柳安山送黃菊一盆。	송별(farewell)	89	94%	title	
P06776	對菊花有感	계절(season)	48	27%	term	
P06777	九月二十七日	애상(sympathy)	41	27%	term	
P06778	九月三十日	변새(frontier)	47	27%	term	
P06779	九月三十日。從姪斌自沔鄕載酒饌來餉。	유람(travel)	68	52%	title	
P06780	九月三十日。從姪斌自沔鄕載酒饌來餉。 其二	유람(travel)	55	38%	title	
P06781	九月三十日。從姪斌自沔鄕載酒饌來餉。 其三	유람(travel)	62	52%	title	
P06782	十月初一日丙子	애상(sympathy)	27	16%	term	
P06783	奉謝南宮老秀才送酒二甁，鹿舌，鹿尾，膏雉，鱣魚，銀口魚等物。	송별(farewell)	89	94%	title	
P06784	奉贈柳安山	기증(donate)	97	94%	title	
P06785	次韻。奉呈櫟翁李處士	애상(sympathy)	40	27%	term	차운(제목 donate 무시)
P06786	次韻。奉呈櫟翁李處士 其二	한적(tranquility)	41	27%	term	차운(제목 donate 무시)
P06787	次韻。奉呈櫟翁李處士 其三	애상(sympathy)	37	14%	term	차운(제목 donate 무시)
P06788	次韻。奉呈櫟翁李處士 其四	불교(buddhism)	52	38%	term	차운(제목 donate 무시)
P06789	疊用牛字韻。奉柬櫟翁。	산악(mountain)	39	14%	term	
P06790	答友人	애상(sympathy)	47	27%	term	
P06791	十月三十日乙巳	애상(sympathy)	41	27%	term	
P06792	十一月初三日	변새(frontier)	46	27%	term	
P06793	簡鏡城漁郞里中諸人	기증(donate)	50	38%	title	
P06794	冬至	유람(travel)	32	14%	term	
P06795	冬至 其二	애상(sympathy)	50	38%	term	
P06796	十一月二十四日陰。翌朝雪霽。獨坐口占。	천문(astro)	65	52%	title	
P06797	十二月初二日丙子。大雪。至戊寅始晴。	천문(astro)	63	52%	title	
P06798	十二月初五日	불교(buddhism)	51	38%	term	
P06799	奉謝眞寶李明宰子靜書 時致鷄雉茶食等物	기증(donate)	52	38%	title	
P06800	奉謝眞寶李明宰子靜書 時致鷄雉茶食等物 其二	애상(sympathy)	45	27%	term	
P06801	奉謝眞寶李明宰子靜書 時致鷄雉茶食等物 其三	기증(donate)	56	38%	title	
P06802	奉謝眞寶李明宰子靜書 時致鷄雉茶食等物 其四	기증(donate)	52	38%	title	
P06803	十二月十四日。大雪新霽。月夜獨坐。口占三五七言。	천문(astro)	70	82%	title	
P06804	十二月十五日。雪後早朝。柳安山送酒。	송별(farewell)	81	94%	title	
P06805	十二月十七日。奉簡柳安山。	계절(season)	59	38%	title, term	
P06806	戲簡柳安山	산악(mountain)	50	38%	title	
P06807	蔡秀才 鄭後 携酒見訪 君乃鄭古玉外孫。古玉無子。以君爲後。	인물(person)	59	38%	title, term	
P06808	蔡秀才 鄭後 携酒見訪 君乃鄭古玉外孫。古玉無子。以君爲後。 其二	인물(person)	56	38%	title	
P06809	蔡秀才 鄭後 携酒見訪 君乃鄭古玉外孫。古玉無子。以君爲後。 其三	인물(person)	55	38%	title	
P06810	見新曆	애상(sympathy)	52	38%	term	
P06811	奉謝鄭舍人德餘，李正郞子方寄惠新曆。	기증(donate)	97	94%	title	
P06812	奉謝鄭舍人德餘，李正郞子方寄惠新曆。 其二	기증(donate)	97	94%	title	
P06813	奉謝鄭舍人德餘，李正郞子方寄惠新曆。 附次韻	유람(travel)	15	17%	term	차운(제목 donate 무시)
P06814	奉謝鄭舍人德餘，李正郞子方寄惠新曆。 附次韻 其二	회고(reminiscence)	38	14%	term	차운(제목 donate 무시)
P06815	奉答金二相北渚書	애상(sympathy)	41	27%	term	
P06816	敬次五峯相公韻。贈萬益上人。	불교(buddhism)	55	38%	title	차운(제목 donate 무시)
P06817	十二月三十日甲辰	계절(season)	71	82%	title	
P06818	丙寅正月初一日乙巳	애상(sympathy)	60	52%	term	
P06819	丙寅正月初一日乙巳 其二	애상(sympathy)	26	16%	term	
P06820	正朝。贈片雲上人。	기증(donate)	97	94%	title	
P06821	奉謝柳安山送酒。用元日見示韻。	송별(farewell)	90	94%	title	
P06822	奉謝柳安山送酒。用元日見示韻。 其二	송별(farewell)	89	94%	title	
P06823	奉謝柳安山送酒。用元日見示韻。 其三	송별(farewell)	91	94%	title	
P06824	正月初三日	불교(buddhism)	57	38%	term	
P06825	題宗信上人詩卷。用參議姪 植 韻。	도화(picture)	61	52%	title	
P06826	人日。憶仲氏。是日乃仲氏生辰	회고(reminiscence)	60	52%	title	
P06827	正月初十日	유람(travel)	45	27%	term	
P06828	奉贈李汝一兄。前年九月。除授軍資監主簿。今歲新正。轉拜掌隷院司評。詩自原州。廻赴京城。枉道見訪。詩以爲別。	기증(donate)	81	94%	title	
P06829	奉次銀溪察訪許子賀 䙗 見寄韻 時送雉三首	송별(farewell)	64	52%	title, term	
P06830	元夕	송별(farewell)	41	27%	term	
P06831	禮曹蔡佐郞 裕後。 以詩稿寄示。因題卷末。用唐詩到處逢人說項斯韻。	유람(travel)	55	38%	title	차운(제목 donate 무시)
P06832	正月二十五日雪中。趙秀才 邦璧 子完。自沔川來。以酒見餉。留一日而去。聊贈短律二首。	기증(donate)	97	94%	title	
P06833	正月二十五日雪中。趙秀才 邦璧 子完。自沔川來。以酒見餉。留一日而去。聊贈短律二首。 其二	기증(donate)	97	94%	title	
P06834	正月二十九日癸酉 是日月盡	계절(season)	55	38%	title	
P06835	二月初一日甲戌 是日。乃昭敬大王諱辰	불교(buddhism)	39	14%	term	
P06836	校生南宮績。以酒三壺。牛一脚及牛肝，牛胃等物見餉。聊題短律爲謝。自秋及春。每月惠雉數十首故。篇內及之。	유람(travel)	54	38%	title	
P06837	二月初八日辛巳	계절(season)	51	38%	title	
P06838	二月初九日。參議姪 植 載酒肴來訪。留飮三日而去。	계절(season)	56	38%	title	
P06839	二月初九日。參議姪 植 載酒肴來訪。留飮三日而去。 其二	계절(season)	60	52%	title	
P06840	二月初九日。參議姪 植 載酒肴來訪。留飮三日而去。 其三	계절(season)	61	52%	title	
P06841	二月初九日。參議姪 植 載酒肴來訪。留飮三日而去。 其四	계절(season)	61	52%	title	
P06842	二月初九日。參議姪 植 載酒肴來訪。留飮三日而去。 其五	계절(season)	59	38%	title	
P06843	二月初九日。參議姪 植 載酒肴來訪。留飮三日而去。 附次韻	계절(season)	54	38%	title	
P06844	二月初九日。參議姪 植 載酒肴來訪。留飮三日而去。 附次韻 其二	계절(season)	59	38%	title	
P06845	二月初九日。參議姪 植 載酒肴來訪。留飮三日而去。 附次韻 其三	계절(season)	62	52%	title	
P06846	二月初九日。參議姪 植 載酒肴來訪。留飮三日而去。 附次韻 其四	계절(season)	59	38%	title	
P06847	二月初九日。參議姪 植 載酒肴來訪。留飮三日而去。 附次韻 其五	계절(season)	61	52%	title	
P06848	重贈參議姪汝固。兼寄宗弟汝省正言。	기증(donate)	97	94%	title	
P06849	重贈參議姪汝固。兼寄宗弟汝省正言。 附次韻	애상(sympathy)	40	27%	term	차운(제목 donate 무시)
P06850	重贈參議姪汝固。兼寄宗弟汝省正言。 附次韻 其二	한적(tranquility)	37	14%	term	차운(제목 donate 무시)
P06851	次參議姪 植 道中作韻	유람(travel)	66	52%	title	
P06852	次參議姪 植 道中作韻 附原韻	유람(travel)	67	52%	title	
P06853	次參議姪 植 歸途見寄之韻	기증(donate)	80	94%	title	
P06854	次參議姪 植 歸途見寄之韻 其二	기증(donate)	82	94%	title	
P06855	二月十五日戊子。夜坐口占。	애상(sympathy)	41	27%	term	
P06856	二月二十日癸巳	계절(season)	59	38%	title, term	
P06857	亡友白進士善鳴 振南 母河東鄭氏挽詞 鄭氏玉峯白參奉之孺人也。生四男三女。內外曾女孫二十九人。享年九十歲。	애상(sympathy)	94	94%	title	
P06858	故參奉白玉峯遷葬挽詞 爲生員白尙賓作。玉峯先葬于靈巖地。今將改葬。與鄭氏同窆于海南縣秀蘭山下。	애상(sympathy)	93	94%	title	
P06859	三月初一日甲辰	애상(sympathy)	21	16%	term	
P06860	三月三日	애상(sympathy)	27	16%	term	
P06861	寒食 三月初九日	계절(season)	61	52%	title	
P06862	寒食 三月初九日 其二	계절(season)	71	82%	title	
P06863	寒食 三月初九日 其三	계절(season)	60	52%	title	
P06864	淸明	천문(astro)	22	16%	term	
P06865	三月十一日。許秀才 琦 携酒見訪。是日淸明	애상(sympathy)	46	27%	term	
P06866	三月十二日乙卯 余以甲子三月十二日丙寅就獄。故每於是日。輒復發悸。	유람(travel)	95	94%	title	
P06867	三月十二日。鏡城池士進 達源。 以濬源殿參奉赴永興。枉道見訪。詩以爲別。	송별(farewell)	95	94%	title	
P06868	三月十二日。鏡城池士進 達源。 以濬源殿參奉赴永興。枉道見訪。詩以爲別。 其二	송별(farewell)	94	94%	title, term	
P06869	三月十二日。鏡城池士進 達源。 以濬源殿參奉赴永興。枉道見訪。詩以爲別。 其三	송별(farewell)	89	94%	title, term	
P06870	三月十四日丁巳	강해(water)	19	17%	term	
P06871	用前韻。寄贈希安上人。兼示沖徽長老。	불교(buddhism)	58	38%	title	차운(제목 donate 무시)
P06872	用前韻。寄贈希安上人。兼示沖徽長老。 其二	애상(sympathy)	43	27%	term	차운(제목 donate 무시)
P06873	三月十六日己未	산악(mountain)	55	38%	term	
P06874	三月十九日壬戌	불교(buddhism)	40	27%	term	
P06875	三月二十日 舍西籬外。有柳兩株。	애상(sympathy)	51	38%	term	
P06876	三月二十三日。裕陵金參奉 忠淹 老范。載酒而來。留贈以詩。次其韻爲別。	송별(farewell)	81	94%	title	차운(제목 donate 무시)
P06877	三月二十三日。裕陵金參奉 忠淹 老范。載酒而來。留贈以詩。次其韻爲別。 其二	송별(farewell)	81	94%	title	차운(제목 donate 무시)
P06878	三月二十三日。裕陵金參奉 忠淹 老范。載酒而來。留贈以詩。次其韻爲別。 其三	송별(farewell)	80	94%	title	차운(제목 donate 무시)
P06879	三月二十三日。裕陵金參奉 忠淹 老范。載酒而來。留贈以詩。次其韻爲別。 其四	송별(farewell)	85	94%	title	차운(제목 donate 무시)
P06880	三月二十三日。裕陵金參奉 忠淹 老范。載酒而來。留贈以詩。次其韻爲別。 其五	송별(farewell)	91	94%	title, term	차운(제목 donate 무시)
P06881	三月二十三日。裕陵金參奉 忠淹 老范。載酒而來。留贈以詩。次其韻爲別。 其六	송별(farewell)	93	94%	title	차운(제목 donate 무시)
P06882	疊用臣字韻。贈金 楀 秀才。楀乃金參奉老范之子。而亡伯氏長女壻也。自幼時。嘗從余學。余與老范。平章親事久矣。去年冬。始行醮禮於汚川鄕舍。今隨其父。遠來見訪。且喜且悲。聊贈此詩。	유람(travel)	60	52%	title	차운(제목 donate 무시)
P06883	三月二十七日庚午	애상(sympathy)	54	38%	term	
P06884	三月二十九日壬申雨。是日春盡。	송별(farewell)	45	27%	term	
P06885	三月二十九日壬申雨。是日春盡。 其二	계절(season)	53	38%	title, term	
P06886	三月二十九日壬申雨。是日春盡。 其三	송별(farewell)	42	27%	term	
P06887	四月初一日癸酉。遣懷。	애상(sympathy)	56	38%	title	
P06888	四月初三日乙亥	계절(season)	40	27%	term	
P06889	四月初六日戊寅	유람(travel)	54	38%	term	
P06890	四月十二日甲申	애상(sympathy)	43	27%	term	
P06891	四月十三日。朝雨午霽。風日閑美獨臥熟睡覺而有作	천문(astro)	72	82%	title	
P06892	四月十六日戊子 去歲四月十六日癸巳。始到此縣。	유람(travel)	73	82%	title	
P06893	四月十六日戊子 去歲四月十六日癸巳。始到此縣。 其二	유람(travel)	87	94%	title	
P06894	四月二十日壬辰。聞鶯有感。	애상(sympathy)	60	52%	title, term	
P06895	四月二十三日。望縣南流川。	애상(sympathy)	61	52%	term	
P06896	四月二十八日庚子。聽鶯戲題。	도화(picture)	61	52%	title	
P06897	飮南宮績四馬酒 四馬酒。用四午日重釀酒。經春乃熟。周歲不敗。	유람(travel)	78	82%	title	
P06898	五月初一日壬寅	송별(farewell)	42	27%	term	
P06899	五月初三日。南宮績送酒三甁。與司果李如璞同飮。	송별(farewell)	97	94%	title	
P06900	五月五日	애상(sympathy)	34	14%	term	
P06901	用亡友任持平茂叔韻。贈懷謙上人。	불교(buddhism)	54	38%	title, term	차운(제목 donate 무시)
P06902	用亡友任持平茂叔韻。贈懷謙上人。 其二	회고(reminiscence)	53	38%	title, term	차운(제목 donate 무시)
P06903	奉次石陽君灘隱見寄之韻	애상(sympathy)	39	14%	term	차운(제목 donate 무시)
P06904	奉次石陽君灘隱見寄之韻 其二	회고(reminiscence)	40	27%	term	차운(제목 donate 무시)
P06905	奉次石陽君灘隱見寄之韻 其三	변새(frontier)	36	14%	term	차운(제목 donate 무시)
P06906	疊用遊字韻。寄謝石陽君以詩見問。	유람(travel)	69	52%	title	차운(제목 donate 무시)
P06907	五月十五日。夜坐葑月。	애상(sympathy)	53	38%	term	
P06908	奉謝宗第 景曾 汝省送扇	송별(farewell)	91	94%	title	
P06909	奉簡宗弟汝省正言	기증(donate)	56	38%	title	
P06910	五月二十一日。乃南宮汝用生日也。携酒饌來餉。醉賦一律以謝之。君與我同生辛未。我少一月。	기증(donate)	58	38%	title	
P06911	戲答驪州李使君尙中兄書	계절(season)	15	17%	term	
P06912	五月二十四日	회고(reminiscence)	45	27%	term	
P06913	奉謝李司評汝一兄送煮酒一盆	송별(farewell)	95	94%	title	
P06914	再用參議姪韻。贈宗信上人。	불교(buddhism)	53	38%	title, term	차운(제목 donate 무시)
P06915	再用參議姪韻。贈宗信上人。 其二	불교(buddhism)	50	38%	title	차운(제목 donate 무시)
P06916	再用參議姪韻。贈宗信上人。 其三	불교(buddhism)	53	38%	title	차운(제목 donate 무시)
P06917	五月二十六日。校生朴應乾家送新麥。二十七日。奴叔自楊州海村別廬來。納早瓜。	송별(farewell)	97	94%	title, term	
P06918	六月初一日壬申。書感。	애상(sympathy)	27	16%	term	
P06919	六月初二日	회고(reminiscence)	54	38%	term	
P06920	南宮績送四馬酒一盆	송별(farewell)	90	94%	title	
P06921	六月十一日。感懷。	회고(reminiscence)	80	94%	title, term	
P06922	六月十五日 余於四月。曾落一齒。	애상(sympathy)	58	38%	term	
P06923	寄簡鏡城漁郞里中諸君	기증(donate)	97	94%	title	
P06924	奉謝平安監司白沙尹次野送綿紬，小帽，唐鞋，紙，墨，筆，油芚，乾魚，蝦卯等物。	송별(farewell)	97	94%	title	
P06925	奉謝平安監司白沙尹次野送綿紬，小帽，唐鞋，紙，墨，筆，油芚，乾魚，蝦卯等物。 其二	송별(farewell)	97	94%	title	
P06926	奉謝安評事 獻徵 寄惠筆墨	기증(donate)	97	94%	title	
P06927	奉謝安評事 獻徵 寄惠筆墨 其二	기증(donate)	89	94%	title	
P06928	奉謝安評事 獻徵 寄惠筆墨 其三	기증(donate)	93	94%	title	
P06929	奉謝安評事 獻徵 寄惠筆墨 其四	기증(donate)	94	94%	title	
P06930	閏六月初一日辛丑	천문(astro)	17	17%	term	
P06931	奉別仲氏還沔川鄕墅。時閏六月初一日。	송별(farewell)	97	94%	title	
P06932	奉別仲氏還沔川鄕墅。時閏六月初一日。 其二	송별(farewell)	97	94%	title	
P06933	奉謝竹陰趙參判怡叔書問。去年秋。曾送紙，筆，扇，墨，淸遠香，全鰒等物。今年夏。又以扇筆見遺。	송별(farewell)	96	94%	title	
P06934	閏六月十三日。李司果如璞家。貸米二石。	건물(structure)	66	52%	title	
P06935	奉謝原州金明府 矱 正卿手札見問。送燒酒一甁，鷄兒二首。	송별(farewell)	97	94%	title	
P06936	奉謝原州金明府 矱 正卿手札見問。送燒酒一甁，鷄兒二首。 其二	송별(farewell)	97	94%	title, term	
P06937	奉謝原州金明府 矱 正卿手札見問。送燒酒一甁，鷄兒二首。 其三	송별(farewell)	97	94%	title	
P06938	奉謝利川李明府 景嚴 子陵送米見問	송별(farewell)	79	82%	title, term	
P06939	奉謝眞寶李明宰子靜送猪脯，茶食，狀紙等物。	송별(farewell)	97	94%	title	
P06940	奉謝眞寶李明宰子靜送猪脯，茶食，狀紙等物。 其二	송별(farewell)	93	94%	title, term	
P06941	奉謝平安兵使南 以興 令公 時送白紬，眞墨等物。	송별(farewell)	97	94%	title	
P06942	七月初一日辛未	애상(sympathy)	51	38%	term	
P06943	奉謝地主南 瀞 令公以鷄酒見惠	애상(sympathy)	49	27%	term	
P06944	七月初四日曉雨	애상(sympathy)	47	27%	term	
P06945	七月初八日	유람(travel)	23	16%	term	
P06946	七月十二日	동물(animal)	37	14%	term	
P06947	奉謝鎭川洪明宰 茂績 送米麴等物	송별(farewell)	86	94%	title	
P06948	奉謝鎭川洪明宰 茂績 送米麴等物 其二	송별(farewell)	86	94%	title	
P06949	奉謝鎭川洪明宰 茂績 送米麴等物 其三	송별(farewell)	92	94%	title, term	
P06950	七月十五日。夜坐對月。	애상(sympathy)	46	27%	term	
P06951	送片雲師之沔川	송별(farewell)	94	94%	title	
P06952	送片雲師之沔川 其二	송별(farewell)	92	94%	title	
P06953	七月十七日	애상(sympathy)	26	16%	term	
P06954	夕坐聞蟬。微雨驟至。復用元字韻。	천문(astro)	55	38%	title	
P06955	夕坐聞蟬。微雨驟至。復用元字韻。 其二	천문(astro)	60	52%	title	
P06956	七月二十二日。用南童子斗長韻。示權秀才伉。	송별(farewell)	43	27%	term	
P06957	七月二十二日。用南童子斗長韻。示權秀才伉。 其二	애상(sympathy)	50	38%	term	
P06958	奉龜川君手札。以詩代意。	강해(water)	43	27%	term	
P06959	奉龜川君手札。以詩代意。 其二	변새(frontier)	36	14%	term	
P06960	奉龜川君手札。以詩代意。 其三	애상(sympathy)	43	27%	term	
P06961	奉謝淮陽趙明府善述送柏子，淸蜜等物	송별(farewell)	96	94%	title	
P06962	八月初一日庚子	애상(sympathy)	44	27%	term	
P06963	飮李堂長 惕 酒。醉中戲贈。	기증(donate)	97	94%	title	
P06964	八月初六日。聞仲氏乃於本月初二日拜司僕寺僉正。往在穆陵朝庚子年間。仲氏嘗爲本寺判官。今二十有七載。	한적(tranquility)	44	27%	term	
P06965	八月初九日。聞仲氏乃於本月初五日遞職還鄕。復用前韻。奉寄以別。	송별(farewell)	62	52%	title	
P06966	寄權秀才 伉	기증(donate)	88	94%	title	
P06967	八月十五日。夜坐待月。	애상(sympathy)	49	27%	term	
P06968	八月十六日夕。天又陰晦。	애상(sympathy)	61	52%	term	
P06969	八月十七日	한적(tranquility)	56	38%	term	
P06970	八月二十日。述懷。	애상(sympathy)	56	38%	title	
P06971	八月二十二日。校生朴應乾家貸新稻。	건물(structure)	70	82%	title	
P06972	八月二十六日。李堂長家貸新稻四十斗。堂長曾於月初。持酒來餉。	건물(structure)	72	82%	title	
P06973	八月二十七日。對菊花飮。	계절(season)	54	38%	term	
P06974	去年秋。南宮汝用送黃菊一盆。乃於春日。移種庭前。凡十二莖。至八月二十九日。花正盛開。鄭秀才 同 携酒而來。與柳安山曁汝用同飮。	송별(farewell)	79	82%	title	
P06975	九月初一日庚子	산악(mountain)	18	17%	term	
P06976	九月初五日甲戌	인물(person)	38	14%	term	
P06977	讀史遣懷	애상(sympathy)	53	38%	title	
P06978	讀史遣懷 其二	애상(sympathy)	52	38%	title	
P06979	九月十四日。希安上人。與義浩禪師，一淨沙彌。自廣州南漢山城而來。留話三日。時凍雨成雪。	천문(astro)	59	38%	title	
P06980	贈希安上人	기증(donate)	97	94%	title	
P06981	九月十六日。夜坐聞雨。題贈義浩，希安兩上人。	기증(donate)	97	94%	title	
P06982	次韻酬希安上人	불교(buddhism)	64	52%	title	
P06983	次韻酬希安上人 其二	불교(buddhism)	76	82%	title, term	
P06984	次韻酬楓岳山人義浩	애상(sympathy)	40	27%	term	
P06985	次韻酬楓岳山人義浩 附原韻	계절(season)	39	14%	term	
P06986	贈別義浩，希安，一淨三上人	송별(farewell)	75	82%	title	제목보정
P06987	送希安上人還南漢山寺。兼簡沖徽長老。	송별(farewell)	85	94%	title	
P06988	次片雲上人到沔陽別墅中秋月下聽笛見憶之韻	송별(farewell)	84	94%	title, term	
P06989	次片雲上人到沔陽別墅中秋月下聽笛見憶之韻 其二	송별(farewell)	84	94%	title	
P06990	九月二十日己丑	애상(sympathy)	30	14%	term	
P06991	奉次伊川兪明宰 伯曾 子先見訪留別之韻	송별(farewell)	88	94%	title	
P06992	九月三十日己亥	애상(sympathy)	60	52%	term	
P06993	次韻奉謝原州牧使洪 靌 汝。時令公以酒一甁，雉三首，米五斗見遺。時丙寅十月十七日丙辰。	애상(sympathy)	38	14%	term	차운(제목 donate 무시)
P06994	十月十八日。夜雨述懷。奉贈巡察使崔 俔 令公。	기증(donate)	97	94%	title	
P06995	奉謝全羅道巡察使閔 聖徵 令公以白紙十束，眞墨二十笏，生薑沈，竹筍各一斗等物。枉書見遺。因求用拙堂詩。時丙寅十月二十五日甲子。	건물(structure)	61	52%	title	
P06996	奉謝全羅道巡察使閔 聖徵 令公以白紙十束，眞墨二十笏，生薑沈，竹筍各一斗等物。枉書見遺。因求用拙堂詩。時丙寅十月二十五日甲子。 其二	건물(structure)	61	52%	title	
P06997	奉謝全羅道巡察使閔 聖徵 令公以白紙十束，眞墨二十笏，生薑沈，竹筍各一斗等物。枉書見遺。因求用拙堂詩。時丙寅十月二十五日甲子。 其三	건물(structure)	61	52%	title	
P06998	奉謝全羅道巡察使閔 聖徵 令公以白紙十束，眞墨二十笏，生薑沈，竹筍各一斗等物。枉書見遺。因求用拙堂詩。時丙寅十月二十五日甲子。 其四	건물(structure)	56	38%	title	
P06999	奉謝源州洪汝時明府書致雉二首，酒二壺。時丙寅十月三十日己巳。	기증(donate)	62	52%	title, term	
P07000	南宮忠順衛挽詞	애상(sympathy)	97	94%	title	
P07001	南宮忠順衛挽詞 其二	애상(sympathy)	97	94%	title	
P07002	南宮忠順衛挽詞 其三	애상(sympathy)	97	94%	title	
P07003	南宮忠順衛挽詞 其四	애상(sympathy)	97	94%	title	
P07004	冬至	애상(sympathy)	50	38%	term	
P07005	冬至 其二	유람(travel)	27	16%	term	
P07006	次韻贈鄭秀才	변새(frontier)	41	27%	term	차운(제목 donate 무시)
P07007	次韻奉謝李參議天章以新曆一部，眞墨三笏見惠。	천문(astro)	18	17%	term	차운(제목 donate 무시)
P07008	次韻奉謝李參議天章以新曆一部，眞墨三笏見惠。 其二	회방(meet)	15	17%	term	차운(제목 donate 무시)
P07009	次韻奉謝李參議天章以新曆一部，眞墨三笏見惠。 其三	불교(buddhism)	36	14%	term	차운(제목 donate 무시)
P07010	次韻奉謝李參議天章以新曆一部，眞墨三笏見惠。 其四	애상(sympathy)	48	27%	term	
P07011	次韻奉謝李參議天章以新曆一部，眞墨三笏見惠。 附原韻	기증(donate)	85	94%	title	차운(제목 donate 무시)
P07012	用李參議韻。奉謝月沙大尙書寄惠新曆。	애상(sympathy)	39	14%	term	차운(제목 donate 무시)
P07013	鄭秀才 允弼 送錦鱗魚二尾。詩以謝之。君居驪州玉隱洞。曾以酒來餉。余仍索驪江氷下錦鱗。輒許見遺。至期果到。故篇內云。	송별(farewell)	80	94%	title, term	
P07014	奉謝尹輔德德耀自京城遣家奴。書致白魚一百尾，碧香酒六甁，牛胃一部等物。	유람(travel)	55	38%	title	
P07015	奉謝尹輔德德耀自京城遣家奴。書致白魚一百尾，碧香酒六甁，牛胃一部等物。 其二	애상(sympathy)	47	27%	term	
P07016	奉謝尹輔德德耀自京城遣家奴。書致白魚一百尾，碧香酒六甁，牛胃一部等物。 其三	유람(travel)	54	38%	title	
P07017	奉謝尹輔德德耀自京城遣家奴。書致白魚一百尾，碧香酒六甁，牛胃一部等物。 其四	건물(structure)	57	38%	title, term	
P07018	奉謝尹輔德德耀自京城遣家奴。書致白魚一百尾，碧香酒六甁，牛胃一部等物。 其五	유람(travel)	54	38%	title	
P07019	奉謝尹輔德德耀自京城遣家奴。書致白魚一百尾，碧香酒六甁，牛胃一部等物。 其六	유람(travel)	53	38%	title	
P07020	李獻納子方自京城枉書。送新曆三部。李使君子陵自利川寄詩。惠名酒一盆。數日之內。相繼而至。因題長律以謝之。	송별(farewell)	63	52%	title	
P07021	奉酬利川李明府子陵用夏日謝米詩韻。送酒見問之作。	송별(farewell)	91	94%	title	
P07022	奉謝全羅道巡察使閔令公聞余臥疾。書致藥物六種。再求用拙堂詩。	건물(structure)	61	52%	title	
P07023	奉謝全羅道巡察使閔令公聞余臥疾。書致藥物六種。再求用拙堂詩。 其二	건물(structure)	61	52%	title	
P07024	奉謝全羅道巡察使閔令公聞余臥疾。書致藥物六種。再求用拙堂詩。 其三	건물(structure)	61	52%	title	
P07025	奉謝全羅道巡察使閔令公聞余臥疾。書致藥物六種。再求用拙堂詩。 其四	건물(structure)	62	52%	title	
P07026	奉謝全羅道巡察使閔令公聞余臥疾。書致藥物六種。再求用拙堂詩。 其五	건물(structure)	58	38%	title	
P07027	奉謝全羅道巡察使閔令公聞余臥疾。書致藥物六種。再求用拙堂詩。 其六	건물(structure)	61	52%	title	
P07028	次片雲上人見寄韻 師時在沔鄕石水菴	불교(buddhism)	65	52%	title, term	차운(제목 donate 무시)
P07029	次片雲上人見寄韻 師時在沔鄕石水菴 其二	불교(buddhism)	53	38%	title	차운(제목 donate 무시)
P07030	十二月二十九日。奉謝原州洪汝時明府。	계절(season)	61	52%	title	
P07031	十二月二十九日。奉謝原州洪汝時明府。 其二	계절(season)	61	52%	title	
P07032	十二月三十日戊辰	계절(season)	70	82%	title	
P07033	丁卯正月初一日己巳	변새(frontier)	38	14%	term	
P07034	丁卯正月初一日己巳 其二	회고(reminiscence)	37	14%	term	
P07035	丁卯正月初一日己巳 其三	애상(sympathy)	46	27%	term	
P07036	丁卯正月初一日己巳 其四	산악(mountain)	17	17%	term	
P07037	元日	애상(sympathy)	39	14%	term	
P07038	元日 其二	유람(travel)	26	16%	term	
P07039	正月初五日	한적(tranquility)	50	38%	term	
P07040	奉次西平府院君柳川韓相公題新曆卷面寄惠之韻	기증(donate)	87	94%	title	
P07041	奉次西平府院君柳川韓相公題新曆卷面寄惠之韻 附原韻	기증(donate)	87	94%	title	
P07042	奉次五峯相公以七言絶句一首。手題新曆卷面。寄惠見問之韻。	기증(donate)	87	94%	title	
P07043	奉次五峯相公以七言絶句一首。手題新曆卷面。寄惠見問之韻。 附原韻	기증(donate)	87	94%	title	
P07044	奉謝五峯相公寄惠新曆	기증(donate)	97	94%	title	
P07045	人日。憶仲氏。	회고(reminiscence)	64	52%	title	
P07046	正月初九日。奉謝原州洪汝時明府。	계절(season)	50	38%	title	
P07047	正月初十日。喜希安上人至。	불교(buddhism)	70	82%	title	
P07048	正月初十日。喜希安上人至。 其二	불교(buddhism)	76	82%	title, term	
P07049	正月十一日。聞石陽君灘隱去年十二月二十日。卒於公州別業。	송별(farewell)	95	94%	title	
P07050	正月十一日。聞石陽君灘隱去年十二月二十日。卒於公州別業。 其二	송별(farewell)	84	94%	title, term	
P07051	正月十一日。聞石陽君灘隱去年十二月二十日。卒於公州別業。 其三	송별(farewell)	92	94%	title	
P07052	正月十二日丙辰	천문(astro)	28	16%	term	
P07053	贈鄭秀才致和	기증(donate)	97	94%	title	
P07054	李獻納子方以巡按御史。來到原州。用謝惠新曆詩韻。寄示見問。因走筆奉酬。	유람(travel)	55	38%	title	차운(제목 donate 무시)
P07055	李獻納子方以巡按御史。來到原州。用謝惠新曆詩韻。寄示見問。因走筆奉酬。 附	유람(travel)	56	38%	title	차운(제목 donate 무시)
P07056	元夕	애상(sympathy)	61	52%	term	
P07057	正月十七日	애상(sympathy)	72	82%	term	
P07058	正月十八日丙戌	회고(reminiscence)	41	27%	term	
P07059	正月二十日戊子。夜坐口號。	산악(mountain)	19	17%	term	
P07060	正月二十二日庚寅	애상(sympathy)	30	14%	term	
P07061	正月二十五日癸巳	변새(frontier)	62	52%	term	
P07062	正月二十七日乙未晡時。家奴允男。自京城持姪梣書來言。二十五日。筵臣白上。得蒙放赦。二十六日。車駕出幸江都。是日夜發。奔行在所。	유람(travel)	86	94%	title	
P07063	正月二十八日丙申。赴江華道中口占。	유람(travel)	79	82%	title	
P07064	崇禎元年戊辰夏六月。江華留守闕。吏曹入啓。令備局議薦。初五日甲午。備邊司啓曰。江華留守擬望別單書啓矣。群議以爲李某曾爲本府府尹有能聲。吏民至今思之。可合擬望云。而方在罪廢之中。自下不敢竝擬。而群議所係。亦不得不稟。傳曰。李某敍用除授。初七日丙申。家奴石宗。自京城捧除目而來。竊念。微臣得罪淸時。奄及五年。一志增惕。屛伏田里。自分歿身。特蒙殊恩。遽加明命。驚惶震越。罔知所裁。謹拜手稽首。書以自志。	송별(farewell)	83	94%	title	
P07065	發沔鄕作	유람(travel)	95	94%	title	
P07066	題法林上人詩卷	도화(picture)	58	38%	title	
P07067	奉簡南陽府使李天章	계절(season)	44	27%	term	
P07068	義賢，眞一，希安三上人。自南漢山來訪。	유람(travel)	57	38%	title, term	
P07069	送義賢，眞一，希安三師遊白蓮，積石，傳燈，淨水四寺。	송별(farewell)	79	82%	title	
P07070	贈義賢，眞一兩人	기증(donate)	97	94%	title	
P07071	積石寺妙正上人，傳燈寺志敬上人，淨水寺裕巖上人，文殊寺天悟上人。一時見訪。喜甚有賦。時南漢山義賢，眞一，希安三禪師竝來。見余而去。纔兩日矣。	불교(buddhism)	67	52%	title, term	
P07072	奉簡李僉知子陵	기증(donate)	56	38%	title	
P07073	奉答靑雲君沈德用書問。兼示具白川 仁基 伯鞏。	불교(buddhism)	54	38%	title, term	
P07074	鄭監役 希稷 母坡平尹氏挽詞	애상(sympathy)	97	94%	title	
P07075	趙知事 存性 挽詞	애상(sympathy)	97	94%	title	
P07076	申領相 欽 挽詞	애상(sympathy)	97	94%	title, term	
P07077	申領相 欽 挽詞 其二	애상(sympathy)	97	94%	title	
P07078	題志敬上人詩卷	불교(buddhism)	58	38%	title, term	
P07079	崇禎元年九月初六日。左承旨姜碩期成貼。民惟邦本。食爲民天。天降酷災。百穀大無。哀我無恒產之民。未免盡塡溝壑。予極憂悶。罔知攸濟。卿其嚴飭府官。使之體予至懷。夙夜匪懈。賑窮賙乏。俾不至餓死。予當遣官廉察。如有餓莩。則當抵罪不宥事。有旨。臣於本月初八日。謹伏祗受。仍接是月初六日邸報。自上傳曰。擧義以後。凡干御供之物。或因下敎。或因疏箚。幾盡減損。而其中時未請減者。貂裘也。該曹必以禦寒爲重。不敢請罷。西民凍死之時。身着輕裘。心甚不安。今年勿爲進排。以其價布下送兩西。使之分給赤脫之民。且內酒房香醞。仍存於凶年。亦甚不可。大妃殿供上外。其餘各殿。限明年秋成間。竝爲停罷。以其酒米。補用於京中賑救。臣竊觀。聖上遇此大侵之歲。軫恤飢民。特下惻隱之敎。申飭中外。另加賑濟。至於減貂裘罷香醞。貶約節損之道。靡所不用其極。凡在瞻聆。畢同竦躍。孰不感悅。繼以涕泣。況諸守土之官。尤當兢惕。罔或怠遑。第惟本府。今爲保障之地。自經去年駐蹕以後。民生已困。廩粟方匱。其何以下賑饑乏。上副憂勤。臣誠惶誠恐。不知所圖。謹綴七言近體詩一首。庸抒微志。	송별(farewell)	84	94%	title	
P07080	九月九日	계절(season)	72	82%	title, term	
P07081	寄別龍溪金參議 止男 之任淸風郡	송별(farewell)	63	52%	title	
P07082	寒碧樓四絶句。重寄淸風金使君。	기증(donate)	95	94%	title	
P07083	寒碧樓四絶句。重寄淸風金使君。 其二	기증(donate)	95	94%	title	
P07084	寒碧樓四絶句。重寄淸風金使君。 其三	기증(donate)	90	94%	title	
P07085	寒碧樓四絶句。重寄淸風金使君。 其四	기증(donate)	95	94%	title	
P07086	贈別朴秀才 瓚舊名璨 汝潤還鏡城	송별(farewell)	74	82%	title, term	제목보정
P07087	贈別朴秀才 瓚舊名璨 汝潤還鏡城 其二	송별(farewell)	74	82%	title, term	제목보정
P07088	寄賀鄭先達致和擢第乙科君時年二十歲	기증(donate)	97	94%	title	
P07089	姜正字 翯 君白宅作	회방(meet)	36	14%	term	
P07090	姜正字 翯 君白宅作 其二	송별(farewell)	25	16%	term	
P07091	次從姪汝固見寄韻	변새(frontier)	41	27%	term	차운(제목 donate 무시)
P07092	次從姪汝固見寄韻 其二	기타(others)	39	14%	term	차운(제목 donate 무시)
P07093	次從姪汝固見寄韻 其三	한적(tranquility)	36	14%	term	차운(제목 donate 무시)
P07094	聞從姪汝固以九月二十六日。除授兵曹參議。自砥平山居還京城。詩以代書。用前日見寄首篇韻。	유람(travel)	53	38%	title	차운(제목 donate 무시)
P07095	聞從姪汝固以九月二十六日。除授兵曹參議。自砥平山居還京城。詩以代書。用前日見寄首篇韻。 附次韻	유람(travel)	54	38%	title	차운(제목 donate 무시)
P07096	聞從姪汝固以九月二十六日。除授兵曹參議。自砥平山居還京城。詩以代書。用前日見寄首篇韻。 附次韻 其二	애상(sympathy)	43	27%	term	차운(제목 donate 무시)
P07097	寄賀南陽李天章使君。時聞其子一相。乃於九月二十五日謁聖別試。擢丙科及第。年纔十七云。	송별(farewell)	63	52%	title	
P07098	寄賀南陽李天章使君。時聞其子一相。乃於九月二十五日謁聖別試。擢丙科及第。年纔十七云。 其二	송별(farewell)	63	52%	title	
P07099	敬次月沙相國謝蟹戲寄之韻	애상(sympathy)	41	27%	term	차운(제목 donate 무시)
P07100	具司議 棨 士愼。寓居府南大津里。中營小堂。始成。奉敎君 鳳瑞 適銜使來覲。其日。乃司議初度。因設壽酒。徵一語以志。遂用從姪參議汝固贈別奉敎韻。聊博粲云。司議。生於隆慶戊辰十月十八日。今年乃換甲也。	송별(farewell)	75	82%	title	차운(제목 donate 무시)
P07101	李侍直 尙質 妻鄭氏挽詞	애상(sympathy)	97	94%	title, term	
P07102	義賢上人住廣州南漢山城天柱寺。門徒頗衆。曾糶官穀。遣敬浩沙彌。來遺白紙二十束。請易米一斛。以爲納倉之資。戲書以答之。	불교(buddhism)	63	52%	title, term	
P07103	眞一上人在南漢山城開元寺。追步余華字韻見寄。復用其韻而謝之。	불교(buddhism)	54	38%	title, term	차운(제목 donate 무시)
P07104	重寄眞一師	기증(donate)	97	94%	title	
P07105	奉贈族兄明甫 名景升。生於嘉靖丙寅年。今六十三。乃栗谷先生之姪也。與我同五世祖。少力學。頗能文。屢擧不中。時居開城府內。	기증(donate)	97	94%	title	
P07106	奉贈族兄明甫 名景升。生於嘉靖丙寅年。今六十三。乃栗谷先生之姪也。與我同五世祖。少力學。頗能文。屢擧不中。時居開城府內。 其二	기증(donate)	97	94%	title	
P07107	申領相夫人全義李氏遷葬挽詞夫人與領相。竝生丙寅歲。先領相卽世。初窆通津。今移廣州。與領相同塋異兆。	애상(sympathy)	97	94%	title	
P07108	申領相夫人全義李氏遷葬挽詞夫人與領相。竝生丙寅歲。先領相卽世。初窆通津。今移廣州。與領相同塋異兆。 其二	애상(sympathy)	97	94%	title	
P07109	重贈明甫兄	기증(donate)	97	94%	title	
P07110	法林上人自聖居山至。戲書以示。	불교(buddhism)	55	38%	title, term	
P07111	己巳元日	애상(sympathy)	49	27%	term	
P07112	玄悟上人。以五峯相國詩來示索和。謹步其韻而贈之。	기증(donate)	97	94%	title	
P07113	玄悟上人。以五峯相國詩來示索和。謹步其韻而贈之。 其二	기증(donate)	97	94%	title	
P07114	玄悟上人。以五峯相國詩來示索和。謹步其韻而贈之。 其三	기증(donate)	97	94%	title	
P07115	寄贈學慧上人遊楓岳	기증(donate)	97	94%	title	
P07116	奉次李判官重溟 汝涵見贈韻	한적(tranquility)	37	14%	term	차운(제목 donate 무시)
P07117	寄送趙承旨善述之任善山府 君曾爲榮川郡守。尙州牧使。	송별(farewell)	63	52%	title	
P07118	新造明倫堂成。聊題短作。示諸儒生。	건물(structure)	54	38%	title	
P07119	三月三日	한적(tranquility)	37	14%	term	
P07120	三月三日 其二	계절(season)	45	27%	term	
P07121	義賢上人。曾於去歲八月上旬。自南漢山城來見余。今又以三月初六日。來訪求詩。率題以贈。	기증(donate)	97	94%	title	
P07122	贈燦浩沙彌	기증(donate)	97	94%	title	
P07123	示義賢上人	불교(buddhism)	60	52%	title, term	
P07124	寄題慶萬戶 詠 水樓	기증(donate)	87	94%	title	
P07125	三月二十日。初見杜鵑花。	식물(plant)	64	52%	title	
P07126	三月二十三日。李判官汝涵。携酒見訪。以長律一首。留贈求和。輒次其韻而謝之。	천문(astro)	24	16%	term	차운(제목 donate 무시)
P07127	三月二十三日。李判官汝涵。携酒見訪。以長律一首。留贈求和。輒次其韻而謝之。 其二	애상(sympathy)	49	27%	term	차운(제목 donate 무시)
P07128	三月二十三日。李判官汝涵。携酒見訪。以長律一首。留贈求和。輒次其韻而謝之。 其三	애상(sympathy)	47	27%	term	차운(제목 donate 무시)
P07129	尹直長 瑛 挽詞	애상(sympathy)	97	94%	title	
P07130	芚庵宋子深 淵 新自鎭安罷歸。戲贈之。	기증(donate)	97	94%	title	
P07131	江都府中。本無梅花。有人來言。沈秀才 諔 家。一株正開。頗甚奇絶。馳往見之。花已盡謝。徘徊良久。感歎成詩。以貽主人。兼示同來諸君。時己巳三月之晦。	인물(person)	64	52%	title	
P07132	題沈秀才 諔 士安野居	도화(picture)	61	52%	title	
P07133	奉次李判官汝涵見貽二首韻	애상(sympathy)	50	38%	term	
P07134	奉次李判官汝涵見貽二首韻 其二	애상(sympathy)	46	27%	term	
P07135	奉次鷗洲李汝涵待家釀新熟。期以四月望日邀會積石寺詩韻。	불교(buddhism)	50	38%	title	
P07136	疊用前韻。却寄李判官汝涵。仍簡宋鎭安子深。	애상(sympathy)	48	27%	term	차운(제목 donate 무시)
P07137	奉酬李判官汝涵復用前韻見寄之作	천문(astro)	17	17%	term	차운(제목 donate 무시)
P07138	寄片雲上人 師時在泰安郡北金堀山寺	기증(donate)	86	94%	title	
P07139	送義賢上人還南漢山天柱寺。追寄七言近體一首。	송별(farewell)	64	52%	title, term	
P07140	戲贈權全義 履慶 汝吉，宋鎭安子深。	기증(donate)	97	94%	title	
P07141	書富平吳府使 竣 汝完令公詩帖。用東皐崔相公韻。汝完少受業東皐。嘗問詩法。東皐作序文以示。重贈一絶句。西坰柳相國，玄翁申相國。俱步其韻。汝完裒爲一帖。仍索余追和甚懇。敢蹈續貂之譏云。	불교(buddhism)	36	14%	term	차운(제목 donate 무시)
P07142	答金僉知 士偉 書	애상(sympathy)	47	27%	term	
P07143	李持平 性源 挽詞	애상(sympathy)	97	94%	title	
P07144	戲示妙正上人	불교(buddhism)	77	82%	title	
P07145	六月二十五日戊寅。晨起口號。余以去歲六月二十五日甲寅。上任。今乃三百七十有五日也。	변새(frontier)	38	14%	term	
P07146	七月初三日丙戌。大雨。	천문(astro)	66	52%	title	
P07147	自七月丙戌至戊子。連雨三日。戲留李判官汝涵，宋鎭安子深兩君。要共賦詩。	유람(travel)	55	38%	title	
P07148	早秋久雨。奉簡鷗洲李判官汝涵。仍送米五斗。	송별(farewell)	82	94%	title	
P07149	奉答李汝涵。再用前韻謝惠米之作。	애상(sympathy)	18	17%	term	차운(제목 donate 무시)
P07150	奉答李汝涵。再用前韻謝惠米之作。 其二	회고(reminiscence)	52	38%	term	차운(제목 donate 무시)
P07151	次韻奉酬李判官汝涵	회고(reminiscence)	38	14%	term	
P07152	次韻奉酬李判官汝涵 其二	기타(others)	42	27%	term	
P07153	秋日述懷	애상(sympathy)	65	52%	title	
P07154	贈李子範 時楷，李子和 時楳，權伯高 伉 三秀才。	기증(donate)	97	94%	title	
P07155	八月初三日乙卯	애상(sympathy)	28	16%	term	
P07156	秋日雨中。奉柬李汝涵。仍送魚二尾。	송별(farewell)	88	94%	title	
P07157	具司議士愼挽詞	애상(sympathy)	97	94%	title	
P07158	仲秋月夕。眞一，希安二師。來自南漢山。	유람(travel)	54	38%	title	
P07159	八月十五夜。與眞一，希安兩上人翫月。	불교(buddhism)	57	38%	title, term	
P07160	中秋對月。贈希安，眞一兩沙門。用去年秋謝師見訪詩韻。	계절(season)	51	38%	title	차운(제목 donate 무시)
P07161	秋夕。月下聞道路歌呼之聲。謾題遣懷。	도화(picture)	58	38%	title	
P07162	奉簡素翁趙校理持世	송별(farewell)	39	14%	term	
P07163	奉謝海嵩尉尹令公書問	애상(sympathy)	40	27%	term	
P07164	寄謝鄭奉敎太和書問	기증(donate)	97	94%	title	
P07165	贈別蔡秀才 鄭後 述之歸洪川山居	송별(farewell)	73	82%	title	제목보정
P07166	李判官汝涵。別試初擧。擢一等第三。戲書以賀。時京城分設二所。各取一百四十人。	송별(farewell)	97	94%	title	
P07167	經歷金晦叔宅。與宋鎭安子深賞菊。	유람(travel)	52	38%	title	
P07168	經歷金晦叔宅。與宋鎭安子深賞菊。 其二	유람(travel)	50	38%	title	
P07169	經歷金晦叔宅。與宋鎭安子深賞菊。 其三	유람(travel)	50	38%	title	
P07170	對菊詠懷	회고(reminiscence)	66	52%	title	
P07171	九月九日	계절(season)	57	38%	title, term	
P07172	重陽	회고(reminiscence)	41	27%	term	
P07173	送希安師歸南漢山	송별(farewell)	88	94%	title	
P07174	與希安上人別後。志敬禪師見訪。	송별(farewell)	97	94%	title	
P07175	南宮逸人 樇 子久草堂庭前。菊花盛開。置酒邀賞。醉書以贈。	기증(donate)	97	94%	title	
P07176	復用前韻。示南宮子久。	회고(reminiscence)	44	27%	term	
P07177	題南宮子久草堂	건물(structure)	53	38%	title	
P07178	題南宮子久草堂 其二	건물(structure)	53	38%	title	
P07179	題南宮子久草堂 其三	건물(structure)	53	38%	title	
P07180	題南宮子久草堂 其四	건물(structure)	53	38%	title	
P07181	題南宮子久草堂 其五	건물(structure)	53	38%	title	
P07182	辛忠義 繼奉 送汁菹。謝以漆扇。	송별(farewell)	89	94%	title	
P07183	李忠義 汝訖 挽詞	애상(sympathy)	97	94%	title, term	
P07184	次韻。奉酬李判官汝涵。	강해(water)	37	14%	term	
P07185	次韻。奉酬李判官汝涵。 其二	변새(frontier)	43	27%	term	
P07186	宣務郞任君 翼齡 挽詞 任秀才景游嚴君也	애상(sympathy)	97	94%	title, term	
P07187	故任承旨 諱呂 夫人昌原黃氏遷葬挽詞	애상(sympathy)	97	94%	title	
P07188	工曹李正郞 勸 因事見罷。書此以慰。	애상(sympathy)	38	14%	term	
P07189	奉簡竹西沈 宗直 僉知	기증(donate)	56	38%	title	
P07190	十月十六日丁卯。大雷震。	천문(astro)	36	14%	term	
P07191	次韻奉酬判決事孤石睦禹卿同年	산악(mountain)	38	14%	term	
P07192	次韻奉酬判決事孤石睦禹卿同年 其二	애상(sympathy)	39	14%	term	
P07193	次韻奉酬判決事孤石睦禹卿同年 其三	회고(reminiscence)	50	38%	term	
P07194	次韻奉酬判決事孤石睦禹卿同年 其四	애상(sympathy)	20	16%	term	
P07195	奉答茶山睦湯卿承旨書問。用禹卿見寄韻。	회고(reminiscence)	39	14%	term	차운(제목 donate 무시)
P07196	奉答茶山睦湯卿承旨書問。用禹卿見寄韻。 其二	산악(mountain)	51	38%	title	차운(제목 donate 무시)
P07197	奉答茶山睦湯卿承旨書問。用禹卿見寄韻。 其三	회고(reminiscence)	50	38%	term	차운(제목 donate 무시)
P07198	奉答茶山睦湯卿承旨書問。用禹卿見寄韻。 其四	산악(mountain)	50	38%	title	차운(제목 donate 무시)
P07199	戲贈宋秀才 浚 子淸兼示子深	기증(donate)	97	94%	title	
P07200	奉簡吏曹李天章參議	기증(donate)	56	38%	title	
P07201	奉簡吏曹李天章參議 其二	기증(donate)	65	52%	title	
P07202	次韻寄酬李應敎道章	애상(sympathy)	22	16%	term	차운(제목 donate 무시)
P07203	次韻寄酬李應敎道章 其二	천문(astro)	18	17%	term	차운(제목 donate 무시)
P07204	贈別奉先殿參奉李 幼泗 泗源歸覲忠州鄕墅。參奉大人前漢城庶尹公。生於嘉靖癸丑。長我十八歲。參奉生於萬曆甲午。少我二十三歲。庶尹公嘗爲珍山郡守。我時爲錦山郡守。故篇內云。	송별(farewell)	73	82%	title	제목보정
P07205	冬日述懷	애상(sympathy)	61	52%	title, term	
P07206	法林長老與天悟禪師。相繼而來。喜書以示。	천문(astro)	34	14%	term	
P07207	重贈法林，天悟兩上人。	기증(donate)	97	94%	title	
P07208	雪後月夜。對志敬師口占。	천문(astro)	65	52%	title	
P07209	寄賀李衛率 尙質 子文擢庭試壯元。拜禮曹佐郞。	기증(donate)	97	94%	title	
P07210	李秀才子和擢庭試丙科。詩以賀之。用前贈韻。	인물(person)	52	38%	title, term	차운(제목 donate 무시)
P07211	李判官汝涵見屈殿試。赴庭科。又不得志而歸。戲占長律一首。以寄慰云。	기증(donate)	82	94%	title	
P07212	見己巳十一月十九日邸報。戲書以志之。	계절(season)	70	82%	title	
P07213	追次五山車僉正見贈韻。與車結城 轉坤 載厚同賦。時崇禎己巳冬十二月十七日。	산악(mountain)	51	38%	title	차운(제목 donate 무시)
P07214	奉酬沈竹西令公用余韻却寄之作	송별(farewell)	37	14%	term	차운(제목 donate 무시)
P07215	奉酬沈竹西令公用余韻却寄之作 其二	유람(travel)	15	17%	term	차운(제목 donate 무시)
P07216	贈別經歷金晦叔歸京城	송별(farewell)	73	82%	title, term	제목보정
P07217	次從姪汝固見寄韻	천문(astro)	22	16%	term	차운(제목 donate 무시)
P07218	次從姪汝固見寄韻 其二	변새(frontier)	36	14%	term	차운(제목 donate 무시)
P07219	次從姪汝固見寄韻 附原韻	애상(sympathy)	39	14%	term	차운(제목 donate 무시)
P07220	次從姪汝固見寄韻 附原韻 其二	송별(farewell)	36	14%	term	차운(제목 donate 무시)
P07221	除夜	애상(sympathy)	44	27%	term	
P07222	除夜贈朴秀才汝潤	기증(donate)	97	94%	title	
P07223	庚午元日	회고(reminiscence)	48	27%	term	
P07224	庚午元日 其二	불교(buddhism)	69	52%	term	
P07225	題慧瑜上人詩軸。爲志敬師自傳燈寺來請而作。	불교(buddhism)	56	38%	title	
P07226	寄片雲上人	기증(donate)	90	94%	title	
P07227	贈別族姪南聞慶 鎭 鎭之歸楊川田居。用亡友任修撰茂叔韻。	송별(farewell)	83	94%	title, term	차운(제목 donate 무시)
P07228	鄭參判 岦 汝秀挽詞	애상(sympathy)	97	94%	title	
P07229	鄭參判 岦 汝秀挽詞 其二	애상(sympathy)	97	94%	title, term	
P07230	李永興 壽俊 夫人楊川許氏挽詞	애상(sympathy)	97	94%	title, term	
P07231	族姪韓秀才 煕命 挽詞	애상(sympathy)	96	94%	title	
P07232	許秀才 格 自楮島別廬。乘小舟。載酒而來。留數日。及至告歸。風雨暴作。終日不止。仍不得行。率題以示。君曾問字於洪川謫居。故首句云。時崇禎庚午寒食前三日也。	송별(farewell)	85	94%	title	
P07233	重贈許格秀才	기증(donate)	97	94%	title	
P07234	次片雲上人見寄韻	불교(buddhism)	54	38%	title, term	차운(제목 donate 무시)
P07235	二月三十日	계절(season)	70	82%	title	
P07236	奉別李泗源參奉	송별(farewell)	79	82%	title, term	
P07237	三月三日	계절(season)	44	27%	term	
P07238	三月三日 其二	애상(sympathy)	47	27%	term	
P07239	三月三日 其三	강해(water)	15	17%	term	
P07240	三月三日 其四	계절(season)	54	38%	term	
P07241	春日有感	애상(sympathy)	60	52%	title, term	
P07242	戲贈禮曹尹參議 知敬 幼一	기증(donate)	97	94%	title	
P07243	戲贈禮曹尹參議 知敬 幼一 其二	기증(donate)	97	94%	title	
P07244	奉寄延安吳府使汝完	기증(donate)	97	94%	title	
P07245	奉寄延安吳府使汝完 其二	기증(donate)	97	94%	title	
P07246	奉常寺僉正梁子漸 慶遇。以監刈到通津。不肯相訪。但寄示長律一首。輒用其韻而答之。	유람(travel)	55	38%	title	차운(제목 donate 무시)
P07247	南宮子久草堂。春日賞花。重題壁上。	건물(structure)	53	38%	title	
P07248	南宮子久草堂。春日賞花。重題壁上。 其二	건물(structure)	53	38%	title	
P07249	三月晦日	한적(tranquility)	41	27%	term	
P07250	春盡書懷	회고(reminiscence)	60	52%	title	
P07251	題姜博士君白茅堂壁上	건물(structure)	54	38%	title	
P07252	姜君白博士宅。與邑中諸人燕集。	불교(buddhism)	40	27%	term	
P07253	四月二十五日甲戌。朝起口占。	천문(astro)	27	16%	term	
P07254	奉次都體察副使李參判 景稷 尙古韻	애상(sympathy)	37	14%	term	
P07255	題積石寺南樓。贈妙正上人舊韻。	기증(donate)	97	94%	title	
P07256	庚午五月十七日。與宋鎭安 淵 子深曁鄭參奉 楗，李參奉 幼泗。飮于鷗洲李判官汝涵山園。是日乃判官初度也。用判官韻。題贈。	도화(picture)	53	38%	title	차운(제목 donate 무시)
P07257	留贈餞行諸君	기증(donate)	97	94%	title	
P07258	庚午五月十七日。吏曹以余任滿。將出交代。擬望入啓。自上下敎。特仍今年。翌日夕。邸報到府。無任震惕惶悶之至。謹書以志。	유람(travel)	85	94%	title	
P07259	奉謝延安吳府使汝完令公以紫蝦醢，靑瓜菹交沈。一缸見惠。	기증(donate)	78	82%	title	
P07260	次宋子深見貽韻	회고(reminiscence)	61	52%	term	
P07261	奉和宋子深立秋日用杜工部韻見貽之作	애상(sympathy)	45	27%	term	
P07262	寄謝興陽黃明宰 㦿 惠扇	기증(donate)	97	94%	title, term	
P07263	奉簡李持平士以 行健，李正郞士致 行遠昆季。兼示李參議天章 明漢，李應敎道章 昭漢 兄弟。時聞讀書堂命題之製。天章居首。賜虎皮一張。道章居第三。賜豹皮一張。故第二句云。	건물(structure)	54	38%	title	
P07264	奉簡李持平士以 行健，李正郞士致 行遠昆季。兼示李參議天章 明漢，李應敎道章 昭漢 兄弟。時聞讀書堂命題之製。天章居首。賜虎皮一張。道章居第三。賜豹皮一張。故第二句云。 附次韻	건물(structure)	53	38%	title	
P07265	用鄭雪谷 誧 韻。書洪崖先生遺稿卷末。爲洪監司景望 霶。豐寧君洪汝時 靌 作。洪崖諱侃。乃洪令公十代祖也高麗忠敬王朝。以詩鳴於世。官至都僉議舍人。貶爲東萊縣令而卒。公之友雪谷。後到東萊。追思有詩。汝時曾爲興海郡守。景望曾爲嶺南方伯。俱用其韻。以記先蹟于東萊壁上云。	유람(travel)	56	38%	title	
P07266	鄭參奉 希卨 挽詞 以萬曆丙午榜進上。除授順陵參奉。丁內艱。未及再朞。暴病而歿。	애상(sympathy)	96	94%	title, term	
P07267	寄送黃司藝 滫 行源之任潭陽。君曾爲溫陽郡守。而君之子佐郞 㦿 時宰興陽。故首聯云。	송별(farewell)	63	52%	title	
P07268	喜片雲上人自湖西至	강해(water)	53	38%	title	
P07269	片雲師遽欲歸。以詩留之。	송별(farewell)	64	52%	title, term	
P07270	李判官汝涵作吳體七言長律二首。見寄乞米。輒用其韻而答之。	불교(buddhism)	37	14%	term	차운(제목 donate 무시)
P07271	李判官汝涵作吳體七言長律二首。見寄乞米。輒用其韻而答之。 其二	기타(others)	39	14%	term	차운(제목 donate 무시)
P07272	次韻奉酬李判官汝涵秋日見寄	계절(season)	51	38%	title	차운(제목 donate 무시)
P07273	次韻奉酬李判官汝涵秋日見寄 其二	계절(season)	51	38%	title	차운(제목 donate 무시)
P07274	中秋月夜。贈片雲上人。	기증(donate)	97	94%	title	
P07275	中秋月夜。贈片雲上人。 其二	기증(donate)	97	94%	title	
P07276	九月九日	계절(season)	56	38%	title, term	
P07277	九月九日 其二	계절(season)	59	38%	title	
P07278	重陽	애상(sympathy)	38	14%	term	
P07279	戒淨上人。乃義賢師沙彌也。自南漢山寺。袖五峯，月沙諸相國詩。遠涉風濤。來示索和。余辭以才躓思涸。不敢贅一語。師留三日不去。戲步其韻而贈之。	기증(donate)	97	94%	title	
P07280	九日喜戒淨上人至	애상(sympathy)	48	27%	term	
P07281	東陽尉樂全居士。到金浦墳庵。乃於重陽日。以短律一首。附諸戒淨上人。見問江都。輒次其韻。作爲二篇。書事述懷。却寄以謝。	유람(travel)	55	38%	title	차운(제목 donate 무시)
P07282	東陽尉樂全居士。到金浦墳庵。乃於重陽日。以短律一首。附諸戒淨上人。見問江都。輒次其韻。作爲二篇。書事述懷。却寄以謝。 其二	유람(travel)	56	38%	title, term	차운(제목 donate 무시)
P07283	東陽尉樂全居士。到金浦墳庵。乃於重陽日。以短律一首。附諸戒淨上人。見問江都。輒次其韻。作爲二篇。書事述懷。却寄以謝。 附原韻	유람(travel)	55	38%	title	차운(제목 donate 무시)
P07284	奉酬東陽尉申令公用師字舊韻垂示之作	불교(buddhism)	23	16%	term	
P07285	奉酬東陽尉申令公用師字舊韻垂示之作 其二	불교(buddhism)	36	14%	term	
P07286	奉酬東陽尉申令公用師字舊韻垂示之作 其三	회고(reminiscence)	54	38%	term	
P07287	奉酬東陽尉申令公用師字舊韻垂示之作 附	애상(sympathy)	60	52%	term	
P07288	奉酬東陽尉申令公用師字舊韻垂示之作 附 其二	회방(meet)	43	27%	term	
P07289	重贈戒淨上人。兼寄義賢長老。用軸中前韻。	불교(buddhism)	64	52%	title	차운(제목 donate 무시)
P07290	戲作徘諧體二絶句。贈別戒淨沙彌。兼寄希安上人。兩師時共住南漢山寺。	송별(farewell)	77	82%	title	제목보정
P07291	戲作徘諧體二絶句。贈別戒淨沙彌。兼寄希安上人。兩師時共住南漢山寺。 其二	송별(farewell)	77	82%	title	제목보정
P07292	與京城流寓諸人。會于南宮子久草堂。	건물(structure)	71	82%	title	
P07293	與京城流寓諸人。會于南宮子久草堂。 其二	건물(structure)	71	82%	title	
P07294	與京城流寓諸人。會于南宮子久草堂。 其三	건물(structure)	60	52%	title	
P07295	奉簡李參判 命俊 昌期令公	한적(tranquility)	39	14%	term	
P07296	戲答竹陰趙參判怡叔書問	애상(sympathy)	69	52%	term	
P07297	因御史褒聞。有表裏之命。	유람(travel)	15	17%	term	
P07298	因御史褒聞。有表裏之命。 其二	애상(sympathy)	40	27%	term	
P07299	寄賀李洗馬子範登第	기증(donate)	97	94%	title	
P07300	奉簡善山趙善述使君	산악(mountain)	51	38%	title	
P07301	以銅鐵新造飮盞。寄贈沈秀才士安。	기증(donate)	97	94%	title	
P07302	善山趙使君善述。書致海松子。率題以謝。君去年春。曾惠靑魚。故篇內云。	도화(picture)	61	52%	title	
P07303	題辛忠義而善野居屋壁	도화(picture)	65	52%	title	
P07304	九月二十九日乙巳	한적(tranquility)	50	38%	term	
P07305	贈元明沙彌	기증(donate)	97	94%	title	
P07306	贈元明沙彌 其二	기증(donate)	97	94%	title	
P07307	府舍書懷	회고(reminiscence)	76	82%	title	
P07308	李判官汝涵，鄭參奉士閑。各携酒饌而來。留話三日。以詩謝之。時崇禎庚午孟冬十月之望也。	애상(sympathy)	44	27%	term	
P07309	十月二十八日。李判官汝涵，鄭參奉士閑。復携酒見訪。	송별(farewell)	18	17%	term	
P07310	以銅鐵新造飮盞。留贈南宮子久。	기증(donate)	97	94%	title	
P07311	發京城還江都道中。寄謝谿谷張判書 維 持國携酒出餞。兼示畸庵鄭舍人 弘溟 子容，白洲李參議 明漢 天章，雙溪李承旨 景奭 尙輔，再從姪澤堂 植 汝固。	기증(donate)	65	52%	title	
P07312	發京城還江都道中。寄謝谿谷張判書 維 持國携酒出餞。兼示畸庵鄭舍人 弘溟 子容，白洲李參議 明漢 天章，雙溪李承旨 景奭 尙輔，再從姪澤堂 植 汝固。 附次韻	유람(travel)	71	82%	title	차운(제목 donate 무시)
P07313	發京城還江都道中。寄謝谿谷張判書 維 持國携酒出餞。兼示畸庵鄭舍人 弘溟 子容，白洲李參議 明漢 天章，雙溪李承旨 景奭 尙輔，再從姪澤堂 植 汝固。 附次韻	유람(travel)	71	82%	title	차운(제목 donate 무시)
P07314	發京城還江都道中。寄謝谿谷張判書 維 持國携酒出餞。兼示畸庵鄭舍人 弘溟 子容，白洲李參議 明漢 天章，雙溪李承旨 景奭 尙輔，再從姪澤堂 植 汝固。 附次韻	유람(travel)	71	82%	title	차운(제목 donate 무시)
P07315	發京城還江都道中。寄謝谿谷張判書 維 持國携酒出餞。兼示畸庵鄭舍人 弘溟 子容，白洲李參議 明漢 天章，雙溪李承旨 景奭 尙輔，再從姪澤堂 植 汝固。 附次韻	유람(travel)	71	82%	title	차운(제목 donate 무시)
P07316	發京城還江都道中。寄謝谿谷張判書 維 持國携酒出餞。兼示畸庵鄭舍人 弘溟 子容，白洲李參議 明漢 天章，雙溪李承旨 景奭 尙輔，再從姪澤堂 植 汝固。 附次韻	유람(travel)	71	82%	title	차운(제목 donate 무시)
P07317	奉次畸庵鄭子容絶句韻	강해(water)	42	27%	term	
P07318	奉次畸庵鄭子容絶句韻 其二	인물(person)	38	14%	term	
P07319	奉次畸庵鄭子容絶句韻 其三	변새(frontier)	49	27%	term	
P07320	奉次畸庵鄭子容絶句韻 其四	불교(buddhism)	41	27%	term	
P07321	奉次畸庵鄭子容絶句韻 其五	애상(sympathy)	66	52%	term	
P07322	奉次畸庵鄭子容絶句韻 附原韻	유람(travel)	17	17%	term	
P07323	用前韻。奉謝谿谷張判書辱和見寄之作。兼柬畸庵鄭舍人，雙溪李承旨，白洲李參議三學士。	애상(sympathy)	40	27%	term	차운(제목 donate 무시)
P07324	用前韻。奉謝谿谷張判書辱和見寄之作。兼柬畸庵鄭舍人，雙溪李承旨，白洲李參議三學士。 其二	회고(reminiscence)	39	14%	term	차운(제목 donate 무시)
P07325	用前韻。奉謝谿谷張判書辱和見寄之作。兼柬畸庵鄭舍人，雙溪李承旨，白洲李參議三學士。 其三	애상(sympathy)	17	17%	term	차운(제목 donate 무시)
P07326	用前韻。奉謝谿谷張判書辱和見寄之作。兼柬畸庵鄭舍人，雙溪李承旨，白洲李參議三學士。 其四	변새(frontier)	45	27%	term	차운(제목 donate 무시)
P07327	用前韻。奉謝谿谷張判書辱和見寄之作。兼柬畸庵鄭舍人，雙溪李承旨，白洲李參議三學士。 附次韻	유람(travel)	37	14%	term	차운(제목 donate 무시)
P07328	用前韻。奉謝谿谷張判書辱和見寄之作。兼柬畸庵鄭舍人，雙溪李承旨，白洲李參議三學士。 附次韻 其二	애상(sympathy)	31	14%	term	차운(제목 donate 무시)
P07329	用前韻。奉謝谿谷張判書辱和見寄之作。兼柬畸庵鄭舍人，雙溪李承旨，白洲李參議三學士。 附次韻 其三	애상(sympathy)	41	27%	term	차운(제목 donate 무시)
P07330	用前韻。奉謝谿谷張判書辱和見寄之作。兼柬畸庵鄭舍人，雙溪李承旨，白洲李參議三學士。 附次韻 其四	애상(sympathy)	39	14%	term	차운(제목 donate 무시)
P07331	疊用前韻。奉柬畸庵舍人。兼示谿谷大學士，白洲雙溪兩令公，澤堂從姪。萬曆辛卯三月。余曾謁松江相國於龍山亭榭。故首篇云。	건물(structure)	81	94%	title	
P07332	疊用前韻。奉柬畸庵舍人。兼示谿谷大學士，白洲雙溪兩令公，澤堂從姪。萬曆辛卯三月。余曾謁松江相國於龍山亭榭。故首篇云。 其二	건물(structure)	89	94%	title	
P07333	疊用前韻。奉柬畸庵舍人。兼示谿谷大學士，白洲雙溪兩令公，澤堂從姪。萬曆辛卯三月。余曾謁松江相國於龍山亭榭。故首篇云。 其三	건물(structure)	88	94%	title	
P07334	疊用前韻。奉柬畸庵舍人。兼示谿谷大學士，白洲雙溪兩令公，澤堂從姪。萬曆辛卯三月。余曾謁松江相國於龍山亭榭。故首篇云。 其四	건물(structure)	88	94%	title	
P07335	疊用前韻。奉柬畸庵舍人。兼示谿谷大學士，白洲雙溪兩令公，澤堂從姪。萬曆辛卯三月。余曾謁松江相國於龍山亭榭。故首篇云。附復用前韻。奉酬東岳詞丈。兼示畸庵子。辛未正月末。追和也。	건물(structure)	89	94%	title	
P07336	疊用前韻。奉柬畸庵舍人。兼示谿谷大學士，白洲雙溪兩令公，澤堂從姪。萬曆辛卯三月。余曾謁松江相國於龍山亭榭。故首篇云。附復用前韻。奉酬東岳詞丈。兼示畸庵子。辛未正月末。追和也。 其二	건물(structure)	90	94%	title	
P07337	疊用前韻。奉柬畸庵舍人。兼示谿谷大學士，白洲雙溪兩令公，澤堂從姪。萬曆辛卯三月。余曾謁松江相國於龍山亭榭。故首篇云。附復用前韻。奉酬東岳詞丈。兼示畸庵子。辛未正月末。追和也。 其三	건물(structure)	89	94%	title	
P07338	疊用前韻。奉柬畸庵舍人。兼示谿谷大學士，白洲雙溪兩令公，澤堂從姪。萬曆辛卯三月。余曾謁松江相國於龍山亭榭。故首篇云。附復用前韻。奉酬東岳詞丈。兼示畸庵子。辛未正月末。追和也。 其四	건물(structure)	90	94%	title	
P07339	奉謝通津鄭明宰 太和送酒	송별(farewell)	91	94%	title	
P07340	李司評 竣 先君改葬挽詞	애상(sympathy)	97	94%	title	
P07341	李康津 仁立 先君司果挽詞	애상(sympathy)	97	94%	title	
P07342	十二月初九日癸丑。大雨。	계절(season)	55	38%	title	
P07343	奉次李判官汝涵冬日感懷詩韻	회고(reminiscence)	52	38%	title	
P07344	奉次李判官汝涵冬日感懷詩韻 其二	애상(sympathy)	41	27%	term	
P07345	歲暮述懷	애상(sympathy)	68	52%	title, term	
P07346	庚午十二月二十七日辛未。發江都還京城。甲串津上。書示送行諸君。	송별(farewell)	66	52%	title	
P07347	甲串津舟中。戲占長律一首。	강해(water)	62	52%	title	
P07348	辛未元日	산악(mountain)	23	16%	term	
P07349	辛未元日 其二	애상(sympathy)	47	27%	term	
P07350	楊花渡旅次。奉酬谿谷張都憲人日遇雪。用前韻見問。	천문(astro)	62	52%	title	
P07351	楊花渡旅次。奉酬谿谷張都憲人日遇雪。用前韻見問。 其二	천문(astro)	56	38%	title	
P07352	楊花渡旅次。奉酬谿谷張都憲人日遇雪。用前韻見問。 其三	천문(astro)	58	38%	title	
P07353	楊花渡旅次。奉酬谿谷張都憲人日遇雪。用前韻見問。 附人日遇雪。用前韻奉呈。	유람(travel)	54	38%	title, term	차운(제목 donate 무시)
P07354	楊花渡旅次。奉酬谿谷張都憲人日遇雪。用前韻見問。 附人日遇雪。用前韻奉呈。 其二	천문(astro)	53	38%	title	차운(제목 donate 무시)
P07355	楊花渡旅次。奉酬谿谷張都憲人日遇雪。用前韻見問。 附人日遇雪。用前韻奉呈。 其三	천문(astro)	53	38%	title	차운(제목 donate 무시)
P07356	楊花渡旅次。奉酬谿谷張都憲人日遇雪。用前韻見問。 附昨來西湖陪集。亦離索中罕遇事。謹用叔父與張尙書唱酬辰字韻以足。八首之數中。多自敍之辭。非以趁韻。實因前日燕敍規戒之語。粗自效耳。竝丐斤敎。	유람(travel)	62	52%	title, term	
P07357	楊花渡旅次。奉酬谿谷張都憲人日遇雪。用前韻見問。 附昨來西湖陪集。亦離索中罕遇事。謹用叔父與張尙書唱酬辰字韻以足。八首之數中。多自敍之辭。非以趁韻。實因前日燕敍規戒之語。粗自效耳。竝丐斤敎。 其二	유람(travel)	57	38%	title	
P07358	楊花渡旅次。奉酬谿谷張都憲人日遇雪。用前韻見問。 附昨來西湖陪集。亦離索中罕遇事。謹用叔父與張尙書唱酬辰字韻以足。八首之數中。多自敍之辭。非以趁韻。實因前日燕敍規戒之語。粗自效耳。竝丐斤敎。 其三	유람(travel)	61	52%	title, term	
P07359	楊花渡旅次。奉酬谿谷張都憲人日遇雪。用前韻見問。 附昨來西湖陪集。亦離索中罕遇事。謹用叔父與張尙書唱酬辰字韻以足。八首之數中。多自敍之辭。非以趁韻。實因前日燕敍規戒之語。粗自效耳。竝丐斤敎。 其四	유람(travel)	60	52%	title	
P07360	楊花渡旅次。奉酬谿谷張都憲人日遇雪。用前韻見問。 附昨來西湖陪集。亦離索中罕遇事。謹用叔父與張尙書唱酬辰字韻以足。八首之數中。多自敍之辭。非以趁韻。實因前日燕敍規戒之語。粗自效耳。竝丐斤敎。 其五	유람(travel)	60	52%	title	
P07361	楊花渡旅次。奉酬谿谷張都憲人日遇雪。用前韻見問。 附昨來西湖陪集。亦離索中罕遇事。謹用叔父與張尙書唱酬辰字韻以足。八首之數中。多自敍之辭。非以趁韻。實因前日燕敍規戒之語。粗自效耳。竝丐斤敎。 其六	유람(travel)	58	38%	title	
P07362	楊花渡旅次。奉酬谿谷張都憲人日遇雪。用前韻見問。 附昨來西湖陪集。亦離索中罕遇事。謹用叔父與張尙書唱酬辰字韻以足。八首之數中。多自敍之辭。非以趁韻。實因前日燕敍規戒之語。粗自效耳。竝丐斤敎。 其七	유람(travel)	60	52%	title	
P07363	楊花渡旅次。奉酬谿谷張都憲人日遇雪。用前韻見問。 附奉次東岳，谿谷兩詞伯酬唱見示諸韻。却呈求敎。	천문(astro)	53	38%	title	차운(제목 donate 무시)
P07364	楊花渡旅次。奉酬谿谷張都憲人日遇雪。用前韻見問。 附奉次東岳，谿谷兩詞伯酬唱見示諸韻。却呈求敎。	천문(astro)	53	38%	title	차운(제목 donate 무시)
P07365	楊花渡旅次。奉酬谿谷張都憲人日遇雪。用前韻見問。 附奉次東岳，谿谷兩詞伯酬唱見示諸韻。却呈求敎。	천문(astro)	53	38%	title	차운(제목 donate 무시)
P07366	楊花渡旅次。奉酬谿谷張都憲人日遇雪。用前韻見問。 附奉次東岳，谿谷兩詞伯酬唱見示諸韻。却呈求敎。	천문(astro)	55	38%	title	차운(제목 donate 무시)
P07367	楊花渡旅次。奉酬谿谷張都憲人日遇雪。用前韻見問。 附奉次東岳，谿谷兩詞伯酬唱見示諸韻。却呈求敎。	애상(sympathy)	41	27%	term	차운(제목 donate 무시)
P07368	楊花渡旅次。奉酬谿谷張都憲人日遇雪。用前韻見問。 附奉次東岳，谿谷兩詞伯酬唱見示諸韻。却呈求敎。	천문(astro)	53	38%	title	차운(제목 donate 무시)
P07369	楊花渡旅次。奉酬谿谷張都憲人日遇雪。用前韻見問。 附奉次東岳，谿谷兩詞伯酬唱見示諸韻。却呈求敎。	천문(astro)	53	38%	title	차운(제목 donate 무시)
P07370	再用前韻。奉柬谿谷大學士。仍示畸庵白洲，雙溪諸君，澤堂從姪。	건물(structure)	59	38%	title	
P07371	再用前韻。奉柬谿谷大學士。仍示畸庵白洲，雙溪諸君，澤堂從姪。 其二	건물(structure)	64	52%	title	
P07372	再用前韻。奉柬谿谷大學士。仍示畸庵白洲，雙溪諸君，澤堂從姪。 其三	건물(structure)	67	52%	title	
P07373	再用前韻。奉柬谿谷大學士。仍示畸庵白洲，雙溪諸君，澤堂從姪。 附復疊前韻。奉酬東岳詞丈。	건물(structure)	61	52%	title	
P07374	再用前韻。奉柬谿谷大學士。仍示畸庵白洲，雙溪諸君，澤堂從姪。 附復疊前韻。奉酬東岳詞丈。 其二	건물(structure)	54	38%	title	
P07375	再用前韻。奉柬谿谷大學士。仍示畸庵白洲，雙溪諸君，澤堂從姪。 附復疊前韻。奉酬東岳詞丈。 其三	건물(structure)	67	52%	title	
P07376	再用前韻。奉柬谿谷大學士。仍示畸庵白洲，雙溪諸君，澤堂從姪。 附謹次東岳老先生人日雪中見寄韻	천문(astro)	53	38%	title	차운(제목 donate 무시)
P07377	再用前韻。奉柬谿谷大學士。仍示畸庵白洲，雙溪諸君，澤堂從姪。 附謹次東岳老先生人日雪中見寄韻 其二	천문(astro)	54	38%	title	차운(제목 donate 무시)
P07378	再用前韻。奉柬谿谷大學士。仍示畸庵白洲，雙溪諸君，澤堂從姪。 附謹次東岳老先生人日雪中見寄韻 其三	변새(frontier)	42	27%	term	차운(제목 donate 무시)
P07379	再用前韻。奉柬谿谷大學士。仍示畸庵白洲，雙溪諸君，澤堂從姪。 附謹次東岳老先生人日雪中見寄韻 其四	천문(astro)	54	38%	title	차운(제목 donate 무시)
P07380	正月初八日壬午。除授刑曹參判。	계절(season)	38	14%	term	
P07381	正月十三日丁亥。謝恩肅拜後口號。是日。右承旨尹墀啓曰。江都重地。不可一日曠闕。新留守。令備局催促下送之意。該曹入啓。已有日矣。而備局趁不催送新留守。尙不下直事。甚未妥。請備邊司當該郞廳察之。且江華留守。雖日京衙門之官。而前留守徑先上來。亦爲不當。前留守李某。竝察之。新留守李時白。今明日內。使之急速赴任。何如。答曰。依啓。新留守。今日內。使之赴任。	송별(farewell)	88	94%	title	
P07382	崇禎四年辛未夏四月二十八日辛未。以刑曹參判。因備局首薦。拜爲咸鏡道監司。	회고(reminiscence)	56	38%	title	
P07383	五月十七日庚寅。朝詣闕拜辭。乃於承政院。捧敎書密符而出。內賜臘藥七種，胡椒五升，漆，油扇各二把等物。幷三裹印封。	산악(mountain)	36	14%	term	
P07384	豐田三釜淵。用淸陰金判書 尙憲 韻。	유람(travel)	47	27%	term	
P07385	金城縣苞桑閣。用板上韻。	회고(reminiscence)	41	27%	term	
P07386	用乙丑夏舊韻。題淮陽府壁上。	도화(picture)	61	52%	title	
P07387	辛未五月二十五日戊戌。發淮陽府。踰鐵嶺。宿高山館。翌日己亥。憩南山院。次安邊府。道中述懷。	유람(travel)	91	94%	title	
P07388	安邊府舍。有懷洪參判 霶 景望。	회고(reminiscence)	66	52%	title	
P07389	題安邊館東軒	도화(picture)	60	52%	title	
P07390	奉贈德源閔明府 馨男 潤甫。兼示安邊沈明府 諿 子順。閔公以廢朝時濫資收五級。以嘉義左遷。沈公以前刑曹判書。爲養乞外出守。	기증(donate)	97	94%	title	
P07391	五月二十八日辛丑。朝發安邊。午憩德源府。夕次文川郡。是日天雨。喜甚戲詠。用東軒板上韻。	유람(travel)	85	94%	title	
P07392	高原館。用板上從姪汝固韻。	변새(frontier)	36	14%	term	
P07393	高原館。用板上從姪汝固韻。 其二	계절(season)	43	27%	term	
P07394	定平府館。用板上月沙李相國韻。	현달(prosper)	36	14%	term	
P07395	定平道中。有懷李承旨 廷馦 士薰。	애상(sympathy)	45	27%	term	
P07396	辛未六月初二日甲辰。入咸興府。	유람(travel)	80	94%	title	
P07397	題豐沛館壁上	도화(picture)	58	38%	title	
P07398	六月二十一日癸亥。題樂民樓。	도화(picture)	61	52%	title	
P07399	六月二十一日癸亥。題樂民樓。 其二	도화(picture)	61	52%	title	
P07400	六月二十一日癸亥。題樂民樓。 其三	도화(picture)	53	38%	title	
P07401	六月二十一日癸亥。題樂民樓。 其四	도화(picture)	61	52%	title	
P07402	寄送金參議 蓍國 景徵以冬至使赴北京。	송별(farewell)	63	52%	title	
P07403	登樂民樓	건물(structure)	56	38%	title	
P07404	樂民樓。用故松江鄭相國絶句韻。	애상(sympathy)	40	27%	term	
P07405	樂民樓。用故松江鄭相國絶句韻。 其二	건물(structure)	63	52%	title	
P07406	樂民樓。用故松江鄭相國絶句韻。 其三	건물(structure)	78	82%	title	
P07407	以鷄兒三十首，加佐味魚一百尾，靑鼠毛筆十五枚，油煤墨十五笏，分贈文會堂諸生。時令學徒姑停製述。先讀古文。以爲日課。故末聯云。	기증(donate)	97	94%	title	
P07408	寄贈吉州金座首景憲，崔座首命仁，李校生克誠，金校生益謙。	기증(donate)	97	94%	title	
P07409	寄贈吉州儒生李克誠，克謙，克敬，克一，克純及士珩，士瑀，士琚，士璜，士玖諸昆弟子姪。	기증(donate)	97	94%	title	
P07410	寄贈鏡城漁郞里諸人	기증(donate)	97	94%	title	
P07411	寄贈鏡城漁郞里諸人 其二	기증(donate)	97	94%	title	
P07412	辛未八月初二日癸卯。發咸興府。行到咸關嶺上作。時出巡北路列邑。將直抵慶興府而還也。	유람(travel)	85	94%	title	
P07413	洪原館。用板上韻。	강해(water)	45	27%	term	
P07414	北靑館。奉贈節度使尹 璛 令公。	기증(donate)	97	94%	title	
P07415	居山驛。用板上韻。	회고(reminiscence)	51	38%	term	
P07416	過故廉座首 侃 所居 在端川郡南面	유람(travel)	79	82%	title	
P07417	題端川館	도화(picture)	68	52%	title	
P07418	辛未八月初十日辛亥。踰磨天嶺。次吉州城津鎭。題朝日軒。用板上參議姪植韻。	건물(structure)	53	38%	title	
P07419	奉贈吉州牧使金 榮祖 孝仲	기증(donate)	97	94%	title	
P07420	朱村驛。用板上故都巡察使柳川韓相國韻。	유람(travel)	61	52%	title	
P07421	朱村驛。用板上故都巡察使柳川韓相國韻。 其二	유람(travel)	52	38%	title	
P07422	辛未八月十五日丙辰。憩永康館。次鏡城府。	건물(structure)	56	38%	title	
P07423	奉次鏡城判官李 烓 煕遠韻	건물(structure)	56	38%	title	
P07424	鏡城東軒。用柳川韓相國韻。	건물(structure)	59	38%	title	
P07425	發鏡城。赴輸城驛。道中口占。	유람(travel)	89	94%	title	
P07426	富寧館。用板上韻。	산악(mountain)	19	17%	term	
P07427	會寧館。用板上韻。	애상(sympathy)	38	14%	term	
P07428	鍾城館。奉贈趙明府 廷虎 仁甫。	기증(donate)	97	94%	title	
P07429	穩城館。用前韻。乃余爲評事時所題也。	도화(picture)	59	38%	title	
P07430	慶源館。用板上韻。	변새(frontier)	43	27%	term	
P07431	撫夷堡。用前韻。	계절(season)	37	14%	term	
P07432	辛未八月二十九日庚午。題慶興館。	도화(picture)	57	38%	title	
P07433	辛未九月初一日壬申。發慶興府。憩阿吾地堡。宿德明館。翌日癸酉。廻到鍾城行營。書于營廳楣上。凡諸使臣。行歷六鎭。各邑守令。例以雜穀計戶分給。令舂作米釀酒納官。以供一行之用。名曰舂酒。又以新屬軍丁之牛。不問貧富。稱爲免身行禮。抄出奪入。屠殺需用。名曰禮牛。此乃邊塞鎭堡軍民巨弊。故行文列邑。一切禁斷。輒賦長律。留示後來諸君云。	유람(travel)	94	94%	title	
P07434	九月九日。節度使李令公 沆。 邀宴水中㙜。蓋爲余謫居時行吟之處也。卽席戲作。書贈都事宋君 國澤 澤之，鏡城判官李君 烓 煕遠，輸城察訪李君 舶 濟而。仍示漁郞里中諸人。	기증(donate)	97	94%	title	
P07435	九月九日。節度使李令公 沆。 邀宴水中㙜。蓋爲余謫居時行吟之處也。卽席戲作。書贈都事宋君 國澤 澤之，鏡城判官李君 烓 煕遠，輸城察訪李君 舶 濟而。仍示漁郞里中諸人。 其二	기증(donate)	97	94%	title	
P07436	辛未九月初十日辛巳。宿漁郞里崔座首蘭秀家。里中四十餘人。各具酒饌。固請留宴。與樂飮三晝夜。十二日癸未。宿明澗里朴座首純一家。醉中詠懷。題于壁上。	유람(travel)	79	82%	title	
P07437	辛未九月初十日辛巳。宿漁郞里崔座首蘭秀家。里中四十餘人。各具酒饌。固請留宴。與樂飮三晝夜。十二日癸未。宿明澗里朴座首純一家。醉中詠懷。題于壁上。 其二	유람(travel)	73	82%	title	
P07438	洪原道中。聞趙參議善述亡。	애상(sympathy)	50	38%	term	
P07439	趙善述挽詞	애상(sympathy)	97	94%	title, term	
P07440	趙善述挽詞 其二	애상(sympathy)	97	94%	title	
P07441	趙善述挽詞 其三	애상(sympathy)	97	94%	title	
P07442	巡歷列邑。書考驛奏後作。	유람(travel)	55	38%	title	
P07443	參議姪汝固出宰杆城。詩以慰之。用前日見寄韻	건물(structure)	50	38%	title	차운(제목 donate 무시)
P07444	參議姪汝固出宰杆城。詩以慰之。用前日見寄韻 附原韻	송별(farewell)	41	27%	term	차운(제목 donate 무시)
P07445	鄭舍人子容。求白羔毛。送以靑鼠尾筆。	송별(farewell)	97	94%	title, term	
P07446	次宋鎭安子深見寄韻	변새(frontier)	50	38%	title	차운(제목 donate 무시)
P07447	府舍菊花。初冬盛開。用故松江鄭相國絶句韻。	계절(season)	36	14%	term	
P07448	贈惠雄上人。用軸中前韻。	불교(buddhism)	51	38%	title	차운(제목 donate 무시)
P07449	雪中遣懷	천문(astro)	58	38%	title	
P07450	辛未十一月二十日己丑。引疾陳情。上章乞罷。自上特命以卿其勿辭。安心察職回諭。閏十一月初二日辛丑。有旨到營。	유람(travel)	92	94%	title	
P07451	尙全上人來貽杆城縣監姪汝固書及詩。次其韻却寄二首。	불교(buddhism)	52	38%	title, term	차운(제목 donate 무시)
P07452	尙全上人來貽杆城縣監姪汝固書及詩。次其韻却寄二首。 其二	변새(frontier)	51	38%	term	차운(제목 donate 무시)
P07453	尙全上人來貽杆城縣監姪汝固書及詩。次其韻却寄二首。 附原韻	불교(buddhism)	50	38%	title	차운(제목 donate 무시)
P07454	寄李正郞 志賤 彈琴	기증(donate)	97	94%	title	
P07455	淮陽沈明府 誢 送酒。前數日安邊。沈明府曾惠蟹。	송별(farewell)	92	94%	title	
P07456	以智陵奉審。馳詣安邊。發咸興。次定平。夜坐述懷。用前韻。	유람(travel)	78	82%	title	
P07457	定平府館。復用板上月沙李相國韻。	애상(sympathy)	47	27%	term	
P07458	高原郡館。對李太守 景賢 明之。寄簡李校理 景義 子方學士。子方。乃明之弟也。時因上箚。忤旨待罷。	기증(donate)	97	94%	title	
P07459	安邊府使沈判書子順壽宴席上。率題長句。庸述盛事。公之太夫人春秋八十有五歲。公之年六十有三歲。公之仲氏誢官陞通政。時爲淮陽府使。公之子修撰東龜。時來侍側。有四男兒。公以刑曹判書。上童乞養而來。故後篇云。	도화(picture)	61	52%	title	
P07460	安邊府使沈判書子順壽宴席上。率題長句。庸述盛事。公之太夫人春秋八十有五歲。公之年六十有三歲。公之仲氏誢官陞通政。時爲淮陽府使。公之子修撰東龜。時來侍側。有四男兒。公以刑曹判書。上童乞養而來。故後篇云。 其二	도화(picture)	61	52%	title	
P07461	奉次沈明府子順壽席見示之韻。余於是日。竊增風樹之慟。不覺泣下。故篇內及之。	애상(sympathy)	42	27%	term	
P07462	發安邊。還咸興。道中遇雪。	유람(travel)	83	94%	title	
P07463	歲暮寫懷	회고(reminiscence)	61	52%	title	
P07464	壬申元日。濬源殿行祭禮畢。示執事諸君。	유람(travel)	70	82%	title	
P07465	濬源殿元日祭後。用參奉廳壁上故西平府院君韓柳川萬曆壬子元日祭眞殿韻。	회고(reminiscence)	49	27%	term	
P07466	元日。發永興。還咸興。道中口占。	유람(travel)	90	94%	title	
P07467	正朝。奉寄吉州金牧使孝仲用前韻。	애상(sympathy)	38	14%	term	차운(제목 donate 무시)
P07468	正朝。得鍾城趙明府仁甫書。詩以答之。	변새(frontier)	49	27%	term	
P07469	過歲朝後。寄都事宋澤之以校生考講試官。時往吉州鏡城等邑。	기증(donate)	75	82%	title	
P07470	自正月初三日至初五日。大風且雪。時與慶源校生朴尙信 年壬寅生，端川校生李之遠 年丙戌生，北靑山人惠雄，杆城山人尙全。對坐有作。	유람(travel)	55	38%	title, term	
P07471	正月中。連日雨雪。獨坐有感。	천문(astro)	66	52%	title	
P07472	壬申正月十四日壬子。復以病狀辭。是月二十七日。祗受有旨。又以勿辭調理察職下諭。	애상(sympathy)	25	16%	term	
P07473	春初。題豐沛館東軒壁上。用故松江鄭相國韻。	도화(picture)	61	52%	title	
P07474	春初。題豐沛館東軒壁上。用故松江鄭相國韻。 其二	도화(picture)	54	38%	title	
P07475	次韻寄酬宋鎭安子深 是日上元	애상(sympathy)	39	14%	term	차운(제목 donate 무시)
P07476	以黃毛筆四枝，大口魚三尾。寄贈李判官重溟 汝涵。	기증(donate)	97	94%	title	
P07477	濬源殿尹參奉 夏。 來傳造紙署前別提成 汝學 學顏七言近體五首。聊書此却寄。	송별(farewell)	63	52%	title	
P07478	次韻奉答鶴泉成別坐學顏	송별(farewell)	85	94%	title	
P07479	奉次雙谿李承旨尙輔見寄之韻	변새(frontier)	57	38%	term	차운(제목 donate 무시)
P07480	奉次雙谿李承旨尙輔見寄之韻 附原韻	변새(frontier)	50	38%	term	차운(제목 donate 무시)
P07481	二月初一日。乃宣祖大王諱辰也。適見從姪杆城縣宰汝固元日寄示之作。輒次其韻以志之。	계절(season)	50	38%	title	차운(제목 donate 무시)
P07482	二月初一日。乃宣祖大王諱辰也。適見從姪杆城縣宰汝固元日寄示之作。輒次其韻以志之。 附原韻	계절(season)	50	38%	title	차운(제목 donate 무시)
P07483	贈別都事宋澤之任滿還京	송별(farewell)	74	82%	title, term	제목보정
P07484	贈別都事宋澤之任滿還京 其二	송별(farewell)	74	82%	title, term	제목보정
P07485	高山許察訪 稷。 送野蒜，山芥，苦茶，水蒿根，苜蓿等菜。率題以謝。	송별(farewell)	89	94%	title	
P07486	以江瑤柱十五箇，鰒魚五十箇。寄惠許察訪春容。仍戲示短律。	기증(donate)	97	94%	title	
P07487	都事宋澤之行到高山驛。枉書見問。有戀戀惜別之意。以詩答之。	송별(farewell)	77	82%	title, term	
P07488	壬申二月十五日癸未。又陳危懇。兼以病辭。二十九日丁酉。吏曹行文到營。濫蒙聖上洞察。特以安心察任。復降溫旨。	유람(travel)	68	52%	title	
P07489	修學上人自沔川石水庵來謁	유람(travel)	62	52%	title, term	
P07490	贈別楚萍上人歸楓岳天德庵	송별(farewell)	73	82%	title	제목보정
P07491	贈別鏡城李判官 烓 煕遠任滿還京	송별(farewell)	74	82%	title, term	제목보정
P07492	次韻醉留李煕遠學士	계절(season)	36	14%	term	
P07493	奉次玄洲李承旨 昭漢 道章見寄之韻	기증(donate)	90	94%	title	
P07494	奉次玄洲李承旨 昭漢 道章見寄之韻 附原韻	기증(donate)	83	94%	title	
P07495	戲贈北評事徐 挺然 秀甫。用李道章韻。	산악(mountain)	39	14%	term	차운(제목 donate 무시)
P07496	戲贈北評事徐 挺然 秀甫。用李道章韻。 其二	송별(farewell)	37	14%	term	차운(제목 donate 무시)
P07497	戲贈歌妓勝莫愁	기증(donate)	97	94%	title	
P07498	壬申三月初十日丁未。引咎謝病。復乞鐫免。二十日丁巳。始蒙恩遞。二十五日壬申。邸報到營。	유람(travel)	55	38%	title	
P07499	四月初十日丁丑。發咸興府。書示餞行諸人。	유람(travel)	96	94%	title	
P07500	四月初十日丁丑。發咸興府。書示餞行諸人。 其二	유람(travel)	96	94%	title	
P07501	留別咸興判官李 有謙 鳴吉	송별(farewell)	95	94%	title	
P07502	壬申四月十三日庚辰。戲書以志。	변새(frontier)	50	38%	term	
P07503	高原東軒。再用前韻。	유람(travel)	44	27%	term	
P07504	高原東軒。再用前韻。 其二	송별(farewell)	39	14%	term	
P07505	文川東軒。用板上韻。	건물(structure)	56	38%	title	
P07506	安邊道中。奉答北評事徐 挺然 秀甫書。	유람(travel)	59	38%	title	
P07507	謹用故右議政聽天堂沈相國韻。題安邊東軒壁上。留示交代觀察使金判書 起宗 重胤。兼奉府伯沈判書子順。	건물(structure)	60	52%	title	
P07508	謹用故右議政聽天堂沈相國韻。題安邊東軒壁上。留示交代觀察使金判書 起宗 重胤。兼奉府伯沈判書子順。 其二	애상(sympathy)	46	27%	term	
P07509	金剛山雙煕上人。來貽東陽尉樂全居士書。	산악(mountain)	61	52%	title, term	
P07510	題釋王寺溪閣壁上	도화(picture)	61	52%	title	
P07511	釋王寺。用板上故芝峯李尙書 睟光 韻。	불교(buddhism)	70	82%	title	
P07512	釋王寺。用板上故芝峯李尙書 睟光 韻。 其二	불교(buddhism)	67	52%	title, term	
P07513	釋王寺。用板上故芝峯李尙書 睟光 韻。 其三	불교(buddhism)	64	52%	title, term	
P07514	釋王寺。贈慧煕長老。謹用帖中故聽天沈相國韻。	불교(buddhism)	57	38%	title, term	차운(제목 donate 무시)
P07515	釋王寺。贈慧煕長老。謹用帖中故聽天沈相國韻。 其二	불교(buddhism)	52	38%	title, term	차운(제목 donate 무시)
P07516	贈慧煕長老。謹用帖中故鵝溪李相國韻。	애상(sympathy)	37	14%	term	차운(제목 donate 무시)
P07517	贈三均上人	기증(donate)	97	94%	title	
P07518	贈雙彥上人	기증(donate)	97	94%	title	
P07519	贈雙彥上人 其二	기증(donate)	97	94%	title	
P07520	贈雙彥上人 其三	기증(donate)	97	94%	title	
P07521	贈瑩圭上人	기증(donate)	97	94%	title	
P07522	留別金都事 顯 浩浩	송별(farewell)	97	94%	title	
P07523	留別金都事 顯 浩浩 其二	송별(farewell)	95	94%	title, term	
P07524	五月三十日丁酉。行到鐵嶺。馬上口占。時聞本月二十五日。拜刑曺參判。	유람(travel)	72	82%	title	
P07525	淮陽府舍。有懷趙參議善述。用板上舊題韻。府民以鐵爲碑。頌君淸白之政。	회고(reminiscence)	53	38%	title	
P07526	金化東軒。用板上淸陰金判書 尙憲 韻。	한적(tranquility)	45	27%	term	
P07527	壬申五月初三日庚子。行到金化生昌驛。得見邸報。乃於四月三十日。差奏請副使。率題以志。	유람(travel)	68	52%	title	
P07528	贈無忍上人	기증(donate)	97	94%	title	
P07529	五月初五日壬寅。入京城。	불교(buddhism)	45	27%	term	
P07530	崇禎五年歲在壬申六月初一日丁卯。以奏請副使。晨詣景德宮。祗奉表箋而行。特蒙內賜豹皮，笠帽，厚油紙，胡椒，扇子，弓箭，臘藥等物。及到慕華館。遣中使宣醞。是日夕宿迎曙驛。書事述懷。奉贈上使左參贊豐寧君豐山洪公 靌 汝時。兼示書狀官尙衣院正兼掌令缶溪洪君 鎬 叔京。求和敎。	기증(donate)	84	94%	title	
P07531	崇禎五年歲在壬申六月初一日丁卯。以奏請副使。晨詣景德宮。祗奉表箋而行。特蒙內賜豹皮，笠帽，厚油紙，胡椒，扇子，弓箭，臘藥等物。及到慕華館。遣中使宣醞。是日夕宿迎曙驛。書事述懷。奉贈上使左參贊豐寧君豐山洪公 靌 汝時。兼示書狀官尙衣院正兼掌令缶溪洪君 鎬 叔京。求和敎。 其二	기증(donate)	83	94%	title	
P07532	宣醞禮畢。行到弘濟院。口占短律。錄奉月峯洪參贊，無住洪掌令。	유람(travel)	71	82%	title	
P07533	延曙驛留贈東陽尉	기증(donate)	97	94%	title	
P07534	延曙驛。留別趙參議持世。	송별(farewell)	94	94%	title, term	
P07535	李承旨道章。來餞延曙驛。用其贈別韻而謝之。	송별(farewell)	79	82%	title, term	차운(제목 donate 무시)
P07536	六月初二日戊辰。次碧蹄。翼日己巳。次坡州。戲贈追送諸君。	기증(donate)	81	94%	title	
P07537	萬曆己亥春三月。余年二十九歲。擢庭試乙科。夏四月之閏。放榜。秋八月。以承文院權知副正字。授咸鏡北道評事。庚子春三月。引疾請遞。夏五月。還京。辛丑夏四月。以禮曹正郞。差進賀使書狀官。赴帝都。冬十一月。還京。留十二日。以遠接使從事官抵義州。壬寅夏四月。還京。秋八月。以工曹正郞。差試官。抵淸風郡。九月。差按覈御史。抵龍岡泰川等縣。冬十一月。還京。十二月。以禮曹正郞。除端川郡守。甲辰秋八月。以親年七十。請遆還京。閏九月。丁憂。廬墓楊州。丁未秋八月。以禮曹正郞。拜洪州牧使。冬十二月。遷東萊府使。己酉夏五月。引疾見罷。秋七月。還京。庚戌春二月。授潭陽府使。辛亥春二月。引疾還京而罷。秋九月。除錦山郡守。癸丑冬十一月。移拜慶州府尹。甲寅秋九月。坐事見罷。冬十月。還京。丁巳夏六月。授江華府使。己未冬十二月。秩滿還京。庚申春三月。丁憂。廬墓沔川。天啓癸亥春二月。以田監軍接伴使。往關西。夏五月。還京。冬十二月。以毛都督問安使。抵鐵山椵島。甲子春二月。還京。三月。下獄。遠竄鏡城。乙丑春三月。量移洪川。丁卯春正月。遇赦放歸沔川。崇禎戊辰夏六月。被薦起廢。拜江華留守。庚午冬十二月。秩滿而遞。辛未春正月。還京。夏四月。拜咸鏡道觀察使。今年春三月。引疾而遞。夏四月。差奏請副使。五月初五日。還京。六月初一日。奉表而行。由海路赴帝都。余年六十有二歲。自登第以來。三十四年之間。十除外官。六奉使事。出入四方。凡二十四年。前後居廬。共六年。謫居共四年。終一歲在京城。只乙卯丙辰兩年而已。居廬時甲辰。謫居時甲子。兩年亦在二十四年之中。	유람(travel)	71	82%	title, term	
P07538	六月初四日庚午。渡臨津有感。	애상(sympathy)	54	38%	title, term	
P07539	六月初五日辛未。留松都。	애상(sympathy)	39	14%	term	
P07540	留贈族兄明甫	기증(donate)	97	94%	title	
P07541	六月初七日癸酉。發松都。留別平康縣監姪仲木。天啓甲子之竄。姪隨余行過鐵嶺。至安邊而還。今又來送於松岳山下。故書以慰之。	송별(farewell)	72	82%	title	
P07542	奉寄咸鏡北道評事徐 挺然 秀甫	기증(donate)	95	94%	title	
P07543	松京路中。贈別法林長老歸摩尼山寺。	송별(farewell)	73	82%	title	제목보정
P07544	松京路中。贈別法林長老歸摩尼山寺。 其二	송별(farewell)	73	82%	title	제목보정
P07545	黃州太虛樓。逢崔醫正俊成。書示亡友權石洲所贈絶句。索和甚懇。聊次其韻。作爲二首。以志存歿之感云。	송별(farewell)	51	38%	title	차운(제목 donate 무시)
P07546	黃州太虛樓。逢崔醫正俊成。書示亡友權石洲所贈絶句。索和甚懇。聊次其韻。作爲二首。以志存歿之感云。 其二	애상(sympathy)	41	27%	term	차운(제목 donate 무시)
P07547	留贈中和通引金晛日。用甲子春舊韻。	회고(reminiscence)	37	14%	term	차운(제목 donate 무시)
P07548	練光亭口號	건물(structure)	82	94%	title	
P07549	練光亭。次杆城明宰姪汝固見寄韻。	건물(structure)	80	94%	title	차운(제목 donate 무시)
P07550	練光亭。次杆城明宰姪汝固見寄韻。 其二	건물(structure)	95	94%	title	차운(제목 donate 무시)
P07551	練光亭。次杆城明宰姪汝固見寄韻。 其三	건물(structure)	88	94%	title	차운(제목 donate 무시)
P07552	練光亭。次杆城明宰姪汝固見寄韻。 其四	건물(structure)	83	94%	title	차운(제목 donate 무시)
P07553	再用題字韻。寄酬從姪汝固。	도화(picture)	56	38%	title	차운(제목 donate 무시)
P07554	咸鏡道觀察使金重胤。遠送厚贐。枉寄別什。輒用其韻而謝之。	송별(farewell)	71	82%	title	
P07555	咸鏡道觀察使金重胤。遠送厚贐。枉寄別什。輒用其韻而謝之。 其二	송별(farewell)	71	82%	title	
P07556	咸鏡道觀察使金重胤。遠送厚贐。枉寄別什。輒用其韻而謝之。 其三	송별(farewell)	71	82%	title	
P07557	咸鏡道觀察使金重胤。遠送厚贐。枉寄別什。輒用其韻而謝之。 其四	송별(farewell)	71	82%	title, term	
P07558	大同江上。戲答高山許察訪 㮨，春容咸興李判官 有謙 鳴吉書問。	회고(reminiscence)	41	27%	term	
P07559	大同江上。戲答高山許察訪 㮨，春容咸興李判官 有謙 鳴吉書問。 其二	산악(mountain)	54	38%	title	
P07560	戲贈平壤老妓雪娥	기증(donate)	97	94%	title	
P07561	戲贈平壤病妓桂娘	기증(donate)	97	94%	title	
P07562	平壤江上。逢金右尹大德 得之以椵島接伴使還赴京城。率題贈別。	송별(farewell)	73	82%	title, term	제목보정
P07563	題練光亭	건물(structure)	80	94%	title	
P07564	題練光亭 其二	건물(structure)	79	82%	title	
P07565	練光亭。戲書遣懷。余以六月十三日己卯。來到平壤。留寓是亭。至于月末。	건물(structure)	76	82%	title	
P07566	七月初一日丁酉。書于練光亭中。示同行。	건물(structure)	78	82%	title	
P07567	七月初五日辛丑。發平壤。次甑山縣。用東軒板上韻。二首。	유람(travel)	89	94%	title	
P07568	七月初五日辛丑。發平壤。次甑山縣。用東軒板上韻。二首。 其二	유람(travel)	90	94%	title	
P07569	奉謝平安道觀察使閔參判 聖徽 士尙。兼柬咸鏡道觀察使金判書重胤。	기증(donate)	56	38%	title	
P07570	閔監司士尙以白紬綿襖子見遺時新遭國恤。故有此贐也。	변새(frontier)	38	14%	term	
P07571	石多山下。留別閔秀才 晉亮 明允。	송별(farewell)	97	94%	title, term	
P07572	寄謝咸鏡道土官營吏遠致行贐	기증(donate)	95	94%	title	
P07573	贈別咸興驛子林德生	송별(farewell)	74	82%	title	제목보정
P07574	戲答端川品官，校生，鄕吏，官奴等書。	변새(frontier)	46	27%	term	
P07575	戲答端川品官，校生，鄕吏，官奴等書。 其二	회고(reminiscence)	27	16%	term	
P07576	七月十六日壬子。晨起。與上使，書狀官曁一行員役。行三神祭。平壤石多山下海岸高岡之上。除地爲壇。乃大海龍王小星三神設祭之所也。赴京使臣乘舟下海之日。例必躬行祀事。潔誠祈禱云。	유람(travel)	61	52%	title	
P07577	甑山李明宰 晉英 送酒餞行。分餽舟中人。	송별(farewell)	71	82%	title	
P07578	到石多山口占	유람(travel)	70	82%	title, term	
P07579	到石多山口占 其二	유람(travel)	66	52%	title	
P07580	到石多山口占 其三	유람(travel)	66	52%	title	
P07581	到石多山口占 其四	유람(travel)	59	38%	title	
P07582	七月二十日丙辰。舟次椵島。	변새(frontier)	42	27%	term	
P07583	椵島書感。用前韻。	강해(water)	64	52%	title, term	
P07584	椵島書感。用前韻。 其二	강해(water)	56	38%	title	
P07585	舟中戲題	강해(water)	61	52%	title	
P07586	舟中戲題 其二	강해(water)	61	52%	title	
P07587	七月二十五日辛酉。次車牛島。	한적(tranquility)	41	27%	term	
P07588	七月二十六日壬戌。阻風留車牛島三日。島屬平安道鐵山府。乃我國地盡之處。西則大海。北則島嶼。皆是遼東地也。	강해(water)	55	38%	title, term	
P07589	車牛島。遇西北風不止。	강해(water)	57	38%	title, term	
P07590	車牛島舟中。遣懷戲吟。	강해(water)	64	52%	title	
P07591	車牛島舟中。遣懷戲吟。 其二	강해(water)	64	52%	title	
P07592	七月二十九日乙丑。朝發車牛島。夕次鹿島。舟中北望義州。有感口占。	유람(travel)	73	82%	title	
P07593	鹿島舟中	강해(water)	61	52%	title	
P07594	八月初一日丙寅。避風。留泊鹿島。	강해(water)	50	38%	title	
P07595	八月初二日。朝擧帆將發。風逆仍留。	유람(travel)	95	94%	title	
P07596	八月初三日。夕次石城島。是日朝。始得東南風。放舟而行。	유람(travel)	52	38%	title	
P07597	石城島舟中。戲占絶句。	강해(water)	65	52%	title	
P07598	石城島舟中。戲占絶句。 其二	강해(water)	64	52%	title	
P07599	八月初四日己巳。大風雷雨。留石城島。	천문(astro)	61	52%	title	
P07600	八月初四日。夜宿舟中。夢聞亡友尹監司定卿 安國。 自北京回到關西。因忽驚覺而起。君曾爲德源府使。有淸德仁政碑。	유람(travel)	78	82%	title	
P07601	八月初五日庚午。朝晴放舟。次長山島。至夕大雷雨。自石城島西南至長山島。水程三百里。	유람(travel)	57	38%	title	
P07602	長山島舟中。戲贈洪參贊，洪掌令兩公。	기증(donate)	95	94%	title	
P07603	長山島舟中。戲贈洪參贊，洪掌令兩公。 其二	기증(donate)	95	94%	title	
P07604	八月初六日辛未。避風。留長山島。	산악(mountain)	52	38%	title	
P07605	八月初七日壬申。舟中口號。七月十六日。始發石多山。乘舟浮海。今已二十日。計水程。僅至一千八百里云。	유람(travel)	74	82%	title	
P07606	八月初八日癸酉。阻風。仍留長山島。	산악(mountain)	54	38%	title	
P07607	長山島舟中遣興。復用石城島韻。	강해(water)	64	52%	title	
P07608	長山島舟中遣興。復用石城島韻。 其二	강해(water)	64	52%	title	
P07609	留泊長山島。北風連日不止。舟人禱于三官廟。戲示同行諸君。廟在島上。乃天地人三神云。	애상(sympathy)	42	27%	term	
P07610	長山島舟中卽事	강해(water)	63	52%	title	
P07611	八月初十日乙亥。朝起作。	송별(farewell)	45	27%	term	
P07612	八月十一日丙子。午驟雨。雲霧晦冥。雷霆大作。極可畏。俄而雨止。天無點雲。海山如洗。喜甚口號。時留長山島	천문(astro)	64	52%	title	
P07613	八月十四日己卯。夜坐對月。戲占一律。阻風長山島。時已十日。廣鹿島在於西南間。東南東北風。可以張帆進抵。而西北西南風。連日大吹。舟逆不得行。同來各船。屢設祭三神。禱祝無驗。故篇末云。	유람(travel)	59	38%	title, term	
P07614	八月十五日庚辰。晨起戲吟。	변새(frontier)	50	38%	term	
P07615	八月十五日。東北風乍起。午發長山島。行向廣鹿島。至夕潮退。西風繼作。留泊海中小島。船上夜吟。用前韻。小島。或稱小廣鹿島。	유람(travel)	90	94%	title, term	
P07616	八月十五日。舟中夜坐。對月戲賦。是夕天陰。雲霧相蔽。及至夜深。北風甚勁。六合如掃。月色極佳。	강해(water)	61	52%	title	
P07617	中秋月夜。舟上作。	변새(frontier)	57	38%	term	
P07618	中秋對月。復用河字韻。	계절(season)	60	52%	title	
P07619	八月十六日辛巳。曉遇東風。朝到廣鹿島。西風又起。留泊有作。七月十六日。始登船。今已卅日。	유람(travel)	68	52%	title	
P07620	舟中夕望 三山島。東望白洋中。	강해(water)	65	52%	title, term	
P07621	舟中夜坐 八月十六日。西風旋止。轉作北風。朝發廣鹿島。行向三山島。及午風微。留泊海中。晡遇風利。掛席而行。夕過三山島。夜過海城島。晩次平島。自廣鹿島。西至三山島。水程三百八十里。自三山島。西至平島。水程一百玉十里。或云二百里。我國船人所稱龍王堂。在於三山島，平島兩島之間。	유람(travel)	80	94%	title	
P07622	八月十七日壬午。雨留平島。	천문(astro)	59	38%	title	
P07623	八月十八日癸未。阻風戲詠。	계절(season)	44	27%	term	
P07624	戲贈洪參贊洪掌令	기증(donate)	97	94%	title	
P07625	八月十九日甲申。朝遇東北風。午到旅順口。自平島。西至旅順口。水程四十里。中有龍王堂。在於北港。	유람(travel)	68	52%	title	
P07626	旅順城下。泊舟遣懷。	애상(sympathy)	66	52%	title, term	
P07627	八月二十日乙酉。朝入旅順。城中見黃都督一行。路狀未及受出。不得發船。二十一日。風雨大作。二十二日。西風不止。二十三日。仍留城下。都督黃公名龍。時自椵島。移鎭是城。	유람(travel)	87	94%	title, term	
P07628	八月二十三日戊子。旅順口舟中。	강해(water)	62	52%	title	
P07629	八月二十五日庚寅。夜遇東北風起。發舟出港。時留旅順城已六日矣。	유람(travel)	85	94%	title, term	
P07630	八月二十六日辛卯。阻風鐵山觜。自旅順口西。至鐵山觜。水程四十里。七月十六日。始乘船。今已四十日也。	유람(travel)	67	52%	title, term	
P07631	八月二十七日壬辰。舟中夜吟。	강해(water)	62	52%	title	
P07632	鐵山觜舟上。復用旅順城下韻。	애상(sympathy)	51	38%	term	
P07633	八月二十八日癸巳。朝遇東風。初發鐵山觜東岸。及午風逆。還泊西岸。復用停字韻。	유람(travel)	87	94%	title	
P07634	鐵山觜船上。戲題絶句。投諸海中。	도화(picture)	60	52%	title	
P07635	八月二十八日夕。雲物甚惡。大風將起。趣櫓夜行。移泊羊頭凹。自鐵山觜。西北至羊頭凹。水程二十餘里。	유람(travel)	65	52%	title	
P07636	八月二十九日甲午。微雨。留羊頭凹。	천문(astro)	58	38%	title	
P07637	八月三十日乙未。朝遇西南風。午過雙島。夕次南汛口。是日海中。風浪極險。自羊頭凹。西北至雙島。水程二十五里。自雙島。西北至南汛口。水程四百餘里。	유람(travel)	72	82%	title, term	
P07638	猪毛島洋中口占 島在雙島之北。相去二十餘里。	강해(water)	70	82%	title	
P07639	九月初一日丙申。南汛口。待風艤船。	계절(season)	58	38%	term	
P07640	九月初二日丁酉。大雷雨。留泊南汛口。	천문(astro)	76	82%	title	
P07641	南汛口舟中復用鹿島將字韻	강해(water)	64	52%	title	
P07642	九月初四日己亥。夕遇西南風。放船南汛口。夜二鼓。南風大起。掛席渡海。直抵覺華島。日初出矣。自南汛口。北至覺華島。水程或云六百里。或云八百里。或云一千餘里。島在寧遠衛南港之中。	유람(travel)	68	52%	title	
P07643	覺華島舟中書事	강해(water)	65	52%	title	
P07644	九月初八日。出舟入寧遠衛。	유람(travel)	56	38%	title	
P07645	九月九日	계절(season)	67	52%	title, term	
P07646	九月十六日辛亥。留寧遠衛。黎明。天乍雪。至夕。水微氷。去歲是日。發吉州城津。踰磨天嶺。次端川。	유람(travel)	78	82%	title	
P07647	九月十九日甲寅。發寧遠衛。憩沙河所。宿東關驛。余於萬曆辛丑九月十九日癸丑。朝發中後所。午憩曹莊驛。夕宿寧遠衛。前後三十二年之間。往來日月。乃與之相同。故書以志之。沙河所。乃中右所也。	유람(travel)	97	94%	title	
P07648	九月二十日乙卯。曉發東關。過中後所。乃杏林也 午憩沙河驛。過狗兒河。夕次前屯衛。別號古端州	송별(farewell)	62	52%	title, term	
P07649	二十一日丙辰。過高嶺驛。午憩中前所。宿山海關外羅城。道中述懷。東自寧遠衛。西至山海關。自經奴賊長驅蹂躪。二百餘里之間。各鎭城堡。盡爲頹毀。諸店鋪舍。太半焚燒。人民生聚之盛。無復如曩歲所見也。	유람(travel)	85	94%	title	
P07650	二十二日丁巳。入山海關。	산악(mountain)	52	38%	title	
P07651	贈趙秀才鉞	기증(donate)	97	94%	title	
P07652	題趙雲野舊宅	도화(picture)	58	38%	title	
P07653	范家店。贈別穆秀才爾琯。	송별(farewell)	74	82%	title	제목보정
P07654	九月二十五日庚申。發山海關。憩范家店。宿楡關店。	유람(travel)	90	94%	title	
P07655	九月二十六日辛酉。午憩雙望鋪。夕宿永平府。	유람(travel)	80	94%	title	
P07656	九月二十六日辛酉。午憩雙望鋪。夕宿永平府。 其二	유람(travel)	95	94%	title	
P07657	九月二十七日壬戌。早發永平府。渡大灤河，小灤河。午憩野鷄坨。過沙河驛，七家嶺，新店堡。夕次榛子鎭。	유람(travel)	97	94%	title, term	
P07658	九月二十八日癸亥。早發榛子鎭。過豐潤縣。午憩高麗鋪。夕宿玉田縣。次庠生李克任韻。萬曆辛丑秋九月。曾宿是縣東店閑人高秉玉家。今者再到。店已易主。隣有庠生姓李。名克任。字擔荷。生於庚戌歲。年今三十有三。來見余。以紙筆書字問對。意甚殷勤。卽賦一絶句以示。輒用其韻而謝之。	유람(travel)	97	94%	title	
P07659	九月二十九日甲子。早發玉田縣。過樂山店。午憩別山店。過蘇州。夕次邦均店。自永平府。西至榛子鎭。一百二十里。自榛子鎭。西至玉田縣。一百三十里。自玉田縣。西至邦均店。一百里。連三日戴星而行。	유람(travel)	63	52%	title	
P07660	九月二十九日。邦均店。夜坐口占。是日秋盡。七月初一日。曾留平壤。	애상(sympathy)	44	27%	term	
P07661	十月初一日乙丑。午憩三河縣。夕次夏店。西距北京八十里。	회고(reminiscence)	55	38%	title	
P07662	十月初二日丙寅。渡潞河。入通州。	애상(sympathy)	50	38%	term	
P07663	十月初三日丁卯。宿皇城朝陽門外。翌日戊辰。入玉河館。	유람(travel)	90	94%	title	
P07664	十月初八日壬申。詣闕。行見朝禮。光祿寺設欽賜酒飯於闕左門內。	유람(travel)	50	38%	title	
P07665	館中記事	변새(frontier)	42	27%	term	
P07666	十月十五日己卯。玉河館。夜坐對月。六月之望。在平壤練光亭。七月之望。在平壤石多山。八月之望。在小廣鹿島舟中。九月之望。在寧遠衛城內。一出王京。三變天時。月又彀矣。書以志之。	건물(structure)	68	52%	title	
P07667	玉河館。奉贈冬至使李參議善行 仲吉。參議先伯氏參判伯吉與我同榜擢第。	기증(donate)	97	94%	title	
P07668	玉河館。奉贈冬至書狀官李佐郞 慶相 汝弼。君乃石泉李承旨 廷馦 之從孫也。余與承旨公。未嘗識面。萬曆辛丑秋。承旨以冬至書狀官。來自龍灣。余以進賀書狀官。回自北京。始得相遇於遼東懷遠館。今者余與君亦未嘗識面。是歲六月。余以奏請副使。先到平壤府。宿留練光亭。君時爲騎曹郞官。以冬至書狀官。七月追至。始得相見。遂相繼乘船。九月。同渡遼海。乃於十月。又相繼入北京。同寓玉河館。前後朝天之行。與君家祖孫。邂逅團欒。是天幸也。余於辛丑年。春秋三十有一。君生於萬曆壬寅。今亦三十有一歲。抑豈非一奇事也。聊占近體詩五十六字。以爲後日之覽云。	기증(donate)	81	94%	title	
P07669	題航海朝天圖	도화(picture)	73	82%	title	
P07670	十一月初一日乙未。玉河館戲吟。時館門牢鎖。防範日嚴。人皆鬱鬱。不堪其苦。	애상(sympathy)	39	14%	term	
P07671	玉河館書感	애상(sympathy)	43	27%	term	
P07672	除夜	애상(sympathy)	21	16%	term	
P07673	癸酉元日癸巳。詣闕朝賀。	천문(astro)	19	17%	term	
P07674	正朝憶仲氏。奉示洪參贊。	회고(reminiscence)	72	82%	title, term	
P07675	正朝憶仲氏。奉示洪參贊。 附次韻	회고(reminiscence)	73	82%	title, term	
P07676	人日憶仲氏 是日。乃仲氏初度也。	회고(reminiscence)	64	52%	title	
P07677	正月十四日丙午。大雪。自到北京。一冬無雪。	유람(travel)	66	52%	title	
P07678	正月十四日丙午。大雪。自到北京。一冬無雪。 其二	유람(travel)	64	52%	title	
P07679	元夕小雪	천문(astro)	67	52%	title	
P07680	正月二十七日己未。對雪。用蘇東坡叉字韻。	천문(astro)	57	38%	title	
P07681	正月二十七日己未。對雪。用蘇東坡叉字韻。 其二	천문(astro)	61	52%	title	
P07682	正月二十七日己未。對雪。用蘇東坡叉字韻。 其三	천문(astro)	76	82%	title	
P07683	玉河館。雪中遣興。去歲冬暄。臘後始寒。及至新正。一月五雪。	천문(astro)	55	38%	title	
P07684	正月三十日壬戌。天氣暄和。	천문(astro)	27	16%	term	
P07685	二月初二日甲子。留玉河館。	애상(sympathy)	45	27%	term	
P07686	二月初三日乙丑。雪復作。	천문(astro)	63	52%	title	
P07687	二月初四日丙寅。釋悶有作。	계절(season)	56	38%	title	
P07688	二月初五日丁卯。詣闕領賞。是日。孔提督乃於闕內禮部朝堂門下。捧出欽賜織金紵絲衣綵段折鈔絹等物點給使臣書狀一行員役。各有差。	건물(structure)	60	52%	title	
P07689	二月初六日戊辰。留玉河館。遣懷率題。	도화(picture)	54	38%	title	
P07690	譯官趙宗益。買得梅竹小雀畫絹一幅。乃名筆也。乞題其上。聊賦兩絶。	도화(picture)	71	82%	title	
P07691	譯官趙宗益。買得梅竹小雀畫絹一幅。乃名筆也。乞題其上。聊賦兩絶。 其二	도화(picture)	72	82%	title	
P07692	二月十五日丁丑。朝詣皇極門。領誥命。十六日戊寅。晨詣會極門。領勅書。	계절(season)	56	38%	title	
P07693	二十四日丙戌。晨詣闕辭朝。午進禮部辭堂。	건물(structure)	67	52%	title	
P07694	留辭禮部孔主事	한적(tranquility)	47	27%	term	
P07695	二月二十六日戊子。出皇城崇文門。用辭朝韻。	계절(season)	59	38%	title, term	
P07696	崇文門外。馬上口占。用觀生孔主事贈別詩韻。	송별(farewell)	88	94%	title	차운(제목 donate 무시)
P07697	崇文門外。馬上口占。用觀生孔主事贈別詩韻。 附原韻	송별(farewell)	82	94%	title, term	차운(제목 donate 무시)
P07698	二月二十七日己丑。次通州。去歲十月初四日戊辰。到玉河館。今二月二十六日戊子。竣事而行。在館中一百四十日。	유람(travel)	73	82%	title	
P07699	二月二十八日庚寅。朝微雨。發通州。渡潞河。過夏店。夕次三河縣。	유람(travel)	89	94%	title	
P07700	二十九日辛卯。朝發三河縣。渡草河。午憩邦均店。過薊州。次別山店。	유람(travel)	62	52%	title	
P07701	別山店。夜起聞雁。是夕夢還王京。	송별(farewell)	95	94%	title	
P07702	三月初一日壬辰。朝發別山店。過彩亭橋。午憩玉田縣。夕次高麗鋪。去歲九月晦。曉發玉田。午憩別山。夕次邦均店。故篇內云。	송별(farewell)	63	52%	title, term	
P07703	高麗鋪口號	유람(travel)	23	16%	term	
P07704	三月初二日癸巳。朝發高麗鋪。過豐潤縣。午憩榛子店。夕次野鷄坨。	유람(travel)	94	94%	title	
P07705	三月初三日甲午。朝發野鷄坨。過大小灤河。午憩永平府。過蘆峯口。夕次撫寧縣。有懷家鄕脩禊故事。馬上口號。	유람(travel)	83	94%	title	
P07706	三月三日。永平道中作。	애상(sympathy)	46	27%	term	
P07707	留贈明宇蕭知縣	기증(donate)	97	94%	title	
P07708	三月初四日乙未。朝發撫寧縣。過楡關店。午憩深河驛。過范家店。夕次山海關。是日天陰。路中述懷。	유람(travel)	85	94%	title	
P07709	山海關。書示穆獻九，趙德溥兩生。	산악(mountain)	54	38%	title	
P07710	三月初五日丙申。留山海關西店。穆獻九，趙德溥兩秀才。各携酒饌。雨中見問。	애상(sympathy)	42	27%	term	
P07711	三月初七日	변새(frontier)	55	38%	term	
P07712	山海關。逢汪處士君選。以手寫山水圖一幅見贈。題其上。	기증(donate)	97	94%	title	
P07713	山海關。逢傅經歷玄又。以詩，畫，金扇，湖州兔毫，徽州煙墨等物五種見貺。	강해(water)	53	38%	title	
P07714	山海關。贈傅秀才嘉謨。	기증(donate)	97	94%	title	
P07715	山海關。留贈張逸人承之。	기증(donate)	97	94%	title	
P07716	奉謝汪君選復以山水圖見惠	산악(mountain)	53	38%	title	
P07717	題汪君選見惠畫扇	도화(picture)	77	82%	title	
P07718	題汪君選見惠畫扇 其二	도화(picture)	79	82%	title	
P07719	題汪君選山水圖四幅	도화(picture)	66	52%	title	
P07720	題汪君選山水圖四幅 其二	도화(picture)	61	52%	title	
P07721	題汪君選山水圖四幅 其三	도화(picture)	64	52%	title	
P07722	題汪君選山水圖四幅 其四	도화(picture)	68	52%	title	
P07723	三月十五日丙午。留山海關。	산악(mountain)	56	38%	title	
P07724	山海館。書贈傅經歷玄又，張逸人承之，汪處士君選三君。皆吳人也。	기증(donate)	97	94%	title	
P07725	留贈左王穆獻九，瀚海趙德溥兩生。	기증(donate)	97	94%	title	
P07726	三月二十二日癸丑。朝出山海關。過高嶺驛。午憩中前所。夕宿前屯衛。時聞奴賊大陣。雖已退歸。突騎竊發。搶掠頗頻。故買轎雇騾。倍道馳行。	유람(travel)	88	94%	title, term	
P07727	留別穆獻九，趙德溥。時兩君出餞余行於山海關外十里許地。	송별(farewell)	87	94%	title, term	
P07728	三月二十三日甲寅。朝發前屯衛。過狗兒河。午憩中後所。夕宿沙河所城內。	유람(travel)	97	94%	title	
P07729	沙河所。書贈主人曹指揮仰山。	기증(donate)	97	94%	title	
P07730	題龍宮寺	불교(buddhism)	54	38%	title, term	
P07731	三月三十日辛酉。登舟待風。移泊覺華島。島上人居有一百餘戶。	강해(water)	58	38%	title, term	
P07732	四月初三日甲子。朝發覺華島。夕渡大洋。夜過南汛口。翌日乙丑。午次鐵山觜。	유람(travel)	94	94%	title	
P07733	舟中記懷	강해(water)	61	52%	title	
P07734	舟中記懷 其二	강해(water)	60	52%	title	
P07735	舟中記懷 其三	강해(water)	61	52%	title	
P07736	舟中記懷 其四	강해(water)	62	52%	title, term	
P07737	舟中記懷 其五	강해(water)	62	52%	title	
P07738	舟中記懷 其六	강해(water)	63	52%	title, term	
P07739	舟中記懷 其七	강해(water)	61	52%	title	
P07740	四月十二日癸酉。次甑山縣。	산악(mountain)	55	38%	title	
P07741	甑山東軒。復用板上韻。	산악(mountain)	50	38%	title	
P07742	午憩平山玉溜泉作	산악(mountain)	55	38%	title	
P07743	附孔提督酬唱錄 敬呈孔提督	기증(donate)	97	94%	title	
P07744	附孔提督酬唱錄 敬呈孔提督 其二	기증(donate)	97	94%	title	
P07745	附孔提督酬唱錄 附次韻	애상(sympathy)	25	16%	term	
P07746	附孔提督酬唱錄 敬次孔提督扇上韻	애상(sympathy)	20	16%	term	
P07747	附孔提督酬唱錄 敬次孔提督扇上韻 其二	천문(astro)	26	16%	term	
P07748	附孔提督酬唱錄 附元韻	산악(mountain)	58	38%	term	
P07749	附孔提督酬唱錄 謹謝孔提督再惠詩箑。用贈月峯，無住兩君韻。	회고(reminiscence)	36	14%	term	차운(제목 donate 무시)
P07750	附孔提督酬唱錄 謹謝孔提督再惠詩箑。用贈月峯，無住兩君韻。 其二	인물(person)	41	27%	term	차운(제목 donate 무시)
P07751	附孔提督酬唱錄 敬呈孔提督	기증(donate)	97	94%	title	
P07752	附孔提督酬唱錄 附次韻	유람(travel)	52	38%	term	
P07753	附孔提督酬唱錄 敬次孔提督韻	회고(reminiscence)	36	14%	term	
P07754	附孔提督酬唱錄 敬次孔提督韻 其二	천문(astro)	23	16%	term	
P07755	附孔提督酬唱錄 附元韻	천문(astro)	32	14%	term	
P07756	附孔提督酬唱錄 附元韻 其二	계절(season)	42	27%	term	
P07757	附孔提督酬唱錄 上衍聖公 名胤植。號對寰。萬曆壬辰十一月十四日生。乃孔子六十五代孫也。時自曲阜闕里。來預正朝賀禮。	유람(travel)	68	52%	title	
P07758	附孔提督酬唱錄 附次韻	회고(reminiscence)	43	27%	term	
P07759	崇禎七年春正月十八日乙巳。除授公淸道監司。二十日丁未。發沔浦。宿崇學寺。翌日。渡大津。舟中口占。是夕。次水原設倉。	유람(travel)	82	94%	title	
P07760	二月十三日庚午。詣闕拜辭。乃於延煕門內。命中使饋酒。賜以臘藥五種，胡椒五升。仍造承政院。祗捧敎諭書。行出都門而作。	계절(season)	62	52%	title, term	
P07761	二月十六日癸酉。曉發陽城。午到稷山。題東軒壁上。	유람(travel)	85	94%	title	
P07762	奉簡兵曹尹參判 毅立 止中	기증(donate)	56	38%	title	
P07763	天安館。用板上元朝浙東人季明叔詩韻。	회고(reminiscence)	49	27%	term	
P07764	德坪金察訪曄家草堂。用壁上韻。	건물(structure)	67	52%	title	
P07765	二月十九日丙子。入公州。	계절(season)	61	52%	title	
P07766	題戒元上人詩軸。再用舊韻。	도화(picture)	61	52%	title	
P07767	德山東軒。用壁上韻。	산악(mountain)	53	38%	title	
P07768	二月二十一日戊寅。次沔川郡。題東軒壁上。	도화(picture)	61	52%	title	
P07769	唐津東軒。用板上韻。	건물(structure)	56	38%	title	
P07770	瑞山東軒。用板上韻。	산악(mountain)	50	38%	title	
P07771	泰安東軒。用板上韻。	애상(sympathy)	43	27%	term	
P07772	海美兵營。用板上四佳徐相國韻。	인물(person)	48	27%	term	
P07773	題洪州東軒	도화(picture)	61	52%	title	
P07774	三月三日。洪州公館。奉贈吏曹具正郞 鳳瑞 景輝。兼示參議姪汝固。	기증(donate)	97	94%	title	
P07775	禮山東軒。用板上曺梅溪韻。	산악(mountain)	54	38%	title	
P07776	題溫陽東軒	도화(picture)	61	52%	title	
P07777	題木川東軒	도화(picture)	61	52%	title	
P07778	鎭川東軒。用板上韻。乃李三灘韻	변새(frontier)	51	38%	title	
P07779	鎭川東軒。用板上韻。乃李三灘韻 其二	계절(season)	49	27%	term	
P07780	題陰城東軒	건물(structure)	53	38%	title	
P07781	奉簡丁兵使 好恕 士推	기증(donate)	53	38%	title	
P07782	題忠原東軒	도화(picture)	61	52%	title	
P07783	題忠原東軒 其二	도화(picture)	58	38%	title	
P07784	三月二十二日戊申。朝發忠原。夕次堤川。戲題東軒壁上。自忠至堤。中有二大嶺。	유람(travel)	84	94%	title	
P07785	永春東軒次板上韻	건물(structure)	70	82%	title	
P07786	永春東軒次板上韻 其二	건물(structure)	58	38%	title	
P07787	永春東軒次板上韻 其三	불교(buddhism)	41	27%	term	
P07788	三月二十四日庚戌。雨中發永春。乘舟而行。宿丹陽島潭。翌日雨晴。朝又上船沿流而下。夕次淸風黃江驛。	유람(travel)	87	94%	title	
P07789	題島潭洪掌令  景澤小築。景澤時爲平山縣監。	도화(picture)	61	52%	title	
P07790	花灘舟中	강해(water)	61	52%	title	
P07791	過淸風寒碧樓下	유람(travel)	73	82%	title	
P07792	淸風黃江驛。奉寄刑曹洪判書 靌 汝時。	기증(donate)	92	94%	title	
P07793	槐山道中。奉簡洪右尹 霙 澤芳。兼示洪說書 柱一。	유람(travel)	62	52%	title	
P07794	題槐山縣館	도화(picture)	53	38%	title	
P07795	題淸安縣館	도화(picture)	57	38%	title	
P07796	題淸州東軒	도화(picture)	61	52%	title	
P07797	淸州館。用壁上韻。	산악(mountain)	25	16%	term	
P07798	燕岐東軒。用板上故四佳徐相國韻。	유람(travel)	45	27%	term	
P07799	稷山道中。用前韻。寄酬參議姪汝固見問之作。	애상(sympathy)	42	27%	term	차운(제목 donate 무시)
P07800	稷山道中。用前韻。寄酬參議姪汝固見問之作。 其二	유람(travel)	53	38%	title	차운(제목 donate 무시)
P07801	稷山道中。用前韻。寄酬參議姪汝固見問之作。 附元韻	유람(travel)	53	38%	title	차운(제목 donate 무시)
P07802	稷山道中。用前韻。寄酬參議姪汝固見問之作。 附元韻 其二	유람(travel)	53	38%	title	차운(제목 donate 무시)
P07803	公州道中。奉簡李參議 明漢 天章，李承旨 昭漢道章。	유람(travel)	60	52%	title	
P07804	公州道中。奉簡李參議 明漢 天章，李承旨 昭漢道章。 其二	애상(sympathy)	47	27%	term	
P07805	奉簡東陽尉	기증(donate)	59	38%	title	
P07806	奉簡永安尉	기증(donate)	60	52%	title	
P07807	寄謝漢江送行諸公	송별(farewell)	63	52%	title	
P07808	奉次開城鄭留守 斗源 遭臺評後述懷見寄之韻	기증(donate)	87	94%	title	
P07809	奉簡全州尹德耀大尹	애상(sympathy)	40	27%	term	
P07810	四月初四日。發公州。宿廣程倉。翌日次天安。	유람(travel)	97	94%	title, term	
P07811	奉酬淸陰金都憲叔度。用余韻見寄。絶句三首。	기증(donate)	97	94%	title	차운(제목 donate 무시)
P07812	奉酬淸陰金都憲叔度。用余韻見寄。絶句三首。 其二	유람(travel)	17	17%	term	차운(제목 donate 무시)
P07813	奉酬淸陰金都憲叔度。用余韻見寄。絶句三首。 其三	회고(reminiscence)	36	14%	term	차운(제목 donate 무시)
P07814	疊用前韻。奉寄淸陰金都憲。四首。	기증(donate)	97	94%	title	차운(제목 donate 무시)
P07815	疊用前韻。奉寄淸陰金都憲。四首。 其二	애상(sympathy)	20	16%	term	차운(제목 donate 무시)
P07816	疊用前韻。奉寄淸陰金都憲。四首。 其三	변새(frontier)	41	27%	term	차운(제목 donate 무시)
P07817	疊用前韻。奉寄淸陰金都憲。四首。 其四	유람(travel)	41	27%	term	차운(제목 donate 무시)
P07818	奉簡金淸陰。復用前韻。三首。	식물(plant)	36	14%	term	차운(제목 donate 무시)
P07819	奉簡金淸陰。復用前韻。三首。 其二	송별(farewell)	37	14%	term	차운(제목 donate 무시)
P07820	奉簡金淸陰。復用前韻。三首。 其三	유람(travel)	40	27%	term	
P07821	奉酬李承旨道章。用余韻見寄。絶句二首。	유람(travel)	19	17%	term	차운(제목 donate 무시)
P07822	奉酬李承旨道章。用余韻見寄。絶句二首。 其二	애상(sympathy)	47	27%	term	차운(제목 donate 무시)
P07823	題全義縣館	도화(picture)	88	94%	title	
P07824	全義東軒。有懷故宋明宰遠甫。	회고(reminiscence)	55	38%	title	
P07825	再從姪樴。自古阜來。見余公州營舍。於其歸。書以贈之。	기증(donate)	97	94%	title	
P07826	再從姪樴。自古阜來。見余公州營舍。於其歸。書以贈之。 其二	기증(donate)	97	94%	title	
P07827	端午	유람(travel)	15	17%	term	
P07828	學暹上人。自鷄龍山至。留宿公營。書以示之。	유람(travel)	93	94%	title	
P07829	戲贈學暹瑞巖兩上人 暹生庚午。巖生壬申。	기증(donate)	97	94%	title	
P07830	戲贈學暹瑞巖兩上人 暹生庚午。巖生壬申。 其二	기증(donate)	97	94%	title	
P07831	贈瑞巖上人	기증(donate)	97	94%	title	
P07832	鷄龍山人瑞巖長老。書致川椒，石筍等物。率題以謝。	도화(picture)	59	38%	title	
P07833	寄贈瑞巖上人。用軸中疏菴任茂叔韻。	불교(buddhism)	53	38%	title	차운(제목 donate 무시)
P07834	題營廳壁上	한적(tranquility)	43	27%	term	
P07835	贈思胤上人	기증(donate)	97	94%	title	
P07836	六月十五日己巳。復到稷山。	유람(travel)	68	52%	title	
P07837	六月二十五日己卯。留稷山。	산악(mountain)	73	82%	title	
P07838	久留稷山。夏日苦熱。贈性默上人。	기증(donate)	97	94%	title	
P07839	稷山東軒。雨中頗涼冷。	천문(astro)	56	38%	title	
P07840	七月初一日。稷山東軒作。	산악(mountain)	53	38%	title	
P07841	天安郡館。次徐評事挺然 秀夫見贈韻。	애상(sympathy)	45	27%	term	차운(제목 donate 무시)
P07842	天安郡館。喜浩然沙彌從其師性默至。	애상(sympathy)	42	27%	term	
P07843	天安館偶書	천문(astro)	21	16%	term	
P07844	寄贈學暹，瑞巖兩禪師。	기증(donate)	97	94%	title	
P07845	七月二十二日	불교(buddhism)	43	27%	term	
P07846	七月二十二日 附次韻	기타(others)	44	27%	term	
P07847	李監司立之挽詞 名春元。號九畹居士。	애상(sympathy)	95	94%	title, term	
P07848	南漢山人道俊。以東陽尉樂全居士，張判書谿谷大學士所贈六言絶句。來示索和。輒次其韻。書諸卷末。	산악(mountain)	50	38%	title	차운(제목 donate 무시)
P07849	南漢山人道俊。以東陽尉樂全居士，張判書谿谷大學士所贈六言絶句。來示索和。輒次其韻。書諸卷末。 其二	불교(buddhism)	56	38%	title, term	차운(제목 donate 무시)
P07850	定山縣館。用壁上韻。	산악(mountain)	53	38%	title	
P07851	題靑陽縣館	도화(picture)	81	94%	title	
P07852	德山縣館。用板上韻。	산악(mountain)	69	52%	title	
P07853	奉簡趙大諫仁甫。時坐言事。被黜門外。	애상(sympathy)	40	27%	term	
P07854	題保寧水營永保亭	건물(structure)	77	82%	title	
P07855	永保亭。奉次水使宋公 英望 暮雲韻。	건물(structure)	81	94%	title	
P07856	永保亭。奉次水使宋公 英望 暮雲韻。 其二	건물(structure)	83	94%	title	
P07857	結城東軒。用板上雙梅堂韻。	건물(structure)	72	82%	title	
P07858	藍浦東軒。用李陽城 承召 韻。	건물(structure)	68	52%	title	
P07859	庇仁縣	애상(sympathy)	27	16%	term	
P07860	題舒川東軒壁上。副提學李公 楘 文伯。時爲郡守。	도화(picture)	60	52%	title	
P07861	韓山郡	산악(mountain)	53	38%	title	
P07862	林川郡	계절(season)	16	17%	term	
P07863	鴻山縣內兄洪公希立。曾宰是縣。	산악(mountain)	56	38%	title	
P07864	扶餘縣	애상(sympathy)	40	27%	term	
P07865	石城縣	건물(structure)	70	82%	title	
P07866	戲題石城東軒壁上	건물(structure)	53	38%	title	
P07867	尼山縣	산악(mountain)	70	82%	title	
P07868	連山縣	산악(mountain)	60	52%	title	
P07869	鎭岑縣	변새(frontier)	56	38%	title	
P07870	懷德縣	회고(reminiscence)	55	38%	title	
P07871	沃川縣	회고(reminiscence)	45	27%	term	
P07872	永同東軒。謹用板上五峯李相公韻。	한적(tranquility)	41	27%	term	
P07873	黃澗縣	도교(taoism)	37	14%	term	
P07874	靑山縣	산악(mountain)	53	38%	title	
P07875	報恩縣	불교(buddhism)	49	27%	term	
P07876	宿俗離山法住寺。贈善敬上人。	기증(donate)	88	94%	title	
P07877	槐山縣	산악(mountain)	73	82%	title	
P07878	淸風郡	천문(astro)	61	52%	title	
P07879	丹陽鳳棲亭。謹用板上五峯李相公韻。	건물(structure)	90	94%	title	
P07880	發丹陽。宿淸風。下忠原。舟中卽事。	유람(travel)	81	94%	title	
P07881	戲答靈光李明宰明叔秋日寄扇之書。	기증(donate)	94	94%	title	
P07882	行到忠原。奉寄丁兵使士推。	기증(donate)	80	94%	title	
P07883	奉次竹陰趙參判怡叔見寄韻	변새(frontier)	39	14%	term	차운(제목 donate 무시)
P07884	奉次竹陰趙參判怡叔見寄韻 其二	산악(mountain)	17	17%	term	차운(제목 donate 무시)
P07885	奉柬趙竹陰。復用前韻。	송별(farewell)	23	16%	term	
P07886	奉柬李靈光 烓 明叔 君時以考下。罷官還京。余方出巡內浦。君已行過公山。故不得相見。	유람(travel)	80	94%	title	
P07887	贈自隱上人	기증(donate)	97	94%	title	
P07888	奉次金堤郡守鄭子容述懷見示之韻。寄題披襟閣。君於郡治後。新構一屋子。以披襟扁之云。	기증(donate)	87	94%	title	
P07889	醉贈刑曹南判書敵萬	기증(donate)	97	94%	title	
P07890	禮山東軒作	산악(mountain)	53	38%	title	
P07891	新昌東軒。用板上韻。	유람(travel)	40	27%	term	
P07892	平澤東軒作 是日重九	계절(season)	52	38%	title	
P07893	九月九日。題牙山東軒。	도화(picture)	56	38%	title	
P07894	九月九日。題牙山東軒。 其二	도화(picture)	54	38%	title	
P07895	德山東軒。用板上韻。	산악(mountain)	52	38%	title	
P07896	大興東軒。用板上故觀察使安公 琛 韻。	애상(sympathy)	46	27%	term	
P07897	奉柬金副提學 光炫 晦汝，李校理 尙質 子文，尹修撰 鳴殷 而遠，李修撰 時楷 子範謫居。	변새(frontier)	24	16%	term	
P07898	奉柬長洲尹參判靜春	애상(sympathy)	45	27%	term	
P07899	延陵府院君挽詞	애상(sympathy)	94	94%	title	
P07900	延陵府院君挽詞 其二	애상(sympathy)	97	94%	title	
P07901	延陵府院君挽詞 其三	애상(sympathy)	97	94%	title	
P07902	李同知 惟侃 挽詞	애상(sympathy)	97	94%	title	
P07903	九月三十日	애상(sympathy)	40	27%	term	
P07904	奉柬吏曹具正郞景輝。用前韻。君於夏月。新預湖堂之選。	강해(water)	54	38%	title	
P07905	奉次量田使滄浪李子章見贈韻	강해(water)	51	38%	term	차운(제목 donate 무시)
P07906	奉次量田使滄浪李子章見贈韻 其二	변새(frontier)	39	14%	term	차운(제목 donate 무시)
P07907	小酌席上。奉次李子章韻。	불교(buddhism)	45	27%	term	
P07908	至日口占	송별(farewell)	38	14%	term	
P07909	冬至。再用前韻。	애상(sympathy)	44	27%	term	
P07910	次成歡察訪李 暭 暭如韻	천문(astro)	25	16%	term	
P07911	戲贈明照上人。兼示瑞巖長老。照。乃巖之弟也。年今十六。貌如女子。時隨其師。住在鷄龍山。	기증(donate)	97	94%	title	
P07912	奉柬鶴谷洪判書	송별(farewell)	39	14%	term	
P07913	奉柬鶴谷洪判書 附次韻	동물(animal)	70	82%	title	
P07914	次韻。奉謝鄭評事 斗卿 君平寄示北關紀行述懷等作七言近體三十首。	유람(travel)	55	38%	title	차운(제목 donate 무시)
P07915	次韻。奉謝鄭評事 斗卿 君平寄示北關紀行述懷等作七言近體三十首。 其二	유람(travel)	56	38%	title, term	차운(제목 donate 무시)
P07916	疊用前韻。奉酬長洲尹參判靜春。	애상(sympathy)	38	14%	term	
P07917	甲戌十一月二十四日丙子作 時沔川郡。有金姓人綱常之獄。先生定推官嚴究。將按法不饒。其子上言搆誣。先生卽抗章乞免。上答曰。省卿上疏。具悉卿意。仁範誣罔之狀。予已洞燭。卿宜安心。勿爲控辭。因下諭。仁範。卽罪人之子也。	유람(travel)	66	52%	title	
P07918	奉謝大宗伯洪鶴谷辱和見寄。用前韻。	동물(animal)	70	82%	title	차운(제목 donate 무시)
P07919	公州營舍。夜酌席上。奉贈量田使李子章。	기증(donate)	97	94%	title	
P07920	奉贈鷗洲李判官汝涵庚兄	기증(donate)	97	94%	title	
P07921	奉次李汝涵判官見贈之韻	애상(sympathy)	42	27%	term	차운(제목 donate 무시)
P07922	歲暮述懷	애상(sympathy)	61	52%	title	
P07923	題文義縣東軒	애상(sympathy)	41	27%	term	
P07924	贈寶明上人	기증(donate)	97	94%	title	
P07925	除夜	한적(tranquility)	38	14%	term	
P07926	乙亥元日	애상(sympathy)	25	16%	term	
P07927	乙亥元日 其二	유람(travel)	43	27%	term	
P07928	元日讌集。席上戲題。	도화(picture)	61	52%	title	
P07929	元日。奉寄量田使李子章。	기증(donate)	94	94%	title	
P07930	乙亥四月十五日甲午。見邸報作。	천문(astro)	17	17%	term	
P07931	四月二十一日庚子。發公州。還京城。	유람(travel)	90	94%	title	
P07932	成歡驛館。用壁上韻。留贈李察訪暭如。	회고(reminiscence)	39	14%	term	차운(제목 donate 무시)
P07933	成歡驛館。用壁上韻。留贈李察訪暭如。 其二	애상(sympathy)	40	27%	term	차운(제목 donate 무시)
P07934	四月二十四日癸卯。漢江舟中口號。	강해(water)	66	52%	title	
P07935	章聖懿仁王后挽詞 二首○以下庚子	애상(sympathy)	97	94%	title, term	
P07936	章聖懿仁王后挽詞 二首○以下庚子 其二	애상(sympathy)	97	94%	title	
P07937	書皇朝李提督 承勛 詩帖 公將水陸兵。柬征倭賊。聞母喪。不得歸葬。割其股肉。以表誠孝。及賊退西歸。仍請於我國。詠歌其事。上命簡一時文士。製詩以贈。名其詩卷曰忠孝雙全帖。	기증(donate)	97	94%	title	
P07938	書皇朝李提督 承勛 詩帖 公將水陸兵。柬征倭賊。聞母喪。不得歸葬。割其股肉。以表誠孝。及賊退西歸。仍請於我國。詠歌其事。上命簡一時文士。製詩以贈。名其詩卷曰忠孝雙全帖。 其二	기증(donate)	97	94%	title	
P07939	次韻李尙書宅作	한적(tranquility)	36	14%	term	
P07940	次韻李尙書宅作 其二	애상(sympathy)	57	38%	term	
P07941	次韻李尙書宅作 其三	애상(sympathy)	54	38%	term	
P07942	次權汝章病臥江都。初秋見寄之韻。	기증(donate)	87	94%	title	
P07943	次權汝章病臥江都。初秋見寄之韻。 附元韻	기증(donate)	83	94%	title	
P07944	簡林同年 𢢜 子愼	기증(donate)	55	38%	title	
P07945	金郊梁察訪 慶遇 子漸僑居夜酌。以勝茶湯分韻。得湯字口占。用記卽席之話。	애상(sympathy)	39	14%	term	
P07946	除日。答金化縣宰具大受書。	애상(sympathy)	55	38%	term	
P07947	除夕。次梁子漸察訪韻。	애상(sympathy)	46	27%	term	
P07948	除夕。次梁子漸察訪韻。 其二	회고(reminiscence)	46	27%	term	
P07949	贈聖崙上人	기증(donate)	97	94%	title	
P07950	閑味	애상(sympathy)	50	38%	term	
P07951	哭李司果族叔 司果名玹。字君獻。吾門中潛夫也。故慶尙道水使諱菀之孫。於栗谷先生爲再從。於先君爲三從弟。天性夷坦。閑靖寡慾。平生未嘗干人。惟好飮酒。簞瓢屢罄。常晏如也。粟谷先生甚愛重之。	애상(sympathy)	79	82%	term	
P07952	金剛山天德寺僧釋珠。持具大受書來。請題詩卷。大受篇什。多在其中。率爾書贈。仍使還示。以下辛丑	기증(donate)	86	94%	title	
P07953	用卷中韻。贈釋珠上人。	불교(buddhism)	55	38%	title, term	차운(제목 donate 무시)
P07954	同權汝章。題白石江李主簿茅亭。主簿名用濟。李同知用淳令公庶弟。卜居江上。起一小亭。春月置酒。邀余輩飮。因索題詩。走筆書贈。	기증(donate)	89	94%	title	
P07955	同權汝章。題白石江李主簿茅亭。主簿名用濟。李同知用淳令公庶弟。卜居江上。起一小亭。春月置酒。邀余輩飮。因索題詩。走筆書贈。 其二	기증(donate)	89	94%	title	
P07956	同權汝章。題白石江李主簿茅亭。主簿名用濟。李同知用淳令公庶弟。卜居江上。起一小亭。春月置酒。邀余輩飮。因索題詩。走筆書贈。 其三	기증(donate)	89	94%	title	
P07957	三月三日。簡汝章。兼示趙持世，林子愼兩君。是日寒食。	계절(season)	60	52%	title, term	
P07958	哭沔川李孝移使君	애상(sympathy)	54	38%	term	
P07959	哭大受。次汝章韻。	애상(sympathy)	55	38%	term	
P07960	哭大受。次汝章韻。 附原韻	애상(sympathy)	49	27%	term	
P07961	沔川李孝移使君挽詞	애상(sympathy)	97	94%	title, term	
P07962	具大受挽詞 四首	애상(sympathy)	97	94%	title, term	
P07963	具大受挽詞 四首 其二	애상(sympathy)	92	94%	title, term	
P07964	具大受挽詞 四首 其三	애상(sympathy)	97	94%	title, term	
P07965	具大受挽詞 四首 其四	애상(sympathy)	94	94%	title	
P07966	乘醉走筆。送梁子漸察訪歸覲南原。	송별(farewell)	79	82%	title, term	
P07967	醉後走筆。贈別林子愼著作之羅州。	송별(farewell)	74	82%	title	제목보정
P07968	監試覆試試院。書示同席許，金兩郞中。	한적(tranquility)	42	27%	term	
P07969	奉次五峯李尙書垂問見招之韻	인물(person)	45	27%	term	
P07970	奉次五峯李尙書垂問見招之韻 附原韻	송별(farewell)	26	16%	term	
P07971	短歌行。贈別淸陰金叔度 尙憲 學士以高山察訪赴任。以下壬寅	송별(farewell)	73	82%	title, term	제목보정
P07972	閑居寫懷。奉呈五峯大學士。	기증(donate)	90	94%	title	
P07973	送兵曹朴正郞 燁 叔夜以千秋使書狀官赴燕京	송별(farewell)	87	94%	title, term	
P07974	送大同李 綏祿 綏之察訪	송별(farewell)	91	94%	title, term	
P07975	送公州李 壽俊 牧使赴任	송별(farewell)	96	94%	title	
P07976	送公州李 壽俊 牧使赴任 其二	송별(farewell)	91	94%	title, term	
P07977	送平安都事尹美中 絅 兄 十韻	송별(farewell)	86	94%	title, term	
P07978	題麻浦金 應翼 進士亭子。次壁上韻。	건물(structure)	79	82%	title	
P07979	尹判官 民逸 祖母南氏挽詞	애상(sympathy)	97	94%	title	
P07980	送靈煕上人還香山。次軸上韻。	송별(farewell)	92	94%	title	
P07981	送靈煕上人還香山。次軸上韻。 其二	송별(farewell)	91	94%	title	
P07982	寄贈龍岡縣令李巨容 沖 之行	기증(donate)	97	94%	title	악부/제영(확신↓)
P07983	寄贈龍岡縣令李巨容 沖 之行 其二	기증(donate)	97	94%	title	
P07984	舟師覆試試官契會圖	도화(picture)	64	52%	title	
P07985	奉別江原道朴 東亮 監司。二首。時公才遞畿伯。旋按關東。	송별(farewell)	97	94%	title	
P07986	奉別江原道朴 東亮 監司。二首。時公才遞畿伯。旋按關東。 其二	송별(farewell)	97	94%	title, term	
P07987	送禮曹林佐郞子愼以從事官赴統制使幕下。翌日。余亦赴端川。以下癸卯	송별(farewell)	81	94%	title, term	
P07988	送禮曹林佐郞子愼以從事官赴統制使幕下。翌日。余亦赴端川。以下癸卯 其二	송별(farewell)	96	94%	title, term	
P07989	送禮曹林佐郞子愼以從事官赴統制使幕下。翌日。余亦赴端川。以下癸卯 其三	송별(farewell)	97	94%	title, term	
P07990	送洪輝世 瑞鳳 之任星州。二首。時余新自端州還京	송별(farewell)	85	94%	title, term	
P07991	送洪輝世 瑞鳳 之任星州。二首。時余新自端州還京 其二	송별(farewell)	86	94%	title	
P07992	送金冠玉 瑬 赴全州判官。四首。	송별(farewell)	86	94%	title	
P07993	送金冠玉 瑬 赴全州判官。四首。 其二	송별(farewell)	94	94%	title	
P07994	送金冠玉 瑬 赴全州判官。四首。 其三	송별(farewell)	92	94%	title, term	
P07995	送金冠玉 瑬 赴全州判官。四首。 其四	송별(farewell)	97	94%	title	
P07996	題東谷新齋壁上 以下丙午	도화(picture)	59	38%	title	
P07997	東谷新齋。歲暮述懷。	애상(sympathy)	68	52%	title, term	
P07998	五峯相公宅卽席次韻。	회고(reminiscence)	36	14%	term	
P07999	還東谷新莊。復用前韻。述志書事。奉呈五峯相國。六首。	불교(buddhism)	41	27%	term	차운(제목 donate 무시)
P08000	還東谷新莊。復用前韻。述志書事。奉呈五峯相國。六首。 其二	유람(travel)	20	16%	term	차운(제목 donate 무시)
P08001	還東谷新莊。復用前韻。述志書事。奉呈五峯相國。六首。 其三	산악(mountain)	15	17%	term	차운(제목 donate 무시)
P08002	還東谷新莊。復用前韻。述志書事。奉呈五峯相國。六首。 其四	송별(farewell)	29	16%	term	차운(제목 donate 무시)
P08003	還東谷新莊。復用前韻。述志書事。奉呈五峯相國。六首。 其五	불교(buddhism)	21	16%	term	차운(제목 donate 무시)
P08004	還東谷新莊。復用前韻。述志書事。奉呈五峯相國。六首。 其六	한적(tranquility)	48	27%	term	차운(제목 donate 무시)
P08005	追次前韻。寄謝淸心金使君玄成 枉過郊居。	유람(travel)	70	82%	title	차운(제목 donate 무시)
P08006	追次前韻。寄謝淸心金使君玄成 枉過郊居。 其二	유람(travel)	64	52%	title, term	차운(제목 donate 무시)
P08007	贈正行沙門	기증(donate)	97	94%	title	
P08008	贈正行沙門 其二	기증(donate)	97	94%	title	
P08009	題道淸上人詩卷。次五峯相國韻。	도화(picture)	61	52%	title	
P08010	題道淸上人詩卷。次五峯相國韻。 其二	도화(picture)	60	52%	title	
P08011	題道淸上人詩卷。次五峯相國韻。 其三	도화(picture)	56	38%	title	
P08012	送李先達 重顯 登第還端川	송별(farewell)	83	94%	title, term	
P08013	次趙持世直長歲暮述懷見示之韻	애상(sympathy)	63	52%	title, term	
P08014	復用前韻。贈持世。	애상(sympathy)	41	27%	term	차운(제목 donate 무시)
P08015	除夜	애상(sympathy)	50	38%	term	
P08016	元日以下丁未	애상(sympathy)	44	27%	term	
P08017	元日以下丁未 其二	산악(mountain)	17	17%	term	
P08018	元日獨坐。仁圓上人見訪。詩以謝之。	불교(buddhism)	58	38%	title	
P08019	元日獨坐。仁圓上人見訪。詩以謝之。 其二	불교(buddhism)	54	38%	title	
P08020	元日獨坐。仁圓上人見訪。詩以謝之。 其三	기증(donate)	50	38%	title	
P08021	山齋獨夜。喜申 淑 秀才至。	애상(sympathy)	41	27%	term	
P08022	奉謝月汀尹相國寄惠曆日	기증(donate)	97	94%	title	
P08023	奉謝月汀尹相國寄惠曆日 附次韻	한적(tranquility)	42	27%	term	차운(제목 donate 무시)
P08024	奉謝月汀尹相國寄惠曆日 附次韻 其二	한적(tranquility)	39	14%	term	차운(제목 donate 무시)
P08025	復用前韻。奉謝月汀相公。	회고(reminiscence)	36	14%	term	차운(제목 donate 무시)
P08026	復用前韻。奉謝月汀相公。 其二	애상(sympathy)	37	14%	term	차운(제목 donate 무시)
P08027	正月十三日。仲兄宅。奉陪五峯李相公，月沙李尙書，鶴谷洪學士讌席卽事。次尙書韻。要學士同賦。	기타(others)	72	82%	title	
P08028	何處元宵好。敬次朱文公和林用中用呂子晉韻。寄示石室金叔度，鶴谷洪輝世兩詞兄。要共賦。時丁未正月十五日。	애상(sympathy)	39	14%	term	차운(제목 donate 무시)
P08029	何處元宵好。敬次朱文公和林用中用呂子晉韻。寄示石室金叔度，鶴谷洪輝世兩詞兄。要共賦。時丁未正月十五日。 其二	동물(animal)	50	38%	title	차운(제목 donate 무시)
P08030	正月二十一日。宿高陽香谷草堂。夜起述興。書贈九友社居士韓別坐兄。是夕大雪夜分雪止。天宇如掃。月色甚佳。兄乃余姊夫也。屛居田里。棄絶人事。築室種樹。逍遙自樂。	기증(donate)	82	94%	title	
P08031	次權汝章韻。九友社兄草堂作。	건물(structure)	58	38%	title	
P08032	題九友社兄草堂壁上四皓圖	도화(picture)	60	52%	title	
P08033	次韻題淨土寺僧天淡詩軸	불교(buddhism)	84	94%	title, term	
P08034	淸陰金叔度，鶴谷洪輝世兩學士聯轡見過。	유람(travel)	70	82%	title	
P08035	叔度生於隆慶四年庚午。余以隆慶五年辛未生。輝世生於隆慶六年壬申。三人之齒。各差一年。促膝鼎坐。殆亦一奇事也。作爲一律以記之。	기타(others)	38	14%	term	
P08036	叔度生於隆慶四年庚午。余以隆慶五年辛未生。輝世生於隆慶六年壬申。三人之齒。各差一年。促膝鼎坐。殆亦一奇事也。作爲一律以記之。 附次韻	애상(sympathy)	51	38%	term	
P08037	叔度生於隆慶四年庚午。余以隆慶五年辛未生。輝世生於隆慶六年壬申。三人之齒。各差一年。促膝鼎坐。殆亦一奇事也。作爲一律以記之。 附次韻 其二	기타(others)	23	16%	term	
P08038	叔度生於隆慶四年庚午。余以隆慶五年辛未生。輝世生於隆慶六年壬申。三人之齒。各差一年。促膝鼎坐。殆亦一奇事也。作爲一律以記之。 附次韻 輝世	한적(tranquility)	21	16%	term	
P08039	叔度生於隆慶四年庚午。余以隆慶五年辛未生。輝世生於隆慶六年壬申。三人之齒。各差一年。促膝鼎坐。殆亦一奇事也。作爲一律以記之。 附次韻 輝世 其二	송별(farewell)	36	14%	term	
P08040	疊用聯字韻。示淸陰，鶴谷二學士。	불교(buddhism)	43	27%	term	
P08041	海峯洪樂夫 命元 學士見訪。鶴谷繼至。樂夫以萬曆元年癸酉生。吾三人年甲相差。與前詩所記無異。而余爲最長。樂夫最少。遂用三人相對齒相聯句。復成一篇。書示樂夫。	동물(animal)	63	52%	title	
P08042	海峯洪樂夫 命元 學士見訪。鶴谷繼至。樂夫以萬曆元年癸酉生。吾三人年甲相差。與前詩所記無異。而余爲最長。樂夫最少。遂用三人相對齒相聯句。復成一篇。書示樂夫。 附次韻	동물(animal)	56	38%	title	
P08043	輝世見余鬚有皬然白者。憮然太息。戲占短律。以自遣云。	유람(travel)	59	38%	title	
P08044	復用皤字。答輝世。	한적(tranquility)	38	14%	term	
P08045	二月二十四日。車五山，趙西巒，權石洲，洪鶴谷。見訪東谷新齋。	산악(mountain)	57	38%	title, term	
P08046	二月二十四日。車五山，趙西巒，權石洲，洪鶴谷。見訪東谷新齋。 其二	한적(tranquility)	49	27%	term	
P08047	二月二十四日。車五山，趙西巒，權石洲，洪鶴谷。見訪東谷新齋。 附次韻	산악(mountain)	53	38%	title	
P08048	二月二十四日。車五山，趙西巒，權石洲，洪鶴谷。見訪東谷新齋。 附次韻 其二	계절(season)	56	38%	title, term	
P08049	二月二十五日。除授兼宣傳官。呈病不仕。	기증(donate)	97	94%	title	
P08050	丁未三月初一日大雪。戲呈五山鶴谷。	기증(donate)	86	94%	title	
P08051	姨祖母黃氏挽詞 長水黃參判之季女。坡平尹府院君之外孫。故左議政林相國之冢婦。卽我先慈氏之從母也。	애상(sympathy)	97	94%	title	
P08052	寄送全羅道觀察使崔令公 瓘。二首。	송별(farewell)	64	52%	title, term	
P08053	寄送全羅道觀察使崔令公 瓘。二首。 其二	송별(farewell)	63	52%	title	
P08054	東谷書齋。春日寫懷。寄呈石室金叔度，北渚金冠玉。	기증(donate)	89	94%	title	
P08055	送正行師還金剛山 丁未三月旬有二日。行上人來自海西。告歸楓岳。道心無住。浮迹如雲。令人東望。飄飄然有出塵之意也。率爾揮翰。興在言外。	송별(farewell)	82	94%	title	
P08056	送正行師還金剛山 丁未三月旬有二日。行上人來自海西。告歸楓岳。道心無住。浮迹如雲。令人東望。飄飄然有出塵之意也。率爾揮翰。興在言外。 其二	송별(farewell)	86	94%	title, term	
P08057	送正行師還金剛山 丁未三月旬有二日。行上人來自海西。告歸楓岳。道心無住。浮迹如雲。令人東望。飄飄然有出塵之意也。率爾揮翰。興在言外。 其三	송별(farewell)	86	94%	title	
P08058	寄石洲權處士 時寓江華	기증(donate)	96	94%	title	
P08059	寄石洲權處士 時寓江華 其二	기증(donate)	85	94%	title	
P08060	次慧圓上人詩軸韻 三月十四日。遊于三角山之東麓。道峯望月庵慧圓浮屠。來候道左。爲求余一語。遂次其軸上韻而贈之。	유람(travel)	56	38%	title	차운(제목 donate 무시)
P08061	次慧圓上人詩軸韻 三月十四日。遊于三角山之東麓。道峯望月庵慧圓浮屠。來候道左。爲求余一語。遂次其軸上韻而贈之。 其二	유람(travel)	64	52%	title	차운(제목 donate 무시)
P08062	寄送沈德顯 光世 之任扶安。二首。	송별(farewell)	63	52%	title	
P08063	寄送沈德顯 光世 之任扶安。二首。 其二	송별(farewell)	64	52%	title, term	
P08064	三月十五日。夜坐書懷。寄示鶴谷洪輝世，海峯洪樂夫。樂夫。卽輝世之從姪也。	기증(donate)	87	94%	title	
P08065	寄海運趙怡叔判官 時如湖南	기증(donate)	81	94%	title	
P08066	春日山齋。獨坐無聊。出步庭隅。望見申秀才汝善來自山逕。喜以書示。	유람(travel)	54	38%	title	
P08067	次申秀才韻。題山齋壁上。	도화(picture)	56	38%	title	
P08068	次申秀才韻。題山齋壁上。 其二	도화(picture)	53	38%	title	
P08069	山齋留申秀才宿。夜月極佳。小立池上。復用前韻。	유람(travel)	82	94%	title	
P08070	山齋留申秀才宿。夜月極佳。小立池上。復用前韻。 其二	유람(travel)	82	94%	title	
P08071	山齋月夕。口占。示申秀才。	애상(sympathy)	47	27%	term	
P08072	答趙正字善述書	한적(tranquility)	38	14%	term	
P08073	答趙正字善述書 其二	한적(tranquility)	40	27%	term	
P08074	答趙正字善述書 其三	애상(sympathy)	23	16%	term	
P08075	謝仁圓頭陀餽山芥沈菜	회고(reminiscence)	42	27%	term	
P08076	謝仁圓頭陀餽山芥沈菜 其二	불교(buddhism)	39	14%	term	
P08077	奴枏入城中。賣薪得魚菜而還。	유람(travel)	50	38%	title	
P08078	山齋東庭。新鑿方池。池水淸甚。喜而有賦。	한적(tranquility)	54	38%	title, term	
P08079	哭表姪李夢得秀才	인물(person)	53	38%	title	
P08080	李夢得挽詞	애상(sympathy)	97	94%	title, term	
P08081	次韻答海峯	한적(tranquility)	49	27%	term	
P08082	次韻答海峯 附原韻	한적(tranquility)	59	38%	term	
P08083	月沙相公湖亭卽席奉次相公韻	건물(structure)	79	82%	title	
P08084	月沙相公湖亭卽席奉次相公韻 附原韻	건물(structure)	79	82%	title	
P08085	月沙相公湖亭。戲贈崔魯瞻 東望 郡守。	기증(donate)	89	94%	title	
P08086	五峯相國宅。落梅聯句。用劉潛夫韻。	변새(frontier)	44	27%	term	
P08087	復用前韻。賦得落梅。奉呈五峯相國。	염정(desire)	51	38%	title	차운(제목 donate 무시)
P08088	復用前韻。賦得落梅。奉呈五峯相國。 其二	염정(desire)	51	38%	title	차운(제목 donate 무시)
P08089	奉次五峯相公韻。題善政師詩軸。師之住與公之壽藏近。手新軸丐公詩。公乃作近體一首。筆其首。因屬余續和。余未嘗識師。師之求又未嘗及余。但公以師之所求於公者求於余。則師之意。余亦得矣。固不可不以公待師者待之。抑未知師之視余。視以何如人也。姑以師之始所以求者而求之。則庶乎其不失余之爲余也已。呵呵。	도화(picture)	67	52%	title	
P08090	奉次五峯相公韻。題善政師詩軸。師之住與公之壽藏近。手新軸丐公詩。公乃作近體一首。筆其首。因屬余續和。余未嘗識師。師之求又未嘗及余。但公以師之所求於公者求於余。則師之意。余亦得矣。固不可不以公待師者待之。抑未知師之視余。視以何如人也。姑以師之始所以求者而求之。則庶乎其不失余之爲余也已。呵呵。 其二	도화(picture)	77	82%	title	
P08091	山齋卽事。奉呈五峯，月沙兩相國。兼柬鶴谷學士。	기증(donate)	81	94%	title	
P08092	丁未四月上旬。東溪夜酌聯句。	애상(sympathy)	48	27%	term	
P08093	丁未四月上旬。東溪夜酌聯句。 其二	한적(tranquility)	38	14%	term	
P08094	奉次五峯，月沙兩詞伯韻。書貫壹師詩軸。	산악(mountain)	39	14%	term	
P08095	奉次五峯，月沙兩詞伯韻。書貫壹師詩軸。 其二	한적(tranquility)	38	14%	term	
P08096	奉次五峯，月沙兩詞伯韻。書貫壹師詩軸。 其三	불교(buddhism)	42	27%	term	
P08097	奉呈九友社韓處士兄	기증(donate)	97	94%	title	
P08098	奉呈九友社韓處士兄 其二	기증(donate)	97	94%	title	
P08099	奉呈九友社韓處士兄 其三	기증(donate)	97	94%	title	
P08100	次韻奉答南窓老先生幷寄端州刀子	기몽(dream)	19	17%	term	차운(제목 donate 무시)
P08101	次韻奉答南窓先生	인물(person)	58	38%	term	
P08102	奉簡鳴皐子任寬甫	불교(buddhism)	42	27%	term	
P08103	次鳴皐子韻	한적(tranquility)	38	14%	term	
P08104	次鳴皐子韻 其二	강해(water)	46	27%	term	
P08105	奉次五峯相公韻。題煕俊上人詩卷。	불교(buddhism)	61	52%	title, term	
P08106	奉次五峯相公韻。題煕俊上人詩卷。 其二	도화(picture)	55	38%	title	
P08107	夢故宗簿寺李僉正實之	불교(buddhism)	63	52%	title, term	
P08108	用長溪黃相國韻。送別三陟使君。	송별(farewell)	97	94%	title	
P08109	寄上長溪黃相國壽詞。二首。	기증(donate)	97	94%	title	
P08110	寄上長溪黃相國壽詞。二首。 其二	기증(donate)	97	94%	title	
P08111	寄上長溪黃相國壽詞。二首。 四月廿六。乃余初度。李正郞子敏惠壽詞二篇。不勝感愧。作此答之。	기증(donate)	97	94%	title	
P08112	山齋雨中。次申秀才韻。	애상(sympathy)	44	27%	term	
P08113	題志軒上人詩軸。次月沙相公韻。	도화(picture)	56	38%	title	
P08114	首夏山齋。雨後獨坐。追步梁子漸見寄春夜聽雨詩韻。	기증(donate)	88	94%	title	
P08115	謝申秀才汝善送生鯽。令放新池。	송별(farewell)	96	94%	title, term	
P08116	謝開城沈子順經歷 諿 寄惠楮紙煮酒	기증(donate)	91	94%	title	
P08117	寄別楸灘吳學士汝益之任安州	송별(farewell)	63	52%	title, term	
P08118	寄別楸灘吳學士汝益之任安州 其二	송별(farewell)	63	52%	title, term	
P08119	送李秀才善卿 承元 陪大令公赴燕都之行	송별(farewell)	81	94%	title	악부/제영(확신↓)
P08120	五月初六日。鶴谷見過。留宿山齋。	유람(travel)	88	94%	title	
P08121	復用前韻。答輝世見和。	천문(astro)	26	16%	term	
P08122	五月初九日。雨中。海峯見訪。同宿山齋。	유람(travel)	78	82%	title	
P08123	五月初九日。雨中。海峯見訪。同宿山齋。 其二	유람(travel)	81	94%	title, term	
P08124	順和君挽詞	애상(sympathy)	94	94%	title, term	
P08125	李監察寶命挽詞	애상(sympathy)	97	94%	title	
P08126	送淸陰金叔度學士赴開城經歷	송별(farewell)	83	94%	title	
P08127	送淸陰金叔度學士赴開城經歷 其二	송별(farewell)	89	94%	title	
P08128	送淸陰金叔度學士赴開城經歷 其三	송별(farewell)	90	94%	title, term	
P08129	題信脩上人詩軸。次月沙相公韻。	도화(picture)	61	52%	title	
P08130	次韻奉謝月沙李相公枉過	유람(travel)	77	82%	title	
P08131	次韻奉謝月沙李相公枉過 附原韻	유람(travel)	77	82%	title	
P08132	白沙尹次野令公。雨後見訪。	천문(astro)	70	82%	title	
P08133	白沙尹次野令公。雨後見訪。 附次韻	천문(astro)	63	52%	title	
P08134	疊用前韻。答白沙尹公。	천문(astro)	28	16%	term	
P08135	奉次月沙相公韻。題天敏師詩卷。	도화(picture)	57	38%	title	
P08136	題戒安長老詩軸。奉次五峯相公韻。	도화(picture)	67	52%	title	
P08137	次妙煕上人詩軸韻	불교(buddhism)	53	38%	title	
P08138	送能修師遊香山。次軸中韻。	송별(farewell)	80	94%	title	
P08139	贈天印上人。次軸上韻。	불교(buddhism)	70	82%	title	차운(제목 donate 무시)
P08140	次韻奉和月沙相公詠天默上人。卷首。李進士士浩養源氏畫蘭。	불교(buddhism)	58	38%	title, term	
P08141	送松都聖居山僧若虛遊長興天冠山。次軸上韻。	송별(farewell)	68	52%	title	
P08142	次若虛師詩卷韻	한적(tranquility)	15	17%	term	
P08143	次若虛師詩卷韻 其二	한적(tranquility)	42	27%	term	
P08144	奉謝全羅道崔監司見寄扇子。時萬曆丁未閏夏也。	기증(donate)	97	94%	title, term	
P08145	七月初一日。奉邀鶴谷，白沙，海峯諸君子。同遊臺山別墅。	송별(farewell)	80	94%	title	
P08146	七月初二日。復簡諸君子。時曉雨大作。詰朝快霽。	천문(astro)	56	38%	title	
P08147	臺山別業。書示同遊諸君。二首。	송별(farewell)	80	94%	title	
P08148	臺山別業。書示同遊諸君。二首。 其二	송별(farewell)	80	94%	title	
P08149	次信贊上人詩卷韻。師曾住妙香山。	불교(buddhism)	57	38%	title, term	
P08150	李秀才 亨胤 妻洪氏挽詞	애상(sympathy)	96	94%	title	
P08151	崔參奉 希齡 挽詞	애상(sympathy)	97	94%	title	
P08152	奉次長溪黃相國韻。贈志溫上人。	불교(buddhism)	61	52%	title	차운(제목 donate 무시)
P08153	送志溫上人還天磨山。因次軸上韻以贈。	송별(farewell)	81	94%	title	차운(제목 donate 무시)
P08154	次韻題德悟師詩軸	도화(picture)	59	38%	title	
P08155	七月十五日。戲簡川上尹靜春，白沙尹次野兩令公。西巒趙持世，鶴谷洪輝世，北渚金冠玉，海峯洪樂夫諸君子。	동물(animal)	50	38%	title	
P08156	送長興府使李 㙫 士源	송별(farewell)	97	94%	title	
P08157	兩宜堂舊墟。書示尹靜春，尹次野昆季兩令公。趙持世，邊明叔 應璧，金冠玉諸君子。	건물(structure)	65	52%	title	
P08158	兩宜堂舊墟。書示尹靜春，尹次野昆季兩令公。趙持世，邊明叔 應璧，金冠玉諸君子。 其二	건물(structure)	63	52%	title	
P08159	具監察 思諶 舅氏挽詞	애상(sympathy)	97	94%	title	
P08160	哭具 希參 秀才	회고(reminiscence)	39	14%	term	
P08161	七月十九日。除禮曹正郞。二十四日。詣闕謝恩。有感而作。	애상(sympathy)	58	38%	title, term	
P08162	奉次許經歷竹村圖詩韻	한적(tranquility)	47	27%	term	
P08163	次梁子漸韻	애상(sympathy)	23	16%	term	
P08164	題彰賜亭 以下乙卯	건물(structure)	76	82%	title	
P08165	題彰賜亭 以下乙卯 其二	건물(structure)	79	82%	title	
P08166	從外兄李水使挽詞	애상(sympathy)	97	94%	title	
P08167	從兄酒峯處士挽詞 兄名安仁。字士長。伯父諱準之長子。曾祖奉祀孫也。	애상(sympathy)	97	94%	title	
P08168	從兄酒峯處士挽詞 兄名安仁。字士長。伯父諱準之長子。曾祖奉祀孫也。 其二	애상(sympathy)	95	94%	title, term	
P08169	從叔父生員府君 諱涉 遷葬挽詞 年三十八。居憂致毀。因不起。始葬古阜雨日里。今葬砥平白鵝谷。與叔母同壙。	애상(sympathy)	96	94%	title	
P08170	從叔母河東鄭氏挽詞叔母。觀察使諱敬祖曾孫女。領議政諱麟趾玄孫女也。寡居三十六年。享年七十三歲。始窆于驪州。今改窆于砥平。	애상(sympathy)	97	94%	title	
P08171	贈德一上人	기증(donate)	97	94%	title	
P08172	送工曹趙正郞 璞 叔溫宰白川縣	송별(farewell)	97	94%	title, term	
P08173	次韻贈別白川趙明宰叔溫	송별(farewell)	83	94%	title	차운(제목 donate 무시)
P08174	送禮曹趙正郞善述赴榮川郡	송별(farewell)	92	94%	title	
P08175	送禮曹趙正郞善述赴榮川郡 其二	송별(farewell)	94	94%	title	
P08176	重贈榮川趙使君善述	기증(donate)	97	94%	title	
P08177	重贈榮川趙使君善述 其二	기증(donate)	97	94%	title	
P08178	賀鄭翰林德餘 百昌 生男	변새(frontier)	58	38%	term	
P08179	宋正郞謹甫  妻金氏挽詞	애상(sympathy)	97	94%	title	
P08180	宋正郞謹甫  妻金氏挽詞 其二	애상(sympathy)	97	94%	title	
P08181	簡石陽正	기증(donate)	56	38%	title	
P08182	漢江舟中。奉寄豐基車使君雲輅 之行。	기증(donate)	71	82%	title	
P08183	重贈印彥上人用前韻	불교(buddhism)	51	38%	title	차운(제목 donate 무시)
P08184	簡沈修撰 詻 重卿	한적(tranquility)	45	27%	term	
P08185	四月初八日。以夏享獻官。詣宣陵。翌日祭後。憩奉恩寺。自楮島乘船。還豆毛浦。臨發口號。留別性還上人。	송별(farewell)	68	52%	title, term	
P08186	李秀才楚材 妻李氏挽詞	애상(sympathy)	95	94%	title	
P08187	趙判書太夫人▣氏挽詞代人作	애상(sympathy)	97	94%	title	
P08188	端午日。祗受內賜扇各二把。書呈僚右僉令公。幷示玉堂，春坊諸學士。求和。	기증(donate)	86	94%	title	
P08189	奉和知申事李令公。疊用賜扇韻。以志端陽節繼有珍膳法酒之賜。兼呈春坊諸學士。請同賦。	산악(mountain)	17	17%	term	차운(제목 donate 무시)
P08190	送李參議 稢 仲實以千秋使赴北京	송별(farewell)	92	94%	title, term	
P08191	送平壤庶尹柳 塗 由正之任	송별(farewell)	90	94%	title	
P08192	送平壤庶尹柳 塗 由正之任 其二	송별(farewell)	97	94%	title, term	
P08193	白秀才 尙賓 妻李氏挽詞	애상(sympathy)	96	94%	title, term	
P08194	洪兵使 有義 夫人辛氏挽詞	애상(sympathy)	97	94%	title	
P08195	贈寶雲上人 師時往智異山	기증(donate)	97	94%	title	
P08196	贈寶雲上人 師時往智異山 其二	기증(donate)	97	94%	title	
P08197	贈寶雲上人 師時往智異山 其三	기증(donate)	97	94%	title	
P08198	贈坦宗上人 師住智異山。乃善修長老弟子也。	기증(donate)	97	94%	title	
P08199	贈坦宗上人 師住智異山。乃善修長老弟子也。 其二	기증(donate)	97	94%	title	
P08200	愼進士汝恢 起門 挽詞	애상(sympathy)	97	94%	title	
P08201	愼進士汝恢 起門 挽詞 其二	애상(sympathy)	97	94%	title	
P08202	奉次五峯相公題寶雲詩卷韻	도화(picture)	59	38%	title	
P08203	奉次月汀尹相公贈義敏上人韻	불교(buddhism)	54	38%	title, term	차운(제목 donate 무시)
P08204	贈義林上人。用前韻。	불교(buddhism)	69	52%	title	차운(제목 donate 무시)
P08205	贈尹秀才雲衢 致亨 石洲之甥也	기증(donate)	97	94%	title	
P08206	贈尹秀才雲衢 致亨 石洲之甥也 其二	기증(donate)	97	94%	title	
P08207	贈尹秀才雲衢 致亨 石洲之甥也 其三	기증(donate)	97	94%	title	
P08208	贈尹秀才雲衢 致亨 石洲之甥也 其四	기증(donate)	97	94%	title	
P08209	送奇文學赴安岳郡	송별(farewell)	97	94%	title	
P08210	送奇文學赴安岳郡 其二	송별(farewell)	96	94%	title	
P08211	信川洪明府 遵 師古令公。赴郡道中。送華牋求別什。書此以寄。用五峯李相公韻。	송별(farewell)	71	82%	title	
P08212	信川洪明府 遵 師古令公。赴郡道中。送華牋求別什。書此以寄。用五峯李相公韻。 其二	송별(farewell)	71	82%	title	
P08213	信川洪明府 遵 師古令公。赴郡道中。送華牋求別什。書此以寄。用五峯李相公韻。 其三	송별(farewell)	71	82%	title	
P08214	奉送許子賀 𥛚 都事之咸鏡道 君曾爲北靑判官，高山察訪。	송별(farewell)	84	94%	title	
P08215	奉送許子賀 𥛚 都事之咸鏡道 君曾爲北靑判官，高山察訪。 其二	송별(farewell)	82	94%	title	
P08216	送印彥上人遊楓岳	송별(farewell)	77	82%	title	
P08217	送印彥上人遊楓岳 其二	송별(farewell)	81	94%	title	
P08218	送印彥上人遊楓岳 其三	송별(farewell)	80	94%	title	
P08219	送印彥上人遊楓岳 其四	송별(farewell)	79	82%	title	
P08220	送印彥上人遊楓岳 其五	송별(farewell)	76	82%	title	
P08221	送印彥上人遊楓岳 其六	송별(farewell)	81	94%	title	
P08222	送印彥上人遊楓岳 其七	송별(farewell)	79	82%	title	
P08223	送印彥上人遊楓岳 其八	송별(farewell)	81	94%	title	
P08224	送印彥上人遊楓岳 其九	송별(farewell)	80	94%	title	
P08225	送印彥上人遊楓岳 其十	송별(farewell)	79	82%	title	
P08226	送印彥上人遊楓岳 其十一	송별(farewell)	80	94%	title	
P08227	送印彥上人遊楓岳 其十二	송별(farewell)	81	94%	title	
P08228	送印彥上人遊楓岳 其十三	송별(farewell)	81	94%	title	
P08229	送印彥上人遊楓岳 其十四	송별(farewell)	81	94%	title	
P08230	送文得上人還德裕山	송별(farewell)	92	94%	title	
P08231	用一松沈相國韻。贈別義林上人還德裕山九千洞。	송별(farewell)	81	94%	title	차운(제목 donate 무시)
P08232	別義林上人	송별(farewell)	95	94%	title	
P08233	壺隱金處士 堯顯 挽詞	애상(sympathy)	97	94%	title	
P08234	權正字 儆 挽詞	애상(sympathy)	97	94%	title	
P08235	權正字 儆 挽詞 其二	애상(sympathy)	97	94%	title	
P08236	庶娣姊淑夫人金氏挽詞	애상(sympathy)	97	94%	title	
P08237	許新昌 鑏 妻淑人權氏挽詞	애상(sympathy)	97	94%	title	
P08238	權佐郞 倜 挽詞	애상(sympathy)	97	94%	title	
P08239	權佐郞 倜 挽詞 其二	애상(sympathy)	97	94%	title	
P08240	權佐郞 倜 挽詞 其三	애상(sympathy)	97	94%	title, term	
P08241	李庶尹 幼淵 淵淵挽詞	애상(sympathy)	97	94%	title, term	
P08242	李庶尹 幼淵 淵淵挽詞 其二	애상(sympathy)	97	94%	title	
P08243	從叔母金氏挽詞	애상(sympathy)	97	94%	title	
P08244	送洪樂夫承旨赴光州	송별(farewell)	97	94%	title, term	
P08245	鄭翊衛叔度挽詞	애상(sympathy)	97	94%	title	
P08246	李參判 晬光 夫人金氏挽詞	애상(sympathy)	97	94%	title	
P08247	李參判 晬光 夫人金氏挽詞 其二	애상(sympathy)	97	94%	title, term	
P08248	寄題白雲亭。爲雲川金參議 涌 作。用諸公韻。	건물(structure)	71	82%	title, term	차운(제목 donate 무시)
P08249	寄題白雲亭。爲雲川金參議 涌 作。用諸公韻。 其二	건물(structure)	70	82%	title	차운(제목 donate 무시)
P08250	寄酬林典籍 檜 公直書	기증(donate)	90	94%	title	
P08251	用院吏吳禮立詠雪松韻	천문(astro)	69	52%	title	
P08252	用院吏吳禮立詠雪松韻 其二	천문(astro)	72	82%	title	
P08253	用院吏吳禮立詠雪松韻 其三	천문(astro)	71	82%	title	
P08254	用吳禮立詠雪韻	천문(astro)	81	94%	title	
P08255	用吳禮立詠雪韻 其二	천문(astro)	66	52%	title	
P08256	用吳禮立詠雪韻 其三	천문(astro)	69	52%	title	
P08257	以分院承旨。直宿慶運宮。	유람(travel)	95	94%	title	
P08258	夜坐口號	인물(person)	40	27%	term	
P08259	春帖字 以下丙辰	산악(mountain)	36	14%	term	악부/제영(확신↓)
P08260	春帖字 以下丙辰 其二	계절(season)	38	14%	term	악부/제영(확신↓)
P08261	春帖字 以下丙辰 其三	불교(buddhism)	37	14%	term	악부/제영(확신↓)
P08262	春帖字 以下丙辰 其四	동물(animal)	37	14%	term	악부/제영(확신↓)
P08263	春帖字 以下丙辰 其五	애상(sympathy)	47	27%	term	악부/제영(확신↓)
P08264	春帖字 以下丙辰 其六	한적(tranquility)	36	14%	term	악부/제영(확신↓)
P08265	春帖字 以下丙辰 其七	변새(frontier)	36	14%	term	악부/제영(확신↓)
P08266	春帖字 以下丙辰 其八	불교(buddhism)	45	27%	term	악부/제영(확신↓)
P08267	春帖字 以下丙辰 其九	계절(season)	36	14%	term	악부/제영(확신↓)
P08268	春帖字 以下丙辰 其十	계절(season)	15	17%	term	악부/제영(확신↓)
P08269	春帖字 以下丙辰 其十一	유람(travel)	15	17%	term	악부/제영(확신↓)
P08270	題慶壽宴詩卷	도화(picture)	66	52%	title	
P08271	天印上人以石洲，五山詩。來示索和。	불교(buddhism)	56	38%	title	
P08272	贈戒玉上人	기증(donate)	97	94%	title	
P08273	挽詞失題	애상(sympathy)	87	94%	title	
P08274	挽詞失題 其二	애상(sympathy)	88	94%	title	
P08275	韓修撰 仁及 妻盧氏挽詞	애상(sympathy)	97	94%	title	
P08276	次韓汝仁 敏政 枕碧臺韻	건물(structure)	58	38%	title	
P08277	次韓汝仁 敏政 枕碧臺韻 其二	건물(structure)	70	82%	title	
P08278	次韓汝仁 敏政 枕碧臺韻 其三	한적(tranquility)	42	27%	term	
P08279	贈別敬一上人還圓寂山	송별(farewell)	74	82%	title, term	제목보정
P08280	贈別敬一上人還圓寂山 其二	송별(farewell)	75	82%	title	제목보정
P08281	別敬一上人席上。松湖白進士至自湖南。	송별(farewell)	81	94%	title	
P08282	贈別淸學上人還通度寺	송별(farewell)	75	82%	title	제목보정
P08283	贈別淸學上人還通度寺 其二	송별(farewell)	75	82%	title	제목보정
P08284	贈別淸學上人還通度寺 其三	송별(farewell)	74	82%	title	제목보정
P08285	次敬一上人韻	불교(buddhism)	51	38%	title	
P08286	次敬一上人韻 其二	불교(buddhism)	64	52%	title	
P08287	次敬一上人韻 其三	불교(buddhism)	54	38%	title, term	
P08288	題司僕柳判官 𦨙 水雲亭	건물(structure)	76	82%	title	
P08289	題司僕柳判官 𦨙 水雲亭 其二	건물(structure)	79	82%	title	
P08290	與鶴谷對坐。僧天印携卷適至。重用石洲韻。題贈。	불교(buddhism)	71	82%	title, term	차운(제목 donate 무시)
P08291	與鶴谷對坐。僧天印携卷適至。重用石洲韻。題贈。 其二	불교(buddhism)	72	82%	title	차운(제목 donate 무시)
P08292	三月三日	송별(farewell)	47	27%	term	
P08293	三月三日記事	애상(sympathy)	49	27%	term	
P08294	三月三日記事 其二	계절(season)	67	52%	term	
P08295	三月三日記事 其三	애상(sympathy)	44	27%	term	
P08296	三月三日記事 其四	애상(sympathy)	56	38%	term	
P08297	三月三日記事 其五	회방(meet)	52	38%	term	
P08298	三月三日記事 其六	한적(tranquility)	56	38%	term	
P08299	三月三日記事 其七	회방(meet)	19	17%	term	
P08300	三月三日記事 其八	한적(tranquility)	36	14%	term	
P08301	三月三日記事 其九	유람(travel)	36	14%	term	
P08302	三月三日記事 其十	송별(farewell)	21	16%	term	
P08303	三月初四日。用前韻。	계절(season)	67	52%	term	
P08304	三月初四日。用前韻。 其二	계절(season)	36	14%	term	
P08305	三月初四日。用前韻。 其三	계절(season)	42	27%	term	
P08306	三月初四日。用前韻。 其四	회방(meet)	18	17%	term	
P08307	三月初四日。用前韻。 其五	회방(meet)	18	17%	term	
P08308	三月初四日。用前韻。 其六	계절(season)	36	14%	term	
P08309	三月初四日。用前韻。 其七	인물(person)	46	27%	term	
P08310	三月初四日。用前韻。 其八	회방(meet)	53	38%	term	
P08311	三月初四日。用前韻。 其九	회방(meet)	18	17%	term	
P08312	三月初四日。用前韻。 其十	애상(sympathy)	40	27%	term	
P08313	三月初四日。用前韻。 其十一	연회(banquet)	36	14%	term	
P08314	三月初四日。用前韻。 其十二	송별(farewell)	39	14%	term	
P08315	贈雪岑上人	기증(donate)	97	94%	title	
P08316	戲簡白善鳴	애상(sympathy)	45	27%	term	
P08317	戲簡白善鳴 其二	기증(donate)	52	38%	title	
P08318	戲簡白善鳴 其三	기증(donate)	58	38%	title	
P08319	次劉希慶枕流臺韻	건물(structure)	58	38%	title	
P08320	次劉希慶枕流臺韻 其二	건물(structure)	58	38%	title	
P08321	次劉希慶枕流臺韻 其三	건물(structure)	64	52%	title, term	
P08322	淵川君邊知事應星挽詞	애상(sympathy)	97	94%	title	
P08323	次鄭德餘	애상(sympathy)	54	38%	term	
P08324	次鄭德餘 附原韻	애상(sympathy)	47	27%	term	
P08325	鑷白	회고(reminiscence)	47	27%	term	
P08326	三月晦日。簡北渚金冠玉 瑬，同知東園丁士優 好善 僉知。時北渚差聖節使。東園差千秋使。兩君皆我同庚。	송별(farewell)	42	27%	term	
P08327	簡同庚李立之，鄭翼之，尹德耀諸君。	기증(donate)	56	38%	title	
P08328	奉送東園丁士優僉知以千秋使赴北京	송별(farewell)	95	94%	title	
P08329	奉送北渚金冠玉以聖節使赴北京	송별(farewell)	90	94%	title	
P08330	奉送北渚金冠玉以聖節使赴北京 其二	송별(farewell)	97	94%	title, term	
P08331	送龍溪金子定 止男 朝天。三首。	송별(farewell)	91	94%	title, term	
P08332	送龍溪金子定 止男 朝天。三首。 其二	송별(farewell)	96	94%	title, term	
P08333	送龍溪金子定 止男 朝天。三首。 其三	송별(farewell)	97	94%	title	
P08334	題敬默上人詩卷	불교(buddhism)	53	38%	title, term	
P08335	簡龜川君覓新竹	기증(donate)	58	38%	title	
P08336	謝龜川君見和。仍致竹三叢。	기증(donate)	52	38%	title	
P08337	謝龜川君見和。仍致竹三叢。 其二	기증(donate)	56	38%	title	
P08338	謝龜川君見和。仍致竹三叢。 其三	기증(donate)	56	38%	title	
P08339	奉謝韓別坐兄以烏竹一叢見寄	송별(farewell)	62	52%	title	
P08340	寄黃存畏先達。時謫慶興府。	기증(donate)	85	94%	title	
P08341	寄黃存畏先達。時謫慶興府。 其二	기증(donate)	87	94%	title	
P08342	送再從姪植說書以北評事赴幕府	송별(farewell)	96	94%	title	
P08343	次李應敎 綏祿 綏之韻	애상(sympathy)	36	14%	term	
P08344	次李應敎 綏祿 綏之韻 其二	애상(sympathy)	55	38%	term	
P08345	評事姪道中。次韻見寄。復用其韻却寄。	변새(frontier)	44	27%	term	차운(제목 donate 무시)
P08346	被臺駁遞承旨。再授慶運分司。直廬偶書。	건물(structure)	58	38%	title	
P08347	次韻奉答成別坐 汝學	송별(farewell)	97	94%	title	
P08348	次韻奉答成別坐 汝學 其二	송별(farewell)	89	94%	title	
P08349	庚申立春門帖以下庚申	계절(season)	88	94%	title	
P08350	庚申立春門帖以下庚申 其二	계절(season)	67	52%	title	
P08351	庚申立春門帖以下庚申 其三	계절(season)	66	52%	title	
P08352	庚申立春門帖以下庚申 其四	계절(season)	88	94%	title	
P08353	庚申立春門帖以下庚申 其五	계절(season)	70	82%	title	
P08354	庚申立春門帖以下庚申 其六	계절(season)	67	52%	title	
P08355	庚申立春門帖以下庚申 其七	계절(season)	88	94%	title	
P08356	庚申立春門帖以下庚申 其八	계절(season)	67	52%	title	
P08357	庚申立春門帖以下庚申 其九	계절(season)	68	52%	title	
P08358	庚申立春門帖以下庚申 其十	계절(season)	81	94%	title	
P08359	庚申立春門帖以下庚申 其十一	계절(season)	64	52%	title	
P08360	題一嚴上人詩軸。用月沙相公韻。	도화(picture)	60	52%	title	
P08361	答姜生員仲尙書	애상(sympathy)	49	27%	term	
P08362	題弘印上人詩軸。用月沙相公韻。	도화(picture)	61	52%	title	
P08363	奉送月沙相公以陳奏正使赴北京	송별(farewell)	95	94%	title	
P08364	題鍾英上人詩軸。用五峯相公韻。	도화(picture)	61	52%	title	
P08365	趙正郞 希逸 母淑夫人李氏挽詞	애상(sympathy)	97	94%	title	
P08366	崔察訪龜齡 妻晉州姜氏挽詞	애상(sympathy)	97	94%	title	
P08367	定遠君挽詞 元宗大王初陵時作	애상(sympathy)	97	94%	title, term	
P08368	寒岡鄭先生挽詞	애상(sympathy)	97	94%	title	
P08369	寒岡鄭先生挽詞 其二	애상(sympathy)	95	94%	title	
P08370	寄上五峯相公以下壬戌	기증(donate)	97	94%	title	
P08371	寄上五峯相公以下壬戌 附次韻	회고(reminiscence)	19	17%	term	차운(제목 donate 무시)
P08372	戲簡金先達慶徵	기증(donate)	78	82%	title	
P08373	寄賀崔先達 有淵 擢親耕別試甲科第一。陞授通政大夫。	송별(farewell)	63	52%	title	
P08374	寄簡任茂叔博士	기증(donate)	97	94%	title	
P08375	寄簡任茂叔博士 附次韻	강해(water)	39	14%	term	차운(제목 donate 무시)
P08376	用希安上人韻。贈別守初上人入智異山。	송별(farewell)	74	82%	title	차운(제목 donate 무시)
P08377	重贈守初上人。兼簡沖徽，覺性兩長老。	기증(donate)	97	94%	title	
P08378	朴監司說之 東說 挽詞	애상(sympathy)	97	94%	title, term	
P08379	寄趙正郞怡叔	기증(donate)	97	94%	title	
P08380	用故友任參奉 錪 寬甫韻。寄題任奉事 振 止影亭。時在沔川昇仙里鄕墅。	건물(structure)	70	82%	title	차운(제목 donate 무시)
P08381	寄龍溪李處士 榮元 子善	기증(donate)	97	94%	title	
P08382	寄龍溪李處士 榮元 子善 其二	기증(donate)	97	94%	title	
P08383	寄尙州趙牧使善述	기증(donate)	97	94%	title	
P08384	題秋雪齋	애상(sympathy)	43	27%	term	
P08385	壬戌十月之望。泛舟海浦。卽席。次洪參軍汝時 靌 韻。	유람(travel)	68	52%	title	
P08386	壬戌十月之望。泛舟海浦。卽席。次洪參軍汝時 靌 韻。 其二	유람(travel)	55	38%	title	
P08387	壬戌十月之望。泛舟海浦。卽席。次洪參軍汝時 靌 韻。 其三	유람(travel)	67	52%	title	
P08388	壬戌十月之望。泛舟海浦。卽席。次洪參軍汝時 靌 韻。 其四	유람(travel)	67	52%	title	
P08389	洪參軍持酒來。翌朝。詩以謝之。	계절(season)	39	14%	term	
P08390	洪參軍持酒來。翌朝。詩以謝之。 其二	기증(donate)	56	38%	title	
P08391	用洪參軍韻。示沈直長。	한적(tranquility)	46	27%	term	
P08392	四同契會圖	도화(picture)	60	52%	title	
P08393	四同契會圖 附次韻	도화(picture)	54	38%	title	
P08394	送李典籍 景義 子方奉使海西	송별(farewell)	91	94%	title	
P08395	許處士 渾 挽詞	애상(sympathy)	97	94%	title, term	
P08396	許處士 渾 挽詞 其二	애상(sympathy)	97	94%	title	
P08397	送鄭判校 世美 士元赴長淵府使	송별(farewell)	90	94%	title	
P08398	送鄭判校 世美 士元赴長淵府使 其二	송별(farewell)	96	94%	title	
P08399	洪參軍汝時。在高陽田莊。送酒一盆。邀與共飮。久不來見。戲書以促。	송별(farewell)	97	94%	title	
P08400	奉簡權進士 韐 汝明	기증(donate)	61	52%	title	
P08401	奉簡權進士 韐 汝明 其二	기증(donate)	55	38%	title	
P08402	奉簡權進士 韐 汝明 其三	애상(sympathy)	53	38%	term	
P08403	戲答江西韓 會一 明宰	애상(sympathy)	37	14%	term	
P08404	送許文學 恒 仲久以犒軍御史赴關西	송별(farewell)	97	94%	title	
P08405	送李豊基 尙伋 思彥以從事官赴贊畫使李公 時發 幕下	송별(farewell)	67	52%	title	
P08406	次大學士枉過留贈之韻 以下癸亥	유람(travel)	69	52%	title	차운(제목 donate 무시)
P08407	次大學士枉過留贈之韻 以下癸亥 其二	유람(travel)	62	52%	title	차운(제목 donate 무시)
P08408	奉簡任博士茂叔	한적(tranquility)	42	27%	term	
P08409	次李監察 琡 韻。寄題晩翠軒。	도화(picture)	53	38%	title	차운(제목 donate 무시)
P08410	次大學士遣懷垂示之韻	애상(sympathy)	55	38%	title	
P08411	尹佐郞 天衢 妻長水黃氏挽詞	애상(sympathy)	97	94%	title	
P08412	次大學士辱贈韻	한적(tranquility)	39	14%	term	차운(제목 donate 무시)
P08413	寓直摠府。奉贈睦舜卿 敍欽修撰。用洪同知樂夫韻。時以儐使將赴關西。書此留別。	송별(farewell)	89	94%	title	차운(제목 donate 무시)
P08414	答唐山丁使君	산악(mountain)	56	38%	title	
P08415	文城君挽詞	애상(sympathy)	96	94%	title, term	
P08416	黃同知致誠挽詞。二首。	애상(sympathy)	95	94%	title, term	
P08417	黃同知致誠挽詞。二首。 其二	애상(sympathy)	97	94%	title	
P08418	贈別和順崔明宰 尙謙	송별(farewell)	74	82%	title	제목보정
P08419	奉謝江陵柳府使 永詢	기증(donate)	70	82%	title	
P08420	奉謝長淵鄭府使	기증(donate)	56	38%	title	
P08421	兪司果 信曾 挽詞	애상(sympathy)	97	94%	title	
P08422	京畿監司洪 命元 樂夫挽詞	애상(sympathy)	97	94%	title	
P08423	京畿監司洪 命元 樂夫挽詞 其二	애상(sympathy)	92	94%	title	
P08424	韓參奉 澈 挽詞	애상(sympathy)	97	94%	title, term	
P08425	李秀才 希顏 妻尹氏挽詞	애상(sympathy)	97	94%	title, term	
P08426	龍溪李處士 榮元 子善挽詞	애상(sympathy)	97	94%	title, term	
P08427	贈別素翁趙 緯韓 持世 纘韓 善述昆季	송별(farewell)	75	82%	title	제목보정
P08428	戲贈鄭修撰百昌 德餘李佐郞 景義 子方	기증(donate)	97	94%	title	
P08429	贈別興海郡守洪 靌 汝時之任	송별(farewell)	75	82%	title	제목보정
P08430	贈別興海郡守洪 靌 汝時之任 其二	송별(farewell)	75	82%	title	제목보정
P08431	永昌大君改葬挽詞	애상(sympathy)	97	94%	title, term	
P08432	臨海君改葬挽詞	애상(sympathy)	97	94%	title	
P08433	姜秀才挽詞	애상(sympathy)	96	94%	title	
P08434	權判官 裕男 妻具氏挽詞	애상(sympathy)	97	94%	title, term	
P08435	崔正郞 振雲 文望挽詞	애상(sympathy)	96	94%	title, term	
P08436	從姪女尹佐郞 衡哲 妻挽詞	애상(sympathy)	97	94%	title	
P08437	任持平 叔英 茂叔挽詞	애상(sympathy)	97	94%	title	
P08438	任持平 叔英 茂叔挽詞 其二	애상(sympathy)	97	94%	title	
P08439	任持平 叔英 茂叔挽詞 其三	애상(sympathy)	97	94%	title	
P08440	任持平 叔英 茂叔挽詞 其四	애상(sympathy)	97	94%	title	
P08441	崔牧使 沂 改葬挽詞	애상(sympathy)	97	94%	title	
P08442	次尹陶齋 晹 示韻	건물(structure)	53	38%	title	
P08443	次尹陶齋 晹 示韻 其二	건물(structure)	53	38%	title	
P08444	復次	한적(tranquility)	51	38%	term	
P08445	復次 其二	한적(tranquility)	40	27%	term	
P08446	復次 其三	천문(astro)	21	16%	term	
P08447	復次 其四	계절(season)	43	27%	term	
P08448	復次 其五	한적(tranquility)	25	16%	term	
P08449	復次	건물(structure)	39	14%	term	
P08450	復次 其二	천문(astro)	60	52%	term	
P08451	復次 其三	천문(astro)	23	16%	term	
P08452	復次 其四	천문(astro)	34	14%	term	
P08453	復次 其五	회방(meet)	36	14%	term	
P08454	復次 其六	불교(buddhism)	69	52%	term	
P08455	復次 其七	회고(reminiscence)	40	27%	term	
P08456	復次 其八	회고(reminiscence)	49	27%	term	
P08457	復次 其九	유람(travel)	32	14%	term	
P08458	復次 其十	불교(buddhism)	48	27%	term	
P08459	次韻	회고(reminiscence)	41	27%	term	
P08460	水原大津舟中	강해(water)	60	52%	title	
P08461	秋日述懷。簡寄任正字 茂叔，鄭校理 德餘，李修撰 汝固 姪三學士。	기증(donate)	86	94%	title	
P08462	秋日述懷。簡寄任正字 茂叔，鄭校理 德餘，李修撰 汝固 姪三學士。 其二	기증(donate)	87	94%	title	
P08463	奉謝洪僉知汝時書問	유람(travel)	41	27%	term	
P08464	奉謝洪僉知汝時書問 其二	기증(donate)	56	38%	title	
P08465	三月三日。驪州江上作。以下丁卯	계절(season)	45	27%	term	
P08466	贈性修上人。用五峯李相國韻。時在王十里村舍	애상(sympathy)	40	27%	term	차운(제목 donate 무시)
P08467	義賢上人。以東陽尉申令公絶句來示。輒用其韻。奉謝東陽見許之意。	불교(buddhism)	54	38%	title	
P08468	義賢上人。以東陽尉申令公絶句來示。輒用其韻。奉謝東陽見許之意。 附原韻	불교(buddhism)	61	52%	title	
P08469	東陽尉申令公。疊用前韻。先遣義賢師。見貽王十里僑寓。仍命駕枉訪。余亦步其韻。庸謝高義。兼述鄙懷。	회고(reminiscence)	50	38%	title	차운(제목 donate 무시)
P08470	東陽尉申令公。疊用前韻。先遣義賢師。見貽王十里僑寓。仍命駕枉訪。余亦步其韻。庸謝高義。兼述鄙懷。 其二	회고(reminiscence)	50	38%	title	차운(제목 donate 무시)
P08471	東陽尉申令公。疊用前韻。先遣義賢師。見貽王十里僑寓。仍命駕枉訪。余亦步其韻。庸謝高義。兼述鄙懷。 其三	회고(reminiscence)	58	38%	title, term	
P08472	東陽尉申令公。疊用前韻。先遣義賢師。見貽王十里僑寓。仍命駕枉訪。余亦步其韻。庸謝高義。兼述鄙懷。 其四	회고(reminiscence)	50	38%	title	차운(제목 donate 무시)
P08473	東陽尉申令公。疊用前韻。先遣義賢師。見貽王十里僑寓。仍命駕枉訪。余亦步其韻。庸謝高義。兼述鄙懷。 附次韻	회고(reminiscence)	50	38%	title	차운(제목 donate 무시)
P08474	東陽尉申令公。疊用前韻。先遣義賢師。見貽王十里僑寓。仍命駕枉訪。余亦步其韻。庸謝高義。兼述鄙懷。 附次韻 其二	회고(reminiscence)	58	38%	title, term	
P08475	東陽尉申令公。疊用前韻。先遣義賢師。見貽王十里僑寓。仍命駕枉訪。余亦步其韻。庸謝高義。兼述鄙懷。 附次韻 其三	회고(reminiscence)	63	52%	title, term	
P08476	東陽尉申令公。疊用前韻。先遣義賢師。見貽王十里僑寓。仍命駕枉訪。余亦步其韻。庸謝高義。兼述鄙懷。 附次韻 其四	회고(reminiscence)	52	38%	title	
P08477	復用前韻。奉柬東陽尉樂全令公。時在海村田莊	애상(sympathy)	43	27%	term	
P08478	復用前韻。奉柬東陽尉樂全令公。時在海村田莊 其二	불교(buddhism)	20	16%	term	
P08479	復用前韻。奉柬東陽尉樂全令公。時在海村田莊 其三	송별(farewell)	39	14%	term	
P08480	復用前韻。奉柬東陽尉樂全令公。時在海村田莊 其四	한적(tranquility)	45	27%	term	
P08481	復用前韻。奉柬東陽尉樂全令公。時在海村田莊 其五	한적(tranquility)	40	27%	term	
P08482	復用前韻。奉柬東陽尉樂全令公。時在海村田莊 其六	불교(buddhism)	32	14%	term	
P08483	復用前韻。奉柬東陽尉樂全令公。時在海村田莊 其七	회고(reminiscence)	36	14%	term	
P08484	復用前韻。奉柬東陽尉樂全令公。時在海村田莊 其八	회고(reminiscence)	37	14%	term	
P08485	復用前韻。奉柬東陽尉樂全令公。時在海村田莊 其九	불교(buddhism)	23	16%	term	
P08486	復用前韻。奉柬東陽尉樂全令公。時在海村田莊 其十	불교(buddhism)	73	82%	term	
P08487	用東陽尉樂全居士韻。奉贈李承旨天章，李校理道章昆季兩學士。兼示東陽令公。	인물(person)	36	14%	term	차운(제목 donate 무시)
P08488	用東陽尉樂全居士韻。奉贈李承旨天章，李校理道章昆季兩學士。兼示東陽令公。 其二	애상(sympathy)	46	27%	term	차운(제목 donate 무시)
P08489	用東陽尉樂全居士韻。奉贈李承旨天章，李校理道章昆季兩學士。兼示東陽令公。 其三	송별(farewell)	40	27%	term	차운(제목 donate 무시)
P08490	用東陽尉樂全居士韻。奉贈李承旨天章，李校理道章昆季兩學士。兼示東陽令公。 其四	불교(buddhism)	39	14%	term	차운(제목 donate 무시)
P08491	用東陽尉韻。贈眞一上人。	불교(buddhism)	57	38%	title	차운(제목 donate 무시)
P08492	再用前韻。贈義賢，眞一，希安三上人。	불교(buddhism)	54	38%	title, term	차운(제목 donate 무시)
P08493	再用前韻。贈義賢，眞一，希安三上人。 附	불교(buddhism)	53	38%	title, term	차운(제목 donate 무시)
P08494	次韻奉贈八松尹德耀舍人	애상(sympathy)	38	14%	term	차운(제목 donate 무시)
P08495	次韻奉贈八松尹德耀舍人 其二	변새(frontier)	36	14%	term	차운(제목 donate 무시)
P08496	次韻奉贈八松尹德耀舍人 附原韻	천문(astro)	23	16%	term	차운(제목 donate 무시)
P08497	次韻奉贈八松尹德耀舍人 附原韻 其二	기타(others)	37	14%	term	차운(제목 donate 무시)
P08498	簡許秀才格 時。自海村牛耳洞田莊。移寓臺山新川上別墅。	송별(farewell)	83	94%	title	
P08499	應祥上人。自奉恩寺來。訪余新川別墅。示以故一松，漢陰，西坰三相國絶句。丐和甚勤。謹用其韻而贈之。	송별(farewell)	78	82%	title	차운(제목 donate 무시)
P08500	應祥上人。自奉恩寺來。訪余新川別墅。示以故一松，漢陰，西坰三相國絶句。丐和甚勤。謹用其韻而贈之。 其二	송별(farewell)	78	82%	title	차운(제목 donate 무시)
P08501	贈湛煕上人	기증(donate)	97	94%	title	
P08502	贈應俊上人	기증(donate)	97	94%	title	
P08503	題斜川詩帖。爲李正 景嚴 子陵作。用帖中諸公韻。	도화(picture)	63	52%	title	
P08504	贈學安上人	기증(donate)	97	94%	title	
P08505	李掌令 景義 母淑夫人全州李氏挽詞	애상(sympathy)	97	94%	title	
P08506	沔川李知郡 如圭 枉駕見訪。示以韓平君石樓李相公長律一首。索和頗懇。拙不敢辭。仍步其韻。用伸微志。	애상(sympathy)	41	27%	term	
P08507	李庶尹執中後改時中挽詞	애상(sympathy)	96	94%	title, term	
P08508	題天雲上人萬死傳衣詩卷。爲五峯相公作。	도화(picture)	61	52%	title	
P08509	贈斗暹上人	기증(donate)	97	94%	title	
P08510	贈戒珠上人	기증(donate)	97	94%	title	
P08511	歸沔陽故墅 以下辛未	송별(farewell)	62	52%	title	
P08512	歸沔陽故墅 以下辛未 附次韻	송별(farewell)	68	52%	title	
P08513	歸沔陽故墅 以下辛未 附次韻	송별(farewell)	73	82%	title	
P08514	歸沔陽故墅 以下辛未 附次韻	송별(farewell)	66	52%	title	
P08515	戲寄鄭參知德餘	기증(donate)	97	94%	title	
P08516	權主簿 韐 挽詞	애상(sympathy)	97	94%	title	
P08517	權主簿 韐 挽詞 其二	애상(sympathy)	97	94%	title	
P08518	權主簿 韐 挽詞 其三	애상(sympathy)	97	94%	title	
P08519	戲謝沈煕之惠蓴	기증(donate)	56	38%	title	
P08520	題鶴谷詩稿後 壬申六月	도화(picture)	61	52%	title	
P08521	次五峯李相國韻。題眞一上人詩軸。以下癸酉	도화(picture)	58	38%	title	
P08522	贈道休上人	기증(donate)	97	94%	title	
P08523	贈道休上人 其二	기증(donate)	97	94%	title	
P08524	次韻贈遂初上人	불교(buddhism)	50	38%	title	차운(제목 donate 무시)
P08525	次韻贈遂初上人 其二	불교(buddhism)	50	38%	title	차운(제목 donate 무시)
P08526	戲贈張秀才雲翰 九萬以甘瓜三十箇見惠 甘瓜。俗號眞瓜。	기증(donate)	97	94%	title	
P08527	吳參判 百齡挽詞	애상(sympathy)	97	94%	title	
P08528	尹正郞 棨 母昌原黃氏挽詞	애상(sympathy)	97	94%	title	
P08529	奉送畸庵鄭參議 弘溟 子容赴金堤郡	송별(farewell)	96	94%	title	
P08530	愚谷鄭判書經世挽詞	애상(sympathy)	96	94%	title	
P08531	靑平君沈公 惀 挽詞	애상(sympathy)	97	94%	title	
P08532	金鐵原 矱 正卿挽詞	애상(sympathy)	97	94%	title	
P08533	沈判書 諿 太夫人安氏挽詞	애상(sympathy)	97	94%	title, term	
P08534	表姪女尹秀才 敬之 妻延日鄭氏挽詞	애상(sympathy)	97	94%	title, term	
P08535	表姪女尹秀才 敬之 妻延日鄭氏挽詞 其二	애상(sympathy)	94	94%	title	
P08536	奉送韓內乘 會一 亨甫出牧驪州。用鶴谷大宗伯韻。	송별(farewell)	97	94%	title	
P08537	奉送韓內乘 會一 亨甫出牧驪州。用鶴谷大宗伯韻。 其二	송별(farewell)	97	94%	title	
P08538	題李都事 光翼 雙淸亭	건물(structure)	79	82%	title	
P08539	奉謝水原防禦使尹參議 墀 手札見問。兼遺魚酒二物。	기증(donate)	56	38%	title	
P08540	戲簡成秀才昆季	기증(donate)	50	38%	title	
P08541	奉酬水原防禦使尹參議 墀 用余前寄韻以猪酒等物見問	변새(frontier)	40	27%	term	차운(제목 donate 무시)
P08542	戲謝靑陽金明宰 忠淹 老范九日送酒一壺	송별(farewell)	90	94%	title	
P08543	秋雪齋。次希安上人韻。時在沔陽別墅	송별(farewell)	86	94%	title	
P08544	沈引儀 廷寅 寅之挽詞	애상(sympathy)	97	94%	title	
P08545	沈引儀 廷寅 寅之挽詞 其二	애상(sympathy)	97	94%	title	
P08546	戲謝張秀才雲翰 九萬以甘瓜見惠以下乙亥	천문(astro)	50	38%	title	
P08547	奉謝襄陽柳明府 恒 以松魚，銀口魚寄惠	기증(donate)	97	94%	title	
P08548	奉謝公州崔牧使 有海 大容以封餘細鱗魚見惠	기증(donate)	65	52%	title	
P08549	奉謝鷗洲李判官重溟 汝涵書致百團臍	기증(donate)	56	38%	title	
P08550	次韻奉謝張九萬先惠大棗。復以獼猴桃見餉。	불교(buddhism)	36	14%	term	차운(제목 donate 무시)
P08551	奉酬襄陽柳明府 恒 用余韻見問。復以海魚寄惠之作。	유람(travel)	18	17%	term	차운(제목 donate 무시)
P08552	乙亥九月二十九日丙子。朝發京城。夕宿水原栗田村舍。翌日丁丑。次南谷。十月初一日戊寅。次大津院。翌日己卯。渡津到沔庄。舟中有作。	유람(travel)	83	94%	title	
P08553	乙亥九月二十九日丙子。朝發京城。夕宿水原栗田村舍。翌日丁丑。次南谷。十月初一日戊寅。次大津院。翌日己卯。渡津到沔庄。舟中有作。 附次韻	유람(travel)	83	94%	title	
P08554	奉謝知足堂朴巡使 明榑 汝昇枉駕見訪	건물(structure)	61	52%	title	
P08555	題法演上人詩卷	도화(picture)	56	38%	title	
P08556	題法演上人詩卷 其二	불교(buddhism)	57	38%	title, term	
P08557	奉謝張秀才雲翰 惠瓜 以下丙子	천문(astro)	50	38%	title	
P08558	答廣州許明府 徽 書	회고(reminiscence)	71	82%	term	
P08559	奉謝金秀才 楀 惠蟹	기증(donate)	50	38%	title	
P08560	奉謝平陵蔡察訪 亨後 以鰒魚三百箇見寄。察訪乃古玉鄭公外孫也。新刊遺稿。故要見一帙耳。	기증(donate)	97	94%	title	
P08561	丙子十月初三日。夜聞大雷。是日左台辭遞。時三司論事忤旨。或遞或罷。或命補外。	현달(prosper)	38	14%	term	
P08562	李司評 竣 妻陽川許氏挽詞	애상(sympathy)	97	94%	title	
P08563	李司評 竣 妻陽川許氏挽詞 其二	애상(sympathy)	97	94%	title	
P08564	李司評 竣 妻陽川許氏挽詞 其三	애상(sympathy)	97	94%	title	
P08565	江原監司趙 廷虎 仁甫巡到江陵。書致大口卵醢。	유람(travel)	71	82%	title	
P08566	廣州許明府 徽 以鮒魚五尾見餉	애상(sympathy)	29	16%	term	
P08567	鄭修撰致和 以黃柑五箇，鰱魚一尾見餉問疾。	계절(season)	15	17%	term	
P08568	奉答柳淸道 𥡦 枉書問疾。仍求新曆。時居洪川	애상(sympathy)	52	38%	term	
P08569	奉謝咸鏡巡察使閔士尙 聖徽 書致歲饌	기증(donate)	70	82%	title	
P08570	圍城中。次洪相鶴谷韻。口占示同寓諸君。	변새(frontier)	41	27%	term	
P08571	圍城中。次洪相鶴谷韻。口占示同寓諸君。 附原韻	동물(animal)	50	38%	title	
P08572	圍城中。次洪相鶴谷韻。口占示同寓諸君。 附次韻	동물(animal)	50	38%	title	
P08573	集歸去來辭字五言古詩三十六首	송별(farewell)	70	82%	title, term	
P08574	集歸去來辭字五言古詩三十六首 其二	송별(farewell)	70	82%	title, term	
P08575	集歸去來辭字五言古詩三十六首 其三	송별(farewell)	65	52%	title, term	
P08576	集歸去來辭字五言古詩三十六首 其四	송별(farewell)	89	94%	title	
P08577	集歸去來辭字五言古詩三十六首 其五	송별(farewell)	76	82%	title	
P08578	集歸去來辭字五言古詩三十六首 其六	송별(farewell)	85	94%	title	
P08579	集歸去來辭字五言古詩三十六首 其七	송별(farewell)	71	82%	title	
P08580	集歸去來辭字五言古詩三十六首 其八	송별(farewell)	87	94%	title	
P08581	集歸去來辭字五言古詩三十六首 其九	송별(farewell)	81	94%	title	
P08582	集歸去來辭字五言古詩三十六首 其十	송별(farewell)	90	94%	title	
P08583	集歸去來辭字五言古詩三十六首 其十一	송별(farewell)	70	82%	title, term	
P08584	集歸去來辭字五言古詩三十六首 其十二	송별(farewell)	82	94%	title	
P08585	集歸去來辭字五言古詩三十六首 其十三	송별(farewell)	73	82%	title	
P08586	集歸去來辭字五言古詩三十六首 其十四	송별(farewell)	78	82%	title	
P08587	集歸去來辭字五言古詩三十六首 其十五	송별(farewell)	74	82%	title	
P08588	集歸去來辭字五言古詩三十六首 其十六	송별(farewell)	78	82%	title, term	
P08589	集歸去來辭字五言古詩三十六首 其十七	송별(farewell)	62	52%	title	
P08590	集歸去來辭字五言古詩三十六首 其十八	송별(farewell)	80	94%	title	
P08591	集歸去來辭字五言古詩三十六首 其十九	송별(farewell)	73	82%	title	
P08592	集歸去來辭字五言古詩三十六首 其二十	송별(farewell)	79	82%	title	
P08593	集歸去來辭字五言古詩三十六首 其二十一	송별(farewell)	86	94%	title, term	
P08594	集歸去來辭字五言古詩三十六首 其二十二	송별(farewell)	88	94%	title	
P08595	集歸去來辭字五言古詩三十六首 其二十三	송별(farewell)	85	94%	title	
P08596	集歸去來辭字五言古詩三十六首 其二十四	송별(farewell)	72	82%	title	
P08597	集歸去來辭字五言古詩三十六首 其二十五	송별(farewell)	68	52%	title	
P08598	集歸去來辭字五言古詩三十六首 其二十六	송별(farewell)	87	94%	title	
P08599	集歸去來辭字五言古詩三十六首 其二十七	송별(farewell)	79	82%	title, term	
P08600	集歸去來辭字五言古詩三十六首 其二十八	송별(farewell)	82	94%	title	
P08601	集歸去來辭字五言古詩三十六首 其二十九	송별(farewell)	84	94%	title	
P08602	集歸去來辭字五言古詩三十六首 其三十	송별(farewell)	73	82%	title	
P08603	集歸去來辭字五言古詩三十六首 其三十一	송별(farewell)	79	82%	title, term	
P08604	集歸去來辭字五言古詩三十六首 其三十二	송별(farewell)	81	94%	title	
P08605	集歸去來辭字五言古詩三十六首 其三十三	송별(farewell)	90	94%	title	
P08606	集歸去來辭字五言古詩三十六首 其三十四	송별(farewell)	90	94%	title	
P08607	集歸去來辭字五言古詩三十六首 其三十五	송별(farewell)	74	82%	title	
P08608	集歸去來辭字五言古詩三十六首 其三十六	송별(farewell)	79	82%	title, term	
P08609	集歸去來辭字五言近體 四首	송별(farewell)	81	94%	title	
P08610	集歸去來辭字五言近體 四首 其二	송별(farewell)	75	82%	title	
P08611	集歸去來辭字五言近體 四首 其三	송별(farewell)	63	52%	title	
P08612	集歸去來辭字五言近體 四首 其四	송별(farewell)	72	82%	title	
P08613	集歸去來辭字七言近體 六首	송별(farewell)	59	38%	title	
P08614	集歸去來辭字七言近體 六首 其二	송별(farewell)	67	52%	title, term	
P08615	集歸去來辭字七言近體 六首 其三	송별(farewell)	67	52%	title	
P08616	集歸去來辭字七言近體 六首 其四	송별(farewell)	71	82%	title	
P08617	集歸去來辭字七言近體 六首 其五	송별(farewell)	71	82%	title, term	
P08618	集歸去來辭字七言近體 六首 其六	송별(farewell)	72	82%	title	
P08619	癸丑三月三日。集蘭亭記字。七言近體二首，五言近體十二首，七言絶句六首，五言絶句二十二首。共四十二首。時宰錦山	건물(structure)	84	94%	title	
P08620	癸丑三月三日。集蘭亭記字。七言近體二首，五言近體十二首，七言絶句六首，五言絶句二十二首。共四十二首。時宰錦山 其二	건물(structure)	87	94%	title	
P08621	癸丑三月三日。集蘭亭記字。七言近體二首，五言近體十二首，七言絶句六首，五言絶句二十二首。共四十二首。時宰錦山 其三	건물(structure)	84	94%	title	
P08622	癸丑三月三日。集蘭亭記字。七言近體二首，五言近體十二首，七言絶句六首，五言絶句二十二首。共四十二首。時宰錦山 其四	건물(structure)	85	94%	title	
P08623	癸丑三月三日。集蘭亭記字。七言近體二首，五言近體十二首，七言絶句六首，五言絶句二十二首。共四十二首。時宰錦山 其五	건물(structure)	85	94%	title	
P08624	癸丑三月三日。集蘭亭記字。七言近體二首，五言近體十二首，七言絶句六首，五言絶句二十二首。共四十二首。時宰錦山 其六	건물(structure)	87	94%	title	
P08625	癸丑三月三日。集蘭亭記字。七言近體二首，五言近體十二首，七言絶句六首，五言絶句二十二首。共四十二首。時宰錦山 其七	건물(structure)	84	94%	title	
P08626	癸丑三月三日。集蘭亭記字。七言近體二首，五言近體十二首，七言絶句六首，五言絶句二十二首。共四十二首。時宰錦山 其八	건물(structure)	84	94%	title	
P08627	癸丑三月三日。集蘭亭記字。七言近體二首，五言近體十二首，七言絶句六首，五言絶句二十二首。共四十二首。時宰錦山 其九	건물(structure)	85	94%	title	
P08628	癸丑三月三日。集蘭亭記字。七言近體二首，五言近體十二首，七言絶句六首，五言絶句二十二首。共四十二首。時宰錦山 其十	건물(structure)	87	94%	title	
P08629	癸丑三月三日。集蘭亭記字。七言近體二首，五言近體十二首，七言絶句六首，五言絶句二十二首。共四十二首。時宰錦山 其十一	건물(structure)	85	94%	title	
P08630	癸丑三月三日。集蘭亭記字。七言近體二首，五言近體十二首，七言絶句六首，五言絶句二十二首。共四十二首。時宰錦山 其十二	건물(structure)	87	94%	title	
P08631	癸丑三月三日。集蘭亭記字。七言近體二首，五言近體十二首，七言絶句六首，五言絶句二十二首。共四十二首。時宰錦山 其十三	건물(structure)	87	94%	title	
P08632	癸丑三月三日。集蘭亭記字。七言近體二首，五言近體十二首，七言絶句六首，五言絶句二十二首。共四十二首。時宰錦山 其十四	건물(structure)	84	94%	title	
P08633	癸丑三月三日。集蘭亭記字。七言近體二首，五言近體十二首，七言絶句六首，五言絶句二十二首。共四十二首。時宰錦山 其十五	건물(structure)	86	94%	title	
P08634	癸丑三月三日。集蘭亭記字。七言近體二首，五言近體十二首，七言絶句六首，五言絶句二十二首。共四十二首。時宰錦山 其十六	건물(structure)	84	94%	title	
P08635	癸丑三月三日。集蘭亭記字。七言近體二首，五言近體十二首，七言絶句六首，五言絶句二十二首。共四十二首。時宰錦山 其十七	건물(structure)	87	94%	title	
P08636	癸丑三月三日。集蘭亭記字。七言近體二首，五言近體十二首，七言絶句六首，五言絶句二十二首。共四十二首。時宰錦山 其十八	건물(structure)	85	94%	title	
P08637	癸丑三月三日。集蘭亭記字。七言近體二首，五言近體十二首，七言絶句六首，五言絶句二十二首。共四十二首。時宰錦山 其十九	건물(structure)	84	94%	title	
P08638	癸丑三月三日。集蘭亭記字。七言近體二首，五言近體十二首，七言絶句六首，五言絶句二十二首。共四十二首。時宰錦山 其二十	건물(structure)	85	94%	title	
P08639	癸丑三月三日。集蘭亭記字。七言近體二首，五言近體十二首，七言絶句六首，五言絶句二十二首。共四十二首。時宰錦山 其二十一	건물(structure)	85	94%	title	
P08640	癸丑三月三日。集蘭亭記字。七言近體二首，五言近體十二首，七言絶句六首，五言絶句二十二首。共四十二首。時宰錦山 其二十二	건물(structure)	87	94%	title	
P08641	癸丑三月三日。集蘭亭記字。七言近體二首，五言近體十二首，七言絶句六首，五言絶句二十二首。共四十二首。時宰錦山 其二十三	건물(structure)	84	94%	title	
P08642	癸丑三月三日。集蘭亭記字。七言近體二首，五言近體十二首，七言絶句六首，五言絶句二十二首。共四十二首。時宰錦山 其二十四	건물(structure)	87	94%	title	
P08643	癸丑三月三日。集蘭亭記字。七言近體二首，五言近體十二首，七言絶句六首，五言絶句二十二首。共四十二首。時宰錦山 其二十五	건물(structure)	87	94%	title	
P08644	癸丑三月三日。集蘭亭記字。七言近體二首，五言近體十二首，七言絶句六首，五言絶句二十二首。共四十二首。時宰錦山 其二十六	건물(structure)	87	94%	title	
P08645	癸丑三月三日。集蘭亭記字。七言近體二首，五言近體十二首，七言絶句六首，五言絶句二十二首。共四十二首。時宰錦山 其二十七	건물(structure)	87	94%	title	
P08646	癸丑三月三日。集蘭亭記字。七言近體二首，五言近體十二首，七言絶句六首，五言絶句二十二首。共四十二首。時宰錦山 其二十八	건물(structure)	87	94%	title	
P08647	癸丑三月三日。集蘭亭記字。七言近體二首，五言近體十二首，七言絶句六首，五言絶句二十二首。共四十二首。時宰錦山 其二十九	건물(structure)	87	94%	title	
P08648	癸丑三月三日。集蘭亭記字。七言近體二首，五言近體十二首，七言絶句六首，五言絶句二十二首。共四十二首。時宰錦山 其三十	건물(structure)	87	94%	title	
P08649	癸丑三月三日。集蘭亭記字。七言近體二首，五言近體十二首，七言絶句六首，五言絶句二十二首。共四十二首。時宰錦山 其三十一	건물(structure)	87	94%	title	
P08650	癸丑三月三日。集蘭亭記字。七言近體二首，五言近體十二首，七言絶句六首，五言絶句二十二首。共四十二首。時宰錦山 其三十二	건물(structure)	87	94%	title	
P08651	癸丑三月三日。集蘭亭記字。七言近體二首，五言近體十二首，七言絶句六首，五言絶句二十二首。共四十二首。時宰錦山 其三十三	건물(structure)	87	94%	title	
P08652	癸丑三月三日。集蘭亭記字。七言近體二首，五言近體十二首，七言絶句六首，五言絶句二十二首。共四十二首。時宰錦山 其三十四	건물(structure)	87	94%	title	
P08653	癸丑三月三日。集蘭亭記字。七言近體二首，五言近體十二首，七言絶句六首，五言絶句二十二首。共四十二首。時宰錦山 其三十五	건물(structure)	85	94%	title	
P08654	癸丑三月三日。集蘭亭記字。七言近體二首，五言近體十二首，七言絶句六首，五言絶句二十二首。共四十二首。時宰錦山 其三十六	건물(structure)	87	94%	title	
P08655	癸丑三月三日。集蘭亭記字。七言近體二首，五言近體十二首，七言絶句六首，五言絶句二十二首。共四十二首。時宰錦山 其三十七	건물(structure)	87	94%	title	
P08656	癸丑三月三日。集蘭亭記字。七言近體二首，五言近體十二首，七言絶句六首，五言絶句二十二首。共四十二首。時宰錦山 其三十八	건물(structure)	87	94%	title	
P08657	癸丑三月三日。集蘭亭記字。七言近體二首，五言近體十二首，七言絶句六首，五言絶句二十二首。共四十二首。時宰錦山 其三十九	건물(structure)	87	94%	title	
P08658	癸丑三月三日。集蘭亭記字。七言近體二首，五言近體十二首，七言絶句六首，五言絶句二十二首。共四十二首。時宰錦山 其四十	건물(structure)	87	94%	title	
P08659	癸丑三月三日。集蘭亭記字。七言近體二首，五言近體十二首，七言絶句六首，五言絶句二十二首。共四十二首。時宰錦山 其四十一	건물(structure)	85	94%	title	
P08660	癸丑三月三日。集蘭亭記字。七言近體二首，五言近體十二首，七言絶句六首，五言絶句二十二首。共四十二首。時宰錦山 其四十二	건물(structure)	87	94%	title	
P08661	壬戌七月旣望。海浦舟中。集蘇東坡前赤壁賦字。七言近體十四首。五言近體二十首。七言絶句二十首。五言絶句五十首。共一百四首。時在沔川客浦別業。	송별(farewell)	77	82%	title, term	
P08662	壬戌七月旣望。海浦舟中。集蘇東坡前赤壁賦字。七言近體十四首。五言近體二十首。七言絶句二十首。五言絶句五十首。共一百四首。時在沔川客浦別業。 其二	송별(farewell)	75	82%	title, term	
P08663	壬戌七月旣望。海浦舟中。集蘇東坡前赤壁賦字。七言近體十四首。五言近體二十首。七言絶句二十首。五言絶句五十首。共一百四首。時在沔川客浦別業。 其三	송별(farewell)	74	82%	title	
P08664	壬戌七月旣望。海浦舟中。集蘇東坡前赤壁賦字。七言近體十四首。五言近體二十首。七言絶句二十首。五言絶句五十首。共一百四首。時在沔川客浦別業。 其四	송별(farewell)	75	82%	title	
P08665	壬戌七月旣望。海浦舟中。集蘇東坡前赤壁賦字。七言近體十四首。五言近體二十首。七言絶句二十首。五言絶句五十首。共一百四首。時在沔川客浦別業。 其五	송별(farewell)	75	82%	title	
P08666	壬戌七月旣望。海浦舟中。集蘇東坡前赤壁賦字。七言近體十四首。五言近體二十首。七言絶句二十首。五言絶句五十首。共一百四首。時在沔川客浦別業。 其六	송별(farewell)	75	82%	title	
P08667	壬戌七月旣望。海浦舟中。集蘇東坡前赤壁賦字。七言近體十四首。五言近體二十首。七言絶句二十首。五言絶句五十首。共一百四首。時在沔川客浦別業。 其七	송별(farewell)	77	82%	title	
P08668	壬戌七月旣望。海浦舟中。集蘇東坡前赤壁賦字。七言近體十四首。五言近體二十首。七言絶句二十首。五言絶句五十首。共一百四首。時在沔川客浦別業。 其八	송별(farewell)	77	82%	title, term	
P08669	壬戌七月旣望。海浦舟中。集蘇東坡前赤壁賦字。七言近體十四首。五言近體二十首。七言絶句二十首。五言絶句五十首。共一百四首。時在沔川客浦別業。 其九	송별(farewell)	76	82%	title	
P08670	壬戌七月旣望。海浦舟中。集蘇東坡前赤壁賦字。七言近體十四首。五言近體二十首。七言絶句二十首。五言絶句五十首。共一百四首。時在沔川客浦別業。 其十	송별(farewell)	76	82%	title	
P08671	壬戌七月旣望。海浦舟中。集蘇東坡前赤壁賦字。七言近體十四首。五言近體二十首。七言絶句二十首。五言絶句五十首。共一百四首。時在沔川客浦別業。 其十一	송별(farewell)	77	82%	title	
P08672	壬戌七月旣望。海浦舟中。集蘇東坡前赤壁賦字。七言近體十四首。五言近體二十首。七言絶句二十首。五言絶句五十首。共一百四首。時在沔川客浦別業。 其十二	송별(farewell)	77	82%	title	
P08673	壬戌七月旣望。海浦舟中。集蘇東坡前赤壁賦字。七言近體十四首。五言近體二十首。七言絶句二十首。五言絶句五十首。共一百四首。時在沔川客浦別業。 其十三	송별(farewell)	74	82%	title	
P08674	壬戌七月旣望。海浦舟中。集蘇東坡前赤壁賦字。七言近體十四首。五言近體二十首。七言絶句二十首。五言絶句五十首。共一百四首。時在沔川客浦別業。 其十四	송별(farewell)	77	82%	title	
P08675	壬戌七月旣望。海浦舟中。集蘇東坡前赤壁賦字。七言近體十四首。五言近體二十首。七言絶句二十首。五言絶句五十首。共一百四首。時在沔川客浦別業。 其十五	송별(farewell)	76	82%	title	
P08676	壬戌七月旣望。海浦舟中。集蘇東坡前赤壁賦字。七言近體十四首。五言近體二十首。七言絶句二十首。五言絶句五十首。共一百四首。時在沔川客浦別業。 其十六	송별(farewell)	77	82%	title	
P08677	壬戌七月旣望。海浦舟中。集蘇東坡前赤壁賦字。七言近體十四首。五言近體二十首。七言絶句二十首。五言絶句五十首。共一百四首。時在沔川客浦別業。 其十七	송별(farewell)	77	82%	title	
P08678	壬戌七月旣望。海浦舟中。集蘇東坡前赤壁賦字。七言近體十四首。五言近體二十首。七言絶句二十首。五言絶句五十首。共一百四首。時在沔川客浦別業。 其十八	송별(farewell)	74	82%	title	
P08679	壬戌七月旣望。海浦舟中。集蘇東坡前赤壁賦字。七言近體十四首。五言近體二十首。七言絶句二十首。五言絶句五十首。共一百四首。時在沔川客浦別業。 其19	송별(farewell)	77	82%	title	
P08680	壬戌七月旣望。海浦舟中。集蘇東坡前赤壁賦字。七言近體十四首。五言近體二十首。七言絶句二十首。五言絶句五十首。共一百四首。時在沔川客浦別業。 其20	송별(farewell)	75	82%	title	
P08681	壬戌七月旣望。海浦舟中。集蘇東坡前赤壁賦字。七言近體十四首。五言近體二十首。七言絶句二十首。五言絶句五十首。共一百四首。時在沔川客浦別業。 其21	송별(farewell)	76	82%	title	
P08682	壬戌七月旣望。海浦舟中。集蘇東坡前赤壁賦字。七言近體十四首。五言近體二十首。七言絶句二十首。五言絶句五十首。共一百四首。時在沔川客浦別業。 其22	송별(farewell)	77	82%	title	
P08683	壬戌七月旣望。海浦舟中。集蘇東坡前赤壁賦字。七言近體十四首。五言近體二十首。七言絶句二十首。五言絶句五十首。共一百四首。時在沔川客浦別業。 其23	송별(farewell)	76	82%	title	
P08684	壬戌七月旣望。海浦舟中。集蘇東坡前赤壁賦字。七言近體十四首。五言近體二十首。七言絶句二十首。五言絶句五十首。共一百四首。時在沔川客浦別業。 其24	송별(farewell)	77	82%	title	
P08685	壬戌七月旣望。海浦舟中。集蘇東坡前赤壁賦字。七言近體十四首。五言近體二十首。七言絶句二十首。五言絶句五十首。共一百四首。時在沔川客浦別業。 其25	송별(farewell)	77	82%	title, term	
P08686	壬戌七月旣望。海浦舟中。集蘇東坡前赤壁賦字。七言近體十四首。五言近體二十首。七言絶句二十首。五言絶句五十首。共一百四首。時在沔川客浦別業。 其26	송별(farewell)	76	82%	title	
P08687	壬戌七月旣望。海浦舟中。集蘇東坡前赤壁賦字。七言近體十四首。五言近體二十首。七言絶句二十首。五言絶句五十首。共一百四首。時在沔川客浦別業。 其27	송별(farewell)	77	82%	title	
P08688	壬戌七月旣望。海浦舟中。集蘇東坡前赤壁賦字。七言近體十四首。五言近體二十首。七言絶句二十首。五言絶句五十首。共一百四首。時在沔川客浦別業。 其28	송별(farewell)	76	82%	title	
P08689	壬戌七月旣望。海浦舟中。集蘇東坡前赤壁賦字。七言近體十四首。五言近體二十首。七言絶句二十首。五言絶句五十首。共一百四首。時在沔川客浦別業。 其29	송별(farewell)	77	82%	title	
P08690	壬戌七月旣望。海浦舟中。集蘇東坡前赤壁賦字。七言近體十四首。五言近體二十首。七言絶句二十首。五言絶句五十首。共一百四首。時在沔川客浦別業。 其30	송별(farewell)	77	82%	title	
P08691	壬戌七月旣望。海浦舟中。集蘇東坡前赤壁賦字。七言近體十四首。五言近體二十首。七言絶句二十首。五言絶句五十首。共一百四首。時在沔川客浦別業。 其31	송별(farewell)	76	82%	title	
P08692	壬戌七月旣望。海浦舟中。集蘇東坡前赤壁賦字。七言近體十四首。五言近體二十首。七言絶句二十首。五言絶句五十首。共一百四首。時在沔川客浦別業。 其32	송별(farewell)	75	82%	title, term	
P08693	壬戌七月旣望。海浦舟中。集蘇東坡前赤壁賦字。七言近體十四首。五言近體二十首。七言絶句二十首。五言絶句五十首。共一百四首。時在沔川客浦別業。 其33	송별(farewell)	77	82%	title	
P08694	壬戌七月旣望。海浦舟中。集蘇東坡前赤壁賦字。七言近體十四首。五言近體二十首。七言絶句二十首。五言絶句五十首。共一百四首。時在沔川客浦別業。 其34	송별(farewell)	75	82%	title, term	
P08695	壬戌七月旣望。海浦舟中。集蘇東坡前赤壁賦字。七言近體十四首。五言近體二十首。七言絶句二十首。五言絶句五十首。共一百四首。時在沔川客浦別業。 其35	송별(farewell)	76	82%	title	
P08696	壬戌七月旣望。海浦舟中。集蘇東坡前赤壁賦字。七言近體十四首。五言近體二十首。七言絶句二十首。五言絶句五十首。共一百四首。時在沔川客浦別業。 其36	송별(farewell)	75	82%	title	
P08697	壬戌七月旣望。海浦舟中。集蘇東坡前赤壁賦字。七言近體十四首。五言近體二十首。七言絶句二十首。五言絶句五十首。共一百四首。時在沔川客浦別業。 其37	송별(farewell)	74	82%	title	
P08698	壬戌七月旣望。海浦舟中。集蘇東坡前赤壁賦字。七言近體十四首。五言近體二十首。七言絶句二十首。五言絶句五十首。共一百四首。時在沔川客浦別業。 其38	송별(farewell)	76	82%	title	
P08699	壬戌七月旣望。海浦舟中。集蘇東坡前赤壁賦字。七言近體十四首。五言近體二十首。七言絶句二十首。五言絶句五十首。共一百四首。時在沔川客浦別業。 其39	송별(farewell)	77	82%	title, term	
P08700	壬戌七月旣望。海浦舟中。集蘇東坡前赤壁賦字。七言近體十四首。五言近體二十首。七言絶句二十首。五言絶句五十首。共一百四首。時在沔川客浦別業。 其40	송별(farewell)	77	82%	title	
P08701	壬戌七月旣望。海浦舟中。集蘇東坡前赤壁賦字。七言近體十四首。五言近體二十首。七言絶句二十首。五言絶句五十首。共一百四首。時在沔川客浦別業。 其41	송별(farewell)	77	82%	title	
P08702	壬戌七月旣望。海浦舟中。集蘇東坡前赤壁賦字。七言近體十四首。五言近體二十首。七言絶句二十首。五言絶句五十首。共一百四首。時在沔川客浦別業。 其42	송별(farewell)	75	82%	title	
P08703	壬戌七月旣望。海浦舟中。集蘇東坡前赤壁賦字。七言近體十四首。五言近體二十首。七言絶句二十首。五言絶句五十首。共一百四首。時在沔川客浦別業。 其43	송별(farewell)	75	82%	title	
P08704	壬戌七月旣望。海浦舟中。集蘇東坡前赤壁賦字。七言近體十四首。五言近體二十首。七言絶句二十首。五言絶句五十首。共一百四首。時在沔川客浦別業。 其44	송별(farewell)	77	82%	title	
P08705	壬戌七月旣望。海浦舟中。集蘇東坡前赤壁賦字。七言近體十四首。五言近體二十首。七言絶句二十首。五言絶句五十首。共一百四首。時在沔川客浦別業。 其45	송별(farewell)	77	82%	title	
P08706	壬戌七月旣望。海浦舟中。集蘇東坡前赤壁賦字。七言近體十四首。五言近體二十首。七言絶句二十首。五言絶句五十首。共一百四首。時在沔川客浦別業。 其46	송별(farewell)	77	82%	title, term	
P08707	壬戌七月旣望。海浦舟中。集蘇東坡前赤壁賦字。七言近體十四首。五言近體二十首。七言絶句二十首。五言絶句五十首。共一百四首。時在沔川客浦別業。 其47	송별(farewell)	77	82%	title	
P08708	壬戌七月旣望。海浦舟中。集蘇東坡前赤壁賦字。七言近體十四首。五言近體二十首。七言絶句二十首。五言絶句五十首。共一百四首。時在沔川客浦別業。 其48	송별(farewell)	77	82%	title	
P08709	壬戌七月旣望。海浦舟中。集蘇東坡前赤壁賦字。七言近體十四首。五言近體二十首。七言絶句二十首。五言絶句五十首。共一百四首。時在沔川客浦別業。 其49	송별(farewell)	77	82%	title	
P08710	壬戌七月旣望。海浦舟中。集蘇東坡前赤壁賦字。七言近體十四首。五言近體二十首。七言絶句二十首。五言絶句五十首。共一百四首。時在沔川客浦別業。 其50	송별(farewell)	77	82%	title	
P08711	壬戌七月旣望。海浦舟中。集蘇東坡前赤壁賦字。七言近體十四首。五言近體二十首。七言絶句二十首。五言絶句五十首。共一百四首。時在沔川客浦別業。 其51	송별(farewell)	76	82%	title	
P08712	壬戌七月旣望。海浦舟中。集蘇東坡前赤壁賦字。七言近體十四首。五言近體二十首。七言絶句二十首。五言絶句五十首。共一百四首。時在沔川客浦別業。 其52	송별(farewell)	77	82%	title	
P08713	壬戌七月旣望。海浦舟中。集蘇東坡前赤壁賦字。七言近體十四首。五言近體二十首。七言絶句二十首。五言絶句五十首。共一百四首。時在沔川客浦別業。 其53	송별(farewell)	76	82%	title	
P08714	壬戌七月旣望。海浦舟中。集蘇東坡前赤壁賦字。七言近體十四首。五言近體二十首。七言絶句二十首。五言絶句五十首。共一百四首。時在沔川客浦別業。 其54	송별(farewell)	77	82%	title	
P08715	壬戌七月旣望。海浦舟中。集蘇東坡前赤壁賦字。七言近體十四首。五言近體二十首。七言絶句二十首。五言絶句五十首。共一百四首。時在沔川客浦別業。 其55	송별(farewell)	77	82%	title	
P08716	壬戌七月旣望。海浦舟中。集蘇東坡前赤壁賦字。七言近體十四首。五言近體二十首。七言絶句二十首。五言絶句五十首。共一百四首。時在沔川客浦別業。 其56	송별(farewell)	77	82%	title	
P08717	壬戌七月旣望。海浦舟中。集蘇東坡前赤壁賦字。七言近體十四首。五言近體二十首。七言絶句二十首。五言絶句五十首。共一百四首。時在沔川客浦別業。 其57	송별(farewell)	77	82%	title	
P08718	壬戌七月旣望。海浦舟中。集蘇東坡前赤壁賦字。七言近體十四首。五言近體二十首。七言絶句二十首。五言絶句五十首。共一百四首。時在沔川客浦別業。 其58	송별(farewell)	77	82%	title	
P08719	壬戌七月旣望。海浦舟中。集蘇東坡前赤壁賦字。七言近體十四首。五言近體二十首。七言絶句二十首。五言絶句五十首。共一百四首。時在沔川客浦別業。 其59	송별(farewell)	77	82%	title	
P08720	壬戌七月旣望。海浦舟中。集蘇東坡前赤壁賦字。七言近體十四首。五言近體二十首。七言絶句二十首。五言絶句五十首。共一百四首。時在沔川客浦別業。 其60	송별(farewell)	77	82%	title	
P08721	壬戌七月旣望。海浦舟中。集蘇東坡前赤壁賦字。七言近體十四首。五言近體二十首。七言絶句二十首。五言絶句五十首。共一百四首。時在沔川客浦別業。 其61	송별(farewell)	77	82%	title	
P08722	壬戌七月旣望。海浦舟中。集蘇東坡前赤壁賦字。七言近體十四首。五言近體二十首。七言絶句二十首。五言絶句五十首。共一百四首。時在沔川客浦別業。 其62	송별(farewell)	77	82%	title	
P08723	壬戌七月旣望。海浦舟中。集蘇東坡前赤壁賦字。七言近體十四首。五言近體二十首。七言絶句二十首。五言絶句五十首。共一百四首。時在沔川客浦別業。 其63	송별(farewell)	77	82%	title, term	
P08724	壬戌七月旣望。海浦舟中。集蘇東坡前赤壁賦字。七言近體十四首。五言近體二十首。七言絶句二十首。五言絶句五十首。共一百四首。時在沔川客浦別業。 其64	송별(farewell)	77	82%	title	
P08725	壬戌七月旣望。海浦舟中。集蘇東坡前赤壁賦字。七言近體十四首。五言近體二十首。七言絶句二十首。五言絶句五十首。共一百四首。時在沔川客浦別業。 其65	송별(farewell)	77	82%	title	
P08726	壬戌七月旣望。海浦舟中。集蘇東坡前赤壁賦字。七言近體十四首。五言近體二十首。七言絶句二十首。五言絶句五十首。共一百四首。時在沔川客浦別業。 其66	송별(farewell)	77	82%	title	
P08727	壬戌七月旣望。海浦舟中。集蘇東坡前赤壁賦字。七言近體十四首。五言近體二十首。七言絶句二十首。五言絶句五十首。共一百四首。時在沔川客浦別業。 其67	송별(farewell)	77	82%	title	
P08728	壬戌七月旣望。海浦舟中。集蘇東坡前赤壁賦字。七言近體十四首。五言近體二十首。七言絶句二十首。五言絶句五十首。共一百四首。時在沔川客浦別業。 其68	송별(farewell)	77	82%	title	
P08729	壬戌七月旣望。海浦舟中。集蘇東坡前赤壁賦字。七言近體十四首。五言近體二十首。七言絶句二十首。五言絶句五十首。共一百四首。時在沔川客浦別業。 其69	송별(farewell)	77	82%	title	
P08730	壬戌七月旣望。海浦舟中。集蘇東坡前赤壁賦字。七言近體十四首。五言近體二十首。七言絶句二十首。五言絶句五十首。共一百四首。時在沔川客浦別業。 其70	송별(farewell)	77	82%	title	
P08731	壬戌七月旣望。海浦舟中。集蘇東坡前赤壁賦字。七言近體十四首。五言近體二十首。七言絶句二十首。五言絶句五十首。共一百四首。時在沔川客浦別業。 其71	송별(farewell)	77	82%	title	
P08732	壬戌七月旣望。海浦舟中。集蘇東坡前赤壁賦字。七言近體十四首。五言近體二十首。七言絶句二十首。五言絶句五十首。共一百四首。時在沔川客浦別業。 其72	송별(farewell)	77	82%	title	
P08733	壬戌七月旣望。海浦舟中。集蘇東坡前赤壁賦字。七言近體十四首。五言近體二十首。七言絶句二十首。五言絶句五十首。共一百四首。時在沔川客浦別業。 其73	송별(farewell)	77	82%	title	
P08734	壬戌七月旣望。海浦舟中。集蘇東坡前赤壁賦字。七言近體十四首。五言近體二十首。七言絶句二十首。五言絶句五十首。共一百四首。時在沔川客浦別業。 其74	송별(farewell)	77	82%	title	
P08735	壬戌七月旣望。海浦舟中。集蘇東坡前赤壁賦字。七言近體十四首。五言近體二十首。七言絶句二十首。五言絶句五十首。共一百四首。時在沔川客浦別業。 其75	송별(farewell)	77	82%	title	
P08736	壬戌七月旣望。海浦舟中。集蘇東坡前赤壁賦字。七言近體十四首。五言近體二十首。七言絶句二十首。五言絶句五十首。共一百四首。時在沔川客浦別業。 其76	송별(farewell)	77	82%	title	
P08737	壬戌七月旣望。海浦舟中。集蘇東坡前赤壁賦字。七言近體十四首。五言近體二十首。七言絶句二十首。五言絶句五十首。共一百四首。時在沔川客浦別業。 其77	송별(farewell)	77	82%	title	
P08738	壬戌七月旣望。海浦舟中。集蘇東坡前赤壁賦字。七言近體十四首。五言近體二十首。七言絶句二十首。五言絶句五十首。共一百四首。時在沔川客浦別業。 其78	송별(farewell)	76	82%	title	
P08739	壬戌七月旣望。海浦舟中。集蘇東坡前赤壁賦字。七言近體十四首。五言近體二十首。七言絶句二十首。五言絶句五十首。共一百四首。時在沔川客浦別業。 其79	송별(farewell)	77	82%	title	
P08740	壬戌七月旣望。海浦舟中。集蘇東坡前赤壁賦字。七言近體十四首。五言近體二十首。七言絶句二十首。五言絶句五十首。共一百四首。時在沔川客浦別業。 其80	송별(farewell)	77	82%	title	
P08741	壬戌七月旣望。海浦舟中。集蘇東坡前赤壁賦字。七言近體十四首。五言近體二十首。七言絶句二十首。五言絶句五十首。共一百四首。時在沔川客浦別業。 其81	송별(farewell)	77	82%	title	
P08742	壬戌七月旣望。海浦舟中。集蘇東坡前赤壁賦字。七言近體十四首。五言近體二十首。七言絶句二十首。五言絶句五十首。共一百四首。時在沔川客浦別業。 其82	송별(farewell)	77	82%	title, term	
P08743	壬戌七月旣望。海浦舟中。集蘇東坡前赤壁賦字。七言近體十四首。五言近體二十首。七言絶句二十首。五言絶句五十首。共一百四首。時在沔川客浦別業。 其83	송별(farewell)	77	82%	title	
P08744	壬戌七月旣望。海浦舟中。集蘇東坡前赤壁賦字。七言近體十四首。五言近體二十首。七言絶句二十首。五言絶句五十首。共一百四首。時在沔川客浦別業。 其84	송별(farewell)	77	82%	title	
P08745	壬戌七月旣望。海浦舟中。集蘇東坡前赤壁賦字。七言近體十四首。五言近體二十首。七言絶句二十首。五言絶句五十首。共一百四首。時在沔川客浦別業。 其85	송별(farewell)	77	82%	title	
P08746	壬戌七月旣望。海浦舟中。集蘇東坡前赤壁賦字。七言近體十四首。五言近體二十首。七言絶句二十首。五言絶句五十首。共一百四首。時在沔川客浦別業。 其86	송별(farewell)	77	82%	title	
P08747	壬戌七月旣望。海浦舟中。集蘇東坡前赤壁賦字。七言近體十四首。五言近體二十首。七言絶句二十首。五言絶句五十首。共一百四首。時在沔川客浦別業。 其87	송별(farewell)	77	82%	title	
P08748	壬戌七月旣望。海浦舟中。集蘇東坡前赤壁賦字。七言近體十四首。五言近體二十首。七言絶句二十首。五言絶句五十首。共一百四首。時在沔川客浦別業。 其88	송별(farewell)	76	82%	title	
P08749	壬戌七月旣望。海浦舟中。集蘇東坡前赤壁賦字。七言近體十四首。五言近體二十首。七言絶句二十首。五言絶句五十首。共一百四首。時在沔川客浦別業。 其89	송별(farewell)	77	82%	title	
P08750	壬戌七月旣望。海浦舟中。集蘇東坡前赤壁賦字。七言近體十四首。五言近體二十首。七言絶句二十首。五言絶句五十首。共一百四首。時在沔川客浦別業。 其90	송별(farewell)	77	82%	title, term	
P08751	壬戌七月旣望。海浦舟中。集蘇東坡前赤壁賦字。七言近體十四首。五言近體二十首。七言絶句二十首。五言絶句五十首。共一百四首。時在沔川客浦別業。 其91	송별(farewell)	77	82%	title, term	
P08752	壬戌七月旣望。海浦舟中。集蘇東坡前赤壁賦字。七言近體十四首。五言近體二十首。七言絶句二十首。五言絶句五十首。共一百四首。時在沔川客浦別業。 其92	송별(farewell)	77	82%	title, term	
P08753	壬戌七月旣望。海浦舟中。集蘇東坡前赤壁賦字。七言近體十四首。五言近體二十首。七言絶句二十首。五言絶句五十首。共一百四首。時在沔川客浦別業。 其93	송별(farewell)	75	82%	title	
P08754	壬戌七月旣望。海浦舟中。集蘇東坡前赤壁賦字。七言近體十四首。五言近體二十首。七言絶句二十首。五言絶句五十首。共一百四首。時在沔川客浦別業。 其94	송별(farewell)	77	82%	title	
P08755	壬戌七月旣望。海浦舟中。集蘇東坡前赤壁賦字。七言近體十四首。五言近體二十首。七言絶句二十首。五言絶句五十首。共一百四首。時在沔川客浦別業。 其95	송별(farewell)	77	82%	title	
P08756	壬戌七月旣望。海浦舟中。集蘇東坡前赤壁賦字。七言近體十四首。五言近體二十首。七言絶句二十首。五言絶句五十首。共一百四首。時在沔川客浦別業。 其96	송별(farewell)	77	82%	title, term	
P08757	壬戌七月旣望。海浦舟中。集蘇東坡前赤壁賦字。七言近體十四首。五言近體二十首。七言絶句二十首。五言絶句五十首。共一百四首。時在沔川客浦別業。 其97	송별(farewell)	77	82%	title	
P08758	壬戌七月旣望。海浦舟中。集蘇東坡前赤壁賦字。七言近體十四首。五言近體二十首。七言絶句二十首。五言絶句五十首。共一百四首。時在沔川客浦別業。 其98	송별(farewell)	77	82%	title	
P08759	壬戌七月旣望。海浦舟中。集蘇東坡前赤壁賦字。七言近體十四首。五言近體二十首。七言絶句二十首。五言絶句五十首。共一百四首。時在沔川客浦別業。 其99	송별(farewell)	77	82%	title	
P08760	壬戌七月旣望。海浦舟中。集蘇東坡前赤壁賦字。七言近體十四首。五言近體二十首。七言絶句二十首。五言絶句五十首。共一百四首。時在沔川客浦別業。 其100	송별(farewell)	76	82%	title	
P08761	壬戌七月旣望。海浦舟中。集蘇東坡前赤壁賦字。七言近體十四首。五言近體二十首。七言絶句二十首。五言絶句五十首。共一百四首。時在沔川客浦別業。 其101	송별(farewell)	77	82%	title	
P08762	壬戌七月旣望。海浦舟中。集蘇東坡前赤壁賦字。七言近體十四首。五言近體二十首。七言絶句二十首。五言絶句五十首。共一百四首。時在沔川客浦別業。 其102	송별(farewell)	77	82%	title	
P08763	壬戌七月旣望。海浦舟中。集蘇東坡前赤壁賦字。七言近體十四首。五言近體二十首。七言絶句二十首。五言絶句五十首。共一百四首。時在沔川客浦別業。 其103	송별(farewell)	77	82%	title	
P08764	壬戌七月旣望。海浦舟中。集蘇東坡前赤壁賦字。七言近體十四首。五言近體二十首。七言絶句二十首。五言絶句五十首。共一百四首。時在沔川客浦別業。 其104	송별(farewell)	77	82%	title	
P08765	壬戌七月旣望。海浦舟中。集蘇東坡前赤壁賦字。七言近體十四首。五言近體二十首。七言絶句二十首。五言絶句五十首。共一百四首。時在沔川客浦別業。 其105	송별(farewell)	77	82%	title	
P08766	是歲十月之望。復遊海浦。集後赤壁賦字。五言古詩二首。近體二首。七言近體二首。五言絶句二十首。七言絶句十首。共三十六首。	유람(travel)	83	94%	title, term	
P08767	是歲十月之望。復遊海浦。集後赤壁賦字。五言古詩二首。近體二首。七言近體二首。五言絶句二十首。七言絶句十首。共三十六首。 其二	유람(travel)	70	82%	title	
P08768	是歲十月之望。復遊海浦。集後赤壁賦字。五言古詩二首。近體二首。七言近體二首。五言絶句二十首。七言絶句十首。共三十六首。 其三	애상(sympathy)	52	38%	term	
P08769	是歲十月之望。復遊海浦。集後赤壁賦字。五言古詩二首。近體二首。七言近體二首。五言絶句二十首。七言絶句十首。共三十六首。 其4	유람(travel)	78	82%	title	
P08770	是歲十月之望。復遊海浦。集後赤壁賦字。五言古詩二首。近體二首。七言近體二首。五言絶句二十首。七言絶句十首。共三十六首。 其5	유람(travel)	65	52%	title	
P08771	是歲十月之望。復遊海浦。集後赤壁賦字。五言古詩二首。近體二首。七言近體二首。五言絶句二十首。七言絶句十首。共三十六首。 其6	유람(travel)	77	82%	title	
P08772	是歲十月之望。復遊海浦。集後赤壁賦字。五言古詩二首。近體二首。七言近體二首。五言絶句二十首。七言絶句十首。共三十六首。 其7	유람(travel)	62	52%	title	
P08773	是歲十月之望。復遊海浦。集後赤壁賦字。五言古詩二首。近體二首。七言近體二首。五言絶句二十首。七言絶句十首。共三十六首。 其8	유람(travel)	84	94%	title	
P08774	是歲十月之望。復遊海浦。集後赤壁賦字。五言古詩二首。近體二首。七言近體二首。五言絶句二十首。七言絶句十首。共三十六首。 其9	유람(travel)	75	82%	title	
P08775	是歲十月之望。復遊海浦。集後赤壁賦字。五言古詩二首。近體二首。七言近體二首。五言絶句二十首。七言絶句十首。共三十六首。 其10	유람(travel)	60	52%	title, term	
P08776	是歲十月之望。復遊海浦。集後赤壁賦字。五言古詩二首。近體二首。七言近體二首。五言絶句二十首。七言絶句十首。共三十六首。 其11	유람(travel)	74	82%	title	
P08777	是歲十月之望。復遊海浦。集後赤壁賦字。五言古詩二首。近體二首。七言近體二首。五言絶句二十首。七言絶句十首。共三十六首。 其12	유람(travel)	81	94%	title, term	
P08778	是歲十月之望。復遊海浦。集後赤壁賦字。五言古詩二首。近體二首。七言近體二首。五言絶句二十首。七言絶句十首。共三十六首。 其13	유람(travel)	91	94%	title	
P08779	是歲十月之望。復遊海浦。集後赤壁賦字。五言古詩二首。近體二首。七言近體二首。五言絶句二十首。七言絶句十首。共三十六首。 其14	유람(travel)	69	52%	title	
P08780	是歲十月之望。復遊海浦。集後赤壁賦字。五言古詩二首。近體二首。七言近體二首。五言絶句二十首。七言絶句十首。共三十六首。 其15	유람(travel)	79	82%	title	
P08781	是歲十月之望。復遊海浦。集後赤壁賦字。五言古詩二首。近體二首。七言近體二首。五言絶句二十首。七言絶句十首。共三十六首。 其16	유람(travel)	69	52%	title	
P08782	是歲十月之望。復遊海浦。集後赤壁賦字。五言古詩二首。近體二首。七言近體二首。五言絶句二十首。七言絶句十首。共三十六首。 其17	유람(travel)	87	94%	title	
P08783	是歲十月之望。復遊海浦。集後赤壁賦字。五言古詩二首。近體二首。七言近體二首。五言絶句二十首。七言絶句十首。共三十六首。 其18	유람(travel)	71	82%	title, term	
P08784	是歲十月之望。復遊海浦。集後赤壁賦字。五言古詩二首。近體二首。七言近體二首。五言絶句二十首。七言絶句十首。共三十六首。 其19	유람(travel)	61	52%	title	
P08785	是歲十月之望。復遊海浦。集後赤壁賦字。五言古詩二首。近體二首。七言近體二首。五言絶句二十首。七言絶句十首。共三十六首。 其20	유람(travel)	74	82%	title	
P08786	是歲十月之望。復遊海浦。集後赤壁賦字。五言古詩二首。近體二首。七言近體二首。五言絶句二十首。七言絶句十首。共三十六首。 其21	유람(travel)	91	94%	title	
P08787	是歲十月之望。復遊海浦。集後赤壁賦字。五言古詩二首。近體二首。七言近體二首。五言絶句二十首。七言絶句十首。共三十六首。 其22	유람(travel)	67	52%	title	
P08788	是歲十月之望。復遊海浦。集後赤壁賦字。五言古詩二首。近體二首。七言近體二首。五言絶句二十首。七言絶句十首。共三十六首。 其23	유람(travel)	72	82%	title	
P08789	是歲十月之望。復遊海浦。集後赤壁賦字。五言古詩二首。近體二首。七言近體二首。五言絶句二十首。七言絶句十首。共三十六首。 其24	유람(travel)	69	52%	title	
P08790	是歲十月之望。復遊海浦。集後赤壁賦字。五言古詩二首。近體二首。七言近體二首。五言絶句二十首。七言絶句十首。共三十六首。 其25	유람(travel)	91	94%	title, term	
P08791	是歲十月之望。復遊海浦。集後赤壁賦字。五言古詩二首。近體二首。七言近體二首。五言絶句二十首。七言絶句十首。共三十六首。 其26	유람(travel)	72	82%	title	
P08792	是歲十月之望。復遊海浦。集後赤壁賦字。五言古詩二首。近體二首。七言近體二首。五言絶句二十首。七言絶句十首。共三十六首。 其27	유람(travel)	79	82%	title	
P08793	是歲十月之望。復遊海浦。集後赤壁賦字。五言古詩二首。近體二首。七言近體二首。五言絶句二十首。七言絶句十首。共三十六首。 其28	유람(travel)	65	52%	title	
P08794	是歲十月之望。復遊海浦。集後赤壁賦字。五言古詩二首。近體二首。七言近體二首。五言絶句二十首。七言絶句十首。共三十六首。 其29	유람(travel)	68	52%	title	
P08795	是歲十月之望。復遊海浦。集後赤壁賦字。五言古詩二首。近體二首。七言近體二首。五言絶句二十首。七言絶句十首。共三十六首。 其30	유람(travel)	90	94%	title, term	
P08796	是歲十月之望。復遊海浦。集後赤壁賦字。五言古詩二首。近體二首。七言近體二首。五言絶句二十首。七言絶句十首。共三十六首。 其31	유람(travel)	60	52%	title	
P08797	是歲十月之望。復遊海浦。集後赤壁賦字。五言古詩二首。近體二首。七言近體二首。五言絶句二十首。七言絶句十首。共三十六首。 其32	유람(travel)	60	52%	title	
P08798	是歲十月之望。復遊海浦。集後赤壁賦字。五言古詩二首。近體二首。七言近體二首。五言絶句二十首。七言絶句十首。共三十六首。 其33	유람(travel)	78	82%	title	
P08799	是歲十月之望。復遊海浦。集後赤壁賦字。五言古詩二首。近體二首。七言近體二首。五言絶句二十首。七言絶句十首。共三十六首。 其34	유람(travel)	75	82%	title, term	
P08800	是歲十月之望。復遊海浦。集後赤壁賦字。五言古詩二首。近體二首。七言近體二首。五言絶句二十首。七言絶句十首。共三十六首。 其35	유람(travel)	88	94%	title	
P08801	是歲十月之望。復遊海浦。集後赤壁賦字。五言古詩二首。近體二首。七言近體二首。五言絶句二十首。七言絶句十首。共三十六首。 其36	유람(travel)	77	82%	title	
P08802	是歲十月之望。復遊海浦。集後赤壁賦字。五言古詩二首。近體二首。七言近體二首。五言絶句二十首。七言絶句十首。共三十六首。 其37	유람(travel)	66	52%	title	
P08803	次歸去來辭韻	송별(farewell)	68	52%	title, term	
P08804	雪賦	천문(astro)	62	52%	title, term	
P08805	雪賦 其二	송별(farewell)	44	27%	term	
P08806	擬長門賦	애상(sympathy)	63	52%	term	
P08807	孔雀賦 萬曆己丑秋日本國使臣來獻孔雀命放于西海島	애상(sympathy)	60	52%	term	
P08808	鳳凰翔于千仞賦 弘文館月課代人作	애상(sympathy)	52	38%	term	
P08809	鳳凰翔于千仞賦 弘文館月課代人作 其二	애상(sympathy)	56	38%	term	
P08810	弄雛賦 萬曆丙戌春成均館陞補儒生課製居魁時年十六	애상(sympathy)	54	38%	term	
P08811	東門柳賦 萬曆戊子秋進士初試魁	애상(sympathy)	45	27%	term	
P08812	樽酒樂餘春賦 弘文館月課代人製	애상(sympathy)	54	38%	term	
P08813	次王粲登樓韻 萬曆壬辰憂倭賊之亂奔竄嶺北流轉關西癸巳春登成川降仙樓作	애상(sympathy)	56	38%	term	
P08814	宴老人謠四章 在潭州時	인물(person)	58	38%	term	
P08815	宴老人謠四章 在潭州時 其二	애상(sympathy)	50	38%	term	
P08816	宴老人謠四章 在潭州時 其三	연회(banquet)	60	52%	term	
P08817	宴老人謠四章 在潭州時 其四	천문(astro)	31	14%	term	
P08818	柳與梅爭春 年十一歲辛巳春作	식물(plant)	72	82%	title	
P08819	踏靑在岱山別業作 戊子年	송별(farewell)	96	94%	title, term	
P08820	踏靑在岱山別業作 戊子年 附家君次韻	송별(farewell)	87	94%	title, term	
P08821	踏靑在岱山別業作 戊子年 附家君次韻 其二	송별(farewell)	95	94%	title	
P08822	踏靑在岱山別業作 戊子年 附家君次韻 其三	송별(farewell)	97	94%	title	
P08823	母別子	송별(farewell)	80	94%	title, term	
P08824	當死歎	변새(frontier)	51	38%	term	
P08825	食菜	송별(farewell)	36	14%	term	
P08826	憶諸兄	애상(sympathy)	42	27%	term	
P08827	憶伯兄	변새(frontier)	50	38%	term	
P08828	九月九日	애상(sympathy)	48	27%	term	
P08829	九月九日 其二	애상(sympathy)	58	38%	term	
P08830	九月九日 其三	계절(season)	61	52%	title, term	
P08831	九月九日 其四	애상(sympathy)	42	27%	term	
P08832	海之天	애상(sympathy)	67	52%	term	
P08833	海之天 其二	천문(astro)	18	17%	term	
P08834	海之天 其三	애상(sympathy)	57	38%	term	
P08835	冬至	애상(sympathy)	48	27%	term	
P08836	冬至 其二	계절(season)	52	38%	term	
P08837	上元	애상(sympathy)	56	38%	term	
P08838	上元 其二	계절(season)	41	27%	term	
P08839	七月十三日。雷雨大作。	천문(astro)	71	82%	title	
P08840	故政丞宅	애상(sympathy)	15	17%	term	
P08841	閏十一月十日庚寅。林川途中。	유람(travel)	96	94%	title	
P08842	途中遇雪作	유람(travel)	84	94%	title, term	
P08843	途中遇雪作 其二	유람(travel)	83	94%	title	
P08844	途中遇雪作 其三	유람(travel)	84	94%	title, term	
P08845	甲午二月二十六日。過兄弟井舊宅遺墟。兄弟井。在敦義門外。	유람(travel)	71	82%	title	
P08846	甲午二月二十六日。過兄弟井舊宅遺墟。兄弟井。在敦義門外。 其二	유람(travel)	71	82%	title	
P08847	次韻。留別權汝章之江都同宿夜話。君姊寓此郡。時君來省。仍暫留。	송별(farewell)	71	82%	title, term	
P08848	復㳄	송별(farewell)	54	38%	term	
P08849	元日夜夢權鞸	애상(sympathy)	48	27%	term	
P08850	江西聞隣舍歌者	애상(sympathy)	44	27%	term	
P08851	臘月五日。洪州新平安生員叔宅。卽席書呈。	기증(donate)	97	94%	title	
P08852	過昌德宮墟	유람(travel)	78	82%	title, term	
P08853	奉送南岳車公宰金城 丙申三月十三日	송별(farewell)	96	94%	title	
P08854	奉送南岳車公宰金城 丙申三月十三日 其二	송별(farewell)	86	94%	title, term	
P08855	別權汝章	송별(farewell)	90	94%	title	
P08856	別權汝章 其二	송별(farewell)	87	94%	title	
P08857	別權汝章 其三	송별(farewell)	95	94%	title	
P08858	別權汝章 其四	송별(farewell)	92	94%	title, term	
P08859	別權汝章 其五	송별(farewell)	88	94%	title	
P08860	楮島許巨源 淮 家。有懷權汝章。	강해(water)	53	38%	title	
P08861	楮島許巨源 淮 家。有懷權汝章。 附次韻	회고(reminiscence)	56	38%	title, term	
P08862	楮島有感	한적(tranquility)	43	27%	term	
P08863	八月十日。夜夢與權汝章尋寺刹。行山谷間。意自南鄕返江舍。翌朝。詩以候之。	유람(travel)	66	52%	title	
P08864	長鬚復命。汝章果反面已數日。馳往省之。	애상(sympathy)	48	27%	term	
P08865	送權汝章遊海西	송별(farewell)	80	94%	title	
P08866	送權汝章遊海西 其二	송별(farewell)	78	82%	title	
P08867	別權汝章後偶吟	송별(farewell)	84	94%	title, term	악부/제영(확신↓)
P08868	別權汝章後偶吟 其二	송별(farewell)	97	94%	title, term	
P08869	閏八月十三日。古玉鄭先生 碏 宅。遇李𢈪齋 廷冕。袖出二詩。一乃玉山族父 瑀 寄鄭先生。一乃𢈪齋次玉山。余亦謹步和之。三首。	기증(donate)	89	94%	title	
P08870	閏八月十三日。古玉鄭先生 碏 宅。遇李𢈪齋 廷冕。袖出二詩。一乃玉山族父 瑀 寄鄭先生。一乃𢈪齋次玉山。余亦謹步和之。三首。 其二	기증(donate)	93	94%	title	
P08871	閏八月十三日。古玉鄭先生 碏 宅。遇李𢈪齋 廷冕。袖出二詩。一乃玉山族父 瑀 寄鄭先生。一乃𢈪齋次玉山。余亦謹步和之。三首。 其三	기증(donate)	95	94%	title	
P08872	登高	계절(season)	44	27%	term	
P08873	登高 其二	애상(sympathy)	41	27%	term	
P08874	有懷王方洪先生	애상(sympathy)	44	27%	term	
P08875	望故園	애상(sympathy)	47	27%	term	
P08876	秋風三疊	계절(season)	55	38%	title, term	
P08877	秋風三疊 其二	계절(season)	60	52%	title, term	
P08878	秋風三疊 其三	계절(season)	61	52%	title, term	
P08879	次五山韻	산악(mountain)	56	38%	title	
P08880	次五山韻 其二	애상(sympathy)	52	38%	term	
P08881	次五山韻	애상(sympathy)	52	38%	term	
P08882	次五山韻 其二	한적(tranquility)	42	27%	term	
P08883	次五山韻 附元韻	산악(mountain)	57	38%	title	
P08884	次五山韻	애상(sympathy)	45	27%	term	
P08885	次五山韻 其二	한적(tranquility)	41	27%	term	
P08886	車五山與韓石峯來訪。醉後次五山韻。	산악(mountain)	53	38%	title	
P08887	次李巨容韻	계절(season)	58	38%	term	
P08888	發沔川。歷洪州，禮山，溫陽等地。還京城。時日本策使還。倭奴聲言復大擧來寇。中外震懼。賦役繁興。人民流散。所經州郡。廬舍一空。	유람(travel)	91	94%	title	
P08889	蘿薄沈菜呈官人進退格。代人作。	기증(donate)	97	94%	title	
P08890	答泰川具大受使君書	불교(buddhism)	37	14%	term	
P08891	邀洪輝世 瑞鳳 正字	계절(season)	45	27%	term	
P08892	三月三日。懷汝章。	회고(reminiscence)	70	82%	title	
P08893	春日述懷	애상(sympathy)	61	52%	title	
P08894	春思	애상(sympathy)	40	27%	term	
P08895	聽鶯	회고(reminiscence)	41	27%	term	
P08896	五峯李相公枉駕東園	애상(sympathy)	38	14%	term	
P08897	戲簡沈子順 時君病	계절(season)	48	27%	term	
P08898	東園卽事	기타(others)	69	52%	title	
P08899	五月九日。同李子鋼 堅鐵，李震伯 亨胤 兩秀才。步月叉溪洞。口占七絶。	유람(travel)	52	38%	title	
P08900	五月九日。同李子鋼 堅鐵，李震伯 亨胤 兩秀才。步月叉溪洞。口占七絶。 其二	계절(season)	51	38%	title	
P08901	五月九日。同李子鋼 堅鐵，李震伯 亨胤 兩秀才。步月叉溪洞。口占七絶。 其三	애상(sympathy)	40	27%	term	
P08902	五月九日。同李子鋼 堅鐵，李震伯 亨胤 兩秀才。步月叉溪洞。口占七絶。 其四	애상(sympathy)	48	27%	term	
P08903	五月九日。同李子鋼 堅鐵，李震伯 亨胤 兩秀才。步月叉溪洞。口占七絶。 其五	계절(season)	52	38%	title	
P08904	五月九日。同李子鋼 堅鐵，李震伯 亨胤 兩秀才。步月叉溪洞。口占七絶。 其六	계절(season)	50	38%	title	
P08905	五月九日。同李子鋼 堅鐵，李震伯 亨胤 兩秀才。步月叉溪洞。口占七絶。 其七	유람(travel)	60	52%	title, term	
P08906	解金冠玉嘲縱飮不讀書	회고(reminiscence)	45	27%	term	
P08907	解金冠玉嘲縱飮不讀書 其二	회고(reminiscence)	39	14%	term	
P08908	解金冠玉嘲縱飮不讀書 其三	한적(tranquility)	47	27%	term	
P08909	獨坐	유람(travel)	17	17%	term	
P08910	聞玉娥歌故寅城鄭相公思美人曲	송별(farewell)	40	27%	term	악부/제영(확신↓)
P08911	聞玉娥歌故寅城鄭相公思美人曲 其二	인물(person)	50	38%	title	
P08912	東園先生醉時歌 三章竝敍	애상(sympathy)	44	27%	term	
P08913	訥翁畫像。戲題。	도화(picture)	72	82%	title	
P08914	中元日。訪𢈪齋。酒後。携立之，輝世。乘月竝馬而來。復飮東園。	건물(structure)	51	38%	title	
P08915	七月二十六日作	변새(frontier)	51	38%	term	
P08916	有懷權汝章	회고(reminiscence)	67	52%	title	
P08917	答具大受使君書	애상(sympathy)	52	38%	term	
P08918	答具大受使君書 其二	애상(sympathy)	44	27%	term	
P08919	九日行	계절(season)	52	38%	title, term	악부/제영(확신↓)
P08920	秋夜五歌	애상(sympathy)	41	27%	term	악부/제영(확신↓)
P08921	秋夜五歌 其二	계절(season)	53	38%	title	
P08922	秋夜五歌 其三	애상(sympathy)	59	38%	term	
P08923	秋夜五歌 其四	변새(frontier)	43	27%	term	
P08924	秋夜五歌 其五	계절(season)	58	38%	title	
P08925	夢汝章	애상(sympathy)	40	27%	term	
P08926	夢汝章 其二	애상(sympathy)	54	38%	term	
P08927	歲暮歎	계절(season)	52	38%	title	
P08928	奉送伯氏通判洪州	송별(farewell)	97	94%	title	
P08929	沔川滄澤里從兄安仁田墅作。	인물(person)	41	27%	term	
P08930	沔川滄澤里從兄安仁田墅作。 其二	애상(sympathy)	57	38%	term	
P08931	沔川滄澤里從兄安仁田墅作。 其三	애상(sympathy)	51	38%	term	
P08932	早發牙山小北里。夕次振威沙邑橋。途中口號。十二月二十七日。	유람(travel)	97	94%	title	
P08933	早發牙山小北里。夕次振威沙邑橋。途中口號。十二月二十七日。 其二	유람(travel)	97	94%	title	
P08934	早發牙山小北里。夕次振威沙邑橋。途中口號。十二月二十七日。 其三	유람(travel)	97	94%	title, term	
P08935	奉謝李尙書惠筆墨	기증(donate)	65	52%	title	
P08936	奉謝李尙書惠筆墨 其二	기증(donate)	57	38%	title	
P08937	李尙書宅作	회방(meet)	18	17%	term	
P08938	奉謝李尙書香柄之惠	기증(donate)	56	38%	title	
P08939	東園卽事。謹次古玉鄭先生禿浦田舍閑居詠興之韻。	기타(others)	72	82%	title	
P08940	東園卽事。謹次古玉鄭先生禿浦田舍閑居詠興之韻。 附元韻	기타(others)	84	94%	title	
P08941	走筆簡權汝章 時君在海州	기증(donate)	53	38%	title	
P08942	送雷武擧廻天朝赴會試	송별(farewell)	97	94%	title	
P08943	書贈浙江征士赴嶺南防倭奴	기증(donate)	97	94%	title	
P08944	海口晩眺	애상(sympathy)	52	38%	term	
P08945	題沔川郡滄澤里子聖 安仁 兄草堂壁上 兄號酒峯處士	건물(structure)	54	38%	title	
P08946	楊花渡趙持世家。別權汝章。時君往豐德郡	송별(farewell)	95	94%	title, term	
P08947	楊花渡趙持世家。別權汝章。時君往豐德郡 附次韻	송별(farewell)	81	94%	title, term	
P08948	楊花渡趙持世家。別權汝章。時君往豐德郡 附次韻 其二	송별(farewell)	82	94%	title, term	
P08949	寄大受	기증(donate)	89	94%	title	
P08950	九月二十一日夜。麻浦奉餞古玉鄭先生洪州之行。席上口號。	송별(farewell)	42	27%	term	
P08951	奉陪月汀尹相公遊臺山 二首	유람(travel)	71	82%	title, term	
P08952	奉陪月汀尹相公遊臺山 二首 其二	유람(travel)	67	52%	title, term	
P08953	次尹次野見過不遇韻	유람(travel)	78	82%	title	
P08954	題𢈪齋畫扇 二首	도화(picture)	61	52%	title	
P08955	題𢈪齋畫扇 二首 其二	도화(picture)	72	82%	title	
P08956	冬夜。宿朴叔夜 燁 正字家。曉起口占。	유람(travel)	87	94%	title	
P08957	冬夜。宿朴叔夜 燁 正字家。曉起口占。 其二	유람(travel)	86	94%	title	
P08958	茅齋詠雪 二首	천문(astro)	64	52%	title	
P08959	茅齋詠雪 二首 其二	천문(astro)	67	52%	title	
P08960	和朴叔夜初月	도교(taoism)	45	27%	term	
P08961	和朴叔夜初月 其二	현달(prosper)	36	14%	term	
P08962	和朴叔夜初月 附元韻	변새(frontier)	36	14%	term	
P08963	乘月步至石水庵 三絶	천문(astro)	27	16%	term	
P08964	乘月步至石水庵 三絶 其二	불교(buddhism)	37	14%	term	
P08965	乘月步至石水庵 三絶 其三	불교(buddhism)	21	16%	term	
P08966	茅齋述懷書壁	애상(sympathy)	70	82%	title, term	
P08967	茅齋曉起。大雪初霽。園林皎然。玉樹相映。粲爛若梨花之盛開。散亂如柳絮之輕飛。殊使人興不自勝。敢綴古人陳言。以記一時淸賞云。	천문(astro)	55	38%	title	
P08968	茅齋雪後。更賦一絶。	천문(astro)	63	52%	title	
P08969	西江逢黃存畏 奭 秀才	회고(reminiscence)	42	27%	term	
P08970	次許郞中韻。贈秋香。請諸公同賦。香字桂英。長城名姝。	천문(astro)	41	27%	term	차운(제목 donate 무시)
P08971	次許郞中韻。贈秋香。請諸公同賦。香字桂英。長城名姝。 其二	애상(sympathy)	41	27%	term	차운(제목 donate 무시)
P08972	次許郞中韻。贈秋香。請諸公同賦。香字桂英。長城名姝。 其三	건물(structure)	52	38%	title, term	차운(제목 donate 무시)
P08973	次許郞中韻。贈秋香。請諸公同賦。香字桂英。長城名姝。 其四	건물(structure)	52	38%	title, term	차운(제목 donate 무시)
P08974	疊用絲字韻。示鳴皐子。	송별(farewell)	44	27%	term	
P08975	三月三日。同車五山。飮于南山下。占韻得靑字。五山卽口號二首。仍命訥同賦。用記一時之興云。	산악(mountain)	53	38%	title	
P08976	三月三日。同車五山。飮于南山下。占韻得靑字。五山卽口號二首。仍命訥同賦。用記一時之興云。 其二	애상(sympathy)	42	27%	term	
P08977	三月三日。同車五山。飮于南山下。占韻得靑字。五山卽口號二首。仍命訥同賦。用記一時之興云。 其三	산악(mountain)	54	38%	title	
P08978	次權汝章見寄之韻	한적(tranquility)	37	14%	term	차운(제목 donate 무시)
P08979	東園杏花晩開。戲占一絶。奉呈五峯相公。	기증(donate)	96	94%	title	
P08980	東園卽席。五峯相公命訥賦詩。戲占吳體一首。走筆書呈。	기증(donate)	90	94%	title	
P08981	陳御史挽詞	애상(sympathy)	97	94%	title, term	
P08982	陳御史挽詞 其二	애상(sympathy)	97	94%	title, term	
P08983	奉送李尙書檢護陳御史靈櫬之義州	송별(farewell)	97	94%	title	
P08984	龍山月夜。聞歌姬唱故寅城鄭相公思美人曲。率爾口占。示趙持世昆季。	애상(sympathy)	42	27%	term	
P08985	書石水庵四喜會題名錄後 幷序	도화(picture)	54	38%	title	
P08986	西江村舍。奉謁五峯相公。席上率題。時公自關西。僑居江村。	유람(travel)	54	38%	title	
P08987	龍山趙持世僦居小樓。夜飮。	산악(mountain)	50	38%	title	
P08988	送沔川李孝移使君之任	송별(farewell)	97	94%	title	
P08989	仁政殿 二十韻排律。文臣庭試第二。	애상(sympathy)	25	16%	term	
P08990	挽詞[李植]	애상(sympathy)	97	94%	title	
P08991	挽詞[李植] 其二	애상(sympathy)	97	94%	title	
P08992	挽詞[李植] 其三	애상(sympathy)	87	94%	title, term	
P08993	挽詞[李植] 其四	애상(sympathy)	97	94%	title, term	
P08994	挽詞[李景奭]	애상(sympathy)	96	94%	title, term	
P08995	挽詞[李景奭] 其二	애상(sympathy)	94	94%	title	
P08996	挽詞[申翊聖]	애상(sympathy)	97	94%	title, term	
P08997	挽詞[鄭弘溟]	애상(sympathy)	95	94%	title, term	
P08998	挽詞[睦長欽]	애상(sympathy)	93	94%	title	
P08999	挽詞[金大德]	애상(sympathy)	97	94%	title, term	
P09000	挽詞[金大德]	애상(sympathy)	89	94%	title, term	
P09001	挽詞[金蓍國]	애상(sympathy)	94	94%	title, term	
P09002	挽詞[李景義]	애상(sympathy)	97	94%	title	
P09003	挽詞[李景義] 其二	애상(sympathy)	85	94%	title	
P09004	挽詞[李景義] 其三	애상(sympathy)	97	94%	title, term	
P09005	挽詞[趙錫胤]	애상(sympathy)	97	94%	title, term	
P09006	挽詞[趙錫胤] 其二	애상(sympathy)	95	94%	title, term	
P09007	挽詞[趙錫胤] 其三	애상(sympathy)	96	94%	title, term	
P09008	挽詞[崔繼勳]	애상(sympathy)	97	94%	title	
P09009	挽詞[蔡裕後]	애상(sympathy)	97	94%	title	
P09010	挽詞[趙緯韓]	애상(sympathy)	87	94%	title, term	
P09011	挽詞[李景憲]	애상(sympathy)	92	94%	title, term	
P09012	挽詞[曺文秀]	애상(sympathy)	94	94%	title	
P09013	挽詞[鄭斗卿]	애상(sympathy)	97	94%	title	
P09014	挽詞[鄭斗卿] 其二	애상(sympathy)	97	94%	title, term	
P09015	挽詞[鄭斗卿] 其三	애상(sympathy)	97	94%	title	
P09016	挽詞[鄭斗卿] 其四	애상(sympathy)	97	94%	title	