id	제목	제안분류	확신도	구간정밀도	근거	비고
P21024	直玉堂紀懷錄奉孝仲元友兩內相	(작업자 기입)	-	-	-	-
P21025	直玉堂紀懷錄奉孝仲元友兩內相其二	(작업자 기입)	-	-	-	-
P21026	邇來觸興有作輒棄不收輳得五首錄奉孝仲求和	(작업자 기입)	-	-	-	-
P21027	邇來觸興有作輒棄不收輳得五首錄奉孝仲求和 其二	(작업자 기입)	-	-	-	-
P21028	邇來觸興有作輒棄不收輳得五首錄奉孝仲求和 其三	(작업자 기입)	-	-	-	-
P21029	邇來觸興有作輒棄不收輳得五首錄奉孝仲求和 其四	(작업자 기입)	-	-	-	-
P21030	邇來觸興有作輒棄不收輳得五首錄奉孝仲求和其五	(작업자 기입)	-	-	-	-
P21031	送李子賀赴西塞	(작업자 기입)	-	-	-	-
P21032	送李子賀赴西塞 其二	(작업자 기입)	-	-	-	-
P21033	送李子賀赴西塞 其三	(작업자 기입)	-	-	-	-
P21034	謝開城閔經歷耆伯寄氈帽	(작업자 기입)	-	-	-	-
P21035	和蘇元友內相見寄韻	(작업자 기입)	-	-	-	-
P21036	和蘇元友內相見寄韻 其二	(작업자 기입)	-	-	-	-
P21037	送潘節使公父赴咸鏡南道	(작업자 기입)	-	-	-	-
P21038	送潘節使公父赴咸鏡南道 其二	(작업자 기입)	-	-	-	-
P21039	送潘節使公父赴咸鏡南道 其三	(작업자 기입)	-	-	-	-
P21040	送潘節使公父赴咸鏡南道 其四	(작업자 기입)	-	-	-	-
P21041	答元友內相	(작업자 기입)	-	-	-	-
P21042	答元友內相 其二	(작업자 기입)	-	-	-	-
P21043	答元友內相 其三	(작업자 기입)	-	-	-	-
P21044	酬元友內相韻	(작업자 기입)	-	-	-	-
P21045	酬元友內相韻 其二	(작업자 기입)	-	-	-	-
P21046	酬元友內相韻 其三	(작업자 기입)	-	-	-	-
P21047	酬元友內相韻 其四	(작업자 기입)	-	-	-	-
P21048	酬元友內相韻 其五	(작업자 기입)	-	-	-	-
P21049	酬元友內相韻 其六	(작업자 기입)	-	-	-	-
P21050	送孝仲內相寧覲嶺南	(작업자 기입)	-	-	-	-
P21051	送孝仲內相寧覲嶺南 其二	(작업자 기입)	-	-	-	-
P21052	奉別成之寅長按關西	(작업자 기입)	-	-	-	-
P21053	奉別成之寅長按關西 其二	(작업자 기입)	-	-	-	-
P21054	奉別成之寅長按關西 其三	(작업자 기입)	-	-	-	-
P21055	酬元友內相見寄之韻	(작업자 기입)	-	-	-	-
P21056	酬元友內相見寄之韻 其二	(작업자 기입)	-	-	-	-
P21057	酬元友內相見寄之韻 其三	(작업자 기입)	-	-	-	-
P21058	酬元友內相見寄之韻 其四	(작업자 기입)	-	-	-	-
P21059	偶紀懷。錄奉灌圃堂丈人求敎。	(작업자 기입)	-	-	-	-
P21060	偶紀懷。錄奉灌圃堂丈人求敎。 其二	(작업자 기입)	-	-	-	-
P21061	偶紀懷。錄奉灌圃堂丈人求敎。 其三	(작업자 기입)	-	-	-	-
P21062	偶紀懷。錄奉灌圃堂丈人求敎。 其四	(작업자 기입)	-	-	-	-
P21063	偶紀懷。錄奉灌圃堂丈人求敎。 其五	(작업자 기입)	-	-	-	-
P21064	依韻答困庵內相	(작업자 기입)	-	-	-	-
P21065	依韻答困庵內相 其二	(작업자 기입)	-	-	-	-
P21066	依韻答困庵內相 其三	(작업자 기입)	-	-	-	-
P21067	依韻答困庵內相 其四	(작업자 기입)	-	-	-	-
P21068	依韻答困庵內相 其五	(작업자 기입)	-	-	-	-
P21069	疊前韻。酬困庵。	(작업자 기입)	-	-	-	-
P21070	疊前韻。酬困庵。 其二	(작업자 기입)	-	-	-	-
P21071	疊前韻。酬困庵。 其三	(작업자 기입)	-	-	-	-
P21072	疊前韻。酬困庵。 其四	(작업자 기입)	-	-	-	-
P21073	疊前韻。酬困庵。 其五	(작업자 기입)	-	-	-	-
P21074	釋悶有寄	(작업자 기입)	-	-	-	-
P21075	釋悶有寄 其二	(작업자 기입)	-	-	-	-
P21076	中原。示朴昌世使君。	(작업자 기입)	-	-	-	-
P21077	依韻答昌世	(작업자 기입)	-	-	-	-
P21078	偶記鄭司諫知常丹月驛韻。輳得五絶。錄似昌世。博笑。	(작업자 기입)	-	-	-	-
P21079	偶記鄭司諫知常丹月驛韻。輳得五絶。錄似昌世。博笑。 其二	(작업자 기입)	-	-	-	-
P21080	偶記鄭司諫知常丹月驛韻。輳得五絶。錄似昌世。博笑。 其三	(작업자 기입)	-	-	-	-
P21081	偶記鄭司諫知常丹月驛韻。輳得五絶。錄似昌世。博笑。 其四	(작업자 기입)	-	-	-	-
P21082	偶記鄭司諫知常丹月驛韻。輳得五絶。錄似昌世。博笑。 其五	(작업자 기입)	-	-	-	-
P21083	途中疊前韻。付遞送昌世。	(작업자 기입)	-	-	-	-
P21084	途中疊前韻。付遞送昌世。 其二	(작업자 기입)	-	-	-	-
P21085	途中疊前韻。付遞送昌世。 其三	(작업자 기입)	-	-	-	-
P21086	途中疊前韻。付遞送昌世。 其四	(작업자 기입)	-	-	-	-
P21087	途中疊前韻。付遞送昌世。 其五	(작업자 기입)	-	-	-	-
P21088	宿聞慶。與同年金鍊卿夜話。書贈。	(작업자 기입)	-	-	-	-
P21089	宿聞慶。與同年金鍊卿夜話。書贈。 其二	(작업자 기입)	-	-	-	-
P21090	舟過無盡亭。訪可而。索賦。醉中率然題五首。	(작업자 기입)	-	-	-	-
P21091	舟過無盡亭。訪可而。索賦。醉中率然題五首。 其二	(작업자 기입)	-	-	-	-
P21092	舟過無盡亭。訪可而。索賦。醉中率然題五首。 其三	(작업자 기입)	-	-	-	-
P21093	舟過無盡亭。訪可而。索賦。醉中率然題五首。 其四	건물(structure)	67	52%	title	
P21094	舟過無盡亭。訪可而。索賦。醉中率然題五首。 其五	(작업자 기입)	-	-	-	-
P21095	發船無盡亭下 尙州地	(작업자 기입)	-	-	-	-
P21096	鸕鶿巖 善山地	(작업자 기입)	-	-	-	-
P21097	鸕鶿巖 善山地 其二	(작업자 기입)	-	-	-	-
P21098	舟行卽事	(작업자 기입)	-	-	-	-
P21099	下矴。宿寶泉灘。善山地	(작업자 기입)	-	-	-	-
P21100	曉發寶泉灘	(작업자 기입)	-	-	-	-
P21101	舟中敍悶	강해(water)	57	38%	title	
P21102	泊羊場站 仁同地	(작업자 기입)	-	-	-	-
P21103	江上晩景	(작업자 기입)	-	-	-	-
P21104	漆津 仁同地	(작업자 기입)	-	-	-	-
P21105	有感	(작업자 기입)	-	-	-	-
P21106	東原站 星州地	(작업자 기입)	-	-	-	-
P21107	祖巖 星州地	(작업자 기입)	-	-	-	-
P21108	石門巖 星州地	(작업자 기입)	-	-	-	-
P21109	臺巖亭 李子賀所築	(작업자 기입)	-	-	-	-
P21110	沙幕站 草溪地	(작업자 기입)	-	-	-	-
P21111	宿世珍第。記懷。	(작업자 기입)	-	-	-	-
P21112	宿世珍第。記懷。 其二	(작업자 기입)	-	-	-	-
P21113	宿世珍第。記懷。 其三	(작업자 기입)	-	-	-	-
P21114	宿世珍第。記懷。 其四	(작업자 기입)	-	-	-	-
P21115	宿世珍第。記懷。 其五	(작업자 기입)	-	-	-	-
P21116	遊鼎巖逢雨。徑還客館。	(작업자 기입)	-	-	-	-
P21117	宜寧館紫薇花	(작업자 기입)	-	-	-	-
P21118	野行	(작업자 기입)	-	-	-	-
P21119	夜坐。聞蟲聲有感。	(작업자 기입)	-	-	-	-
P21120	姜節婦行	(작업자 기입)	-	-	-	-
P21121	家童割蜜見報	(작업자 기입)	-	-	-	-
P21122	得家書。憂不能寐。	(작업자 기입)	-	-	-	-
P21123	題世珍牙湖精舍。用魚子游韻。	(작업자 기입)	-	-	-	-
P21124	題世珍牙湖精舍。用魚子游韻。 其二	(작업자 기입)	-	-	-	-
P21125	題世珍牙湖精舍。用魚子游韻。 其三	(작업자 기입)	-	-	-	-
P21126	題世珍牙湖精舍。用魚子游韻。 其四	(작업자 기입)	-	-	-	-
P21127	題世珍牙湖精舍。用魚子游韻。 其五	(작업자 기입)	-	-	-	-
P21128	題世珍牙湖精舍。用魚子游韻。 其六	(작업자 기입)	-	-	-	-
P21129	夜懷	애상(sympathy)	47	27%	term	
P21130	喜晴	송별(farewell)	39	14%	term	
P21131	宜寧館步月	애상(sympathy)	24	16%	term	
P21132	題水晶堂。用前人韻。堂在丹溪縣。上舍金晦叔所築。	건물(structure)	53	38%	title	
P21133	雨不止。疊前韻。	천문(astro)	57	38%	title	
P21134	雨不止。疊前韻。 其二	천문(astro)	57	38%	title	
P21135	主人有詩索和。依韻答之。	애상(sympathy)	45	27%	term	
P21136	宿咸陽館。錄懷寄舍弟潛仲。	기증(donate)	66	52%	title	
P21137	宿咸陽館。錄懷寄舍弟潛仲。 其二	기증(donate)	66	52%	title	
P21138	咸陽感舊	애상(sympathy)	59	38%	term	
P21139	荒山戰場 卽我太祖捷倭之地	산악(mountain)	71	82%	title	
P21140	萬福寺 南原地。寺今頹落。	불교(buddhism)	64	52%	title	
P21141	完山感舊	애상(sympathy)	41	27%	term	
P21142	途中。紀懷十絶。錄寄潘公父。公父以公州牧使。恩除咸鏡南道節度使。將赴召。	유람(travel)	62	52%	title	
P21143	途中。紀懷十絶。錄寄潘公父。公父以公州牧使。恩除咸鏡南道節度使。將赴召。 其二	유람(travel)	62	52%	title	
P21144	途中。紀懷十絶。錄寄潘公父。公父以公州牧使。恩除咸鏡南道節度使。將赴召。 其三	유람(travel)	62	52%	title	
P21145	途中。紀懷十絶。錄寄潘公父。公父以公州牧使。恩除咸鏡南道節度使。將赴召。 其四	유람(travel)	62	52%	title	
P21146	途中。紀懷十絶。錄寄潘公父。公父以公州牧使。恩除咸鏡南道節度使。將赴召。 其五	유람(travel)	62	52%	title	
P21147	途中。紀懷十絶。錄寄潘公父。公父以公州牧使。恩除咸鏡南道節度使。將赴召。 其六	유람(travel)	62	52%	title, term	
P21148	途中。紀懷十絶。錄寄潘公父。公父以公州牧使。恩除咸鏡南道節度使。將赴召。 其七	유람(travel)	62	52%	title	
P21149	途中。紀懷十絶。錄寄潘公父。公父以公州牧使。恩除咸鏡南道節度使。將赴召。 其八	유람(travel)	62	52%	title	
P21150	途中。紀懷十絶。錄寄潘公父。公父以公州牧使。恩除咸鏡南道節度使。將赴召。 其九	유람(travel)	62	52%	title	
P21151	途中。紀懷十絶。錄寄潘公父。公父以公州牧使。恩除咸鏡南道節度使。將赴召。 其十	유람(travel)	62	52%	title	
P21152	次木川樓韻	애상(sympathy)	24	16%	term	
P21153	阻風河濱站。寄朴君澤內相。	기증(donate)	97	94%	title	
P21154	舟次東原津。鄭都事仁甫，李通判夔追餞。	애상(sympathy)	53	38%	term	
P21155	舟次東原津。鄭都事仁甫，李通判夔追餞。 其二	계절(season)	37	14%	term	
P21156	舟次東原津。鄭都事仁甫，李通判夔追餞。 其三	회방(meet)	39	14%	term	
P21157	書懷	회고(reminiscence)	56	38%	title	
P21158	書懷 其二	애상(sympathy)	41	27%	term	
P21159	除夕夜坐。贈金直卿。	기증(donate)	97	94%	title	
P21160	除夕夜坐。贈金直卿。 其二	기증(donate)	97	94%	title	
P21161	除夕夜坐。贈金直卿。 其三	기증(donate)	97	94%	title	
P21162	除夕夜坐。贈金直卿。 其四	기증(donate)	97	94%	title	
P21163	答金直卿見寄韻	기증(donate)	97	94%	title	
P21164	答金直卿見寄韻 其二	기증(donate)	89	94%	title	
P21165	寄昌齡	기증(donate)	93	94%	title	
P21166	寄昌齡使君	기증(donate)	90	94%	title	
P21167	寄昌齡使君 其二	기증(donate)	97	94%	title	
P21168	疊前韻。寄昌齡。	기증(donate)	97	94%	title	
P21169	疊前韻。寄昌齡。 其二	기증(donate)	97	94%	title	
P21170	題挹碧堂上舍李正仲所扁	건물(structure)	53	38%	title	
P21171	題挹碧堂上舍李正仲所扁 其二	건물(structure)	53	38%	title	
P21172	題挹碧堂上舍李正仲所扁 其三	건물(structure)	53	38%	title	
P21173	題挹碧堂上舍李正仲所扁 其四	건물(structure)	53	38%	title	
P21174	題挹碧堂上舍李正仲所扁 其五	건물(structure)	53	38%	title	
P21175	悼止亭相公	건물(structure)	62	52%	title	
P21176	題李世珍快哉亭	건물(structure)	79	82%	title	
P21177	中秋月感懷	계절(season)	62	52%	title	
P21178	中秋月感懷 其二	계절(season)	60	52%	title	
P21179	題曹判書草亭	건물(structure)	79	82%	title	
P21180	奉別曹判書億之榮覲還京之行	송별(farewell)	86	94%	title	악부/제영(확신↓)
P21181	奉別曹判書億之榮覲還京之行 其二	송별(farewell)	89	94%	title	
P21182	奉別曹判書億之榮覲還京之行 其三	송별(farewell)	96	94%	title	
P21183	奉別伯氏還京。用柳儀曹別舍弟宗一韻。	송별(farewell)	89	94%	title, term	
P21184	來途。懷甚悄愴。口占一首。	회고(reminiscence)	53	38%	title	
P21185	孝仲，百順見訪。有詩見志。步韻酬之。	인물(person)	37	14%	term	
P21186	孝仲將行。詩以識別。	송별(farewell)	95	94%	title, term	
P21187	許彥寬邀上鹽倉峯。奇絶無雙。自言先人欲築亭云。	건물(structure)	75	82%	title	
P21188	許彥寬邀上鹽倉峯。奇絶無雙。自言先人欲築亭云。 其二	건물(structure)	78	82%	title	
P21189	無題。效李義山。	기타(others)	68	52%	title	
P21190	無題。效李義山。 其二	기타(others)	68	52%	title	
P21191	大浦收魚槮。示許彥寬。	강해(water)	45	27%	term	
P21192	大浦收魚槮。示許彥寬。 其二	애상(sympathy)	50	38%	term	
P21193	大浦收魚槮。示許彥寬。 其三	-(-)	0	0%		신호 없음
P21194	大浦收魚槮。示許彥寬。 其四	천문(astro)	22	16%	term	
P21195	大浦收魚槮。示許彥寬。 其五	송별(farewell)	38	14%	term	
P21196	卽事	기타(others)	78	82%	title	
P21197	卽事 其二	기타(others)	75	82%	title	
P21198	柳伯應容軒六詠	건물(structure)	78	82%	title	
P21199	柳伯應容軒六詠 其二	회고(reminiscence)	41	27%	term	
P21200	柳伯應容軒六詠 其三	건물(structure)	58	38%	title	
P21201	柳伯應容軒六詠 其四	건물(structure)	65	52%	title	
P21202	柳伯應容軒六詠 其五	강해(water)	39	14%	term	
P21203	柳伯應容軒六詠 其六	건물(structure)	80	94%	title	
P21204	與昌齡會飮正仲家。卽席。	송별(farewell)	48	27%	term	
P21205	十六夜夢。京旨除余評事。傍有五六人。皆稱學官。余不能無憾。卒然占句云。麤才只合參戎幕。子輩猶爲學省官。覺而怪之。足成一律云。	애상(sympathy)	46	27%	term	
P21206	長至感懷	계절(season)	45	27%	term	
P21207	長至感懷 其二	회고(reminiscence)	66	52%	title	
P21208	長至感懷 其三	애상(sympathy)	45	27%	term	
P21209	依韻和昌齡使君	송별(farewell)	39	14%	term	
P21210	疊前韻。效香奩寄昌齡。	기증(donate)	86	94%	title	
P21211	初度日有感	애상(sympathy)	69	52%	title, term	
P21212	南俗盛上塚。老幼聚食祭餘。醉飽而歸。余居傍麓。馬鬣纍纍然。孤旅中悵憶丘壟。情可勝乎。仍書一絶。	송별(farewell)	60	52%	title	
P21213	臘日書懷。錄奉昌齡使君。	회고(reminiscence)	74	82%	title	
P21214	臘日書懷。錄奉昌齡使君。 其二	회고(reminiscence)	54	38%	title	
P21215	聞笛有感	애상(sympathy)	67	52%	title, term	
P21216	臘月廿一夜夢得句云。紅雲尙覆文華殿。淸蹕初回左順門。意若朝天之作。戲足成之。	천문(astro)	57	38%	title	
P21217	依韻酬復昌齡使君	애상(sympathy)	36	14%	term	
P21218	依韻酬復昌齡使君 其二	회고(reminiscence)	36	14%	term	
P21219	臘月廿八夜感懷。錄奉容齋相公。	회고(reminiscence)	52	38%	title	
P21220	臘月廿八夜感懷。錄奉容齋相公。 其二	애상(sympathy)	45	27%	term	
P21221	臘月廿八夜感懷。錄奉容齋相公。 其三	회고(reminiscence)	59	38%	title, term	
P21222	臘月廿八夜感懷。錄奉容齋相公。 其四	애상(sympathy)	46	27%	term	
P21223	臘月廿八夜感懷。錄奉容齋相公。 其五	애상(sympathy)	42	27%	term	
P21224	答適庵見寄	기증(donate)	93	94%	title	
P21225	答適庵見寄 其二	기증(donate)	96	94%	title	
P21226	答適庵見寄 其三	기증(donate)	97	94%	title	
P21227	答適庵見寄 其四	기증(donate)	97	94%	title	
P21228	答適庵見寄 其五	기증(donate)	97	94%	title	
P21229	浮名	회고(reminiscence)	44	27%	term	
P21230	浮名 其二	애상(sympathy)	42	27%	term	
P21231	送姜叔剛赴京闈	송별(farewell)	87	94%	title	
P21232	送姜叔剛赴京闈 其二	송별(farewell)	97	94%	title	
P21233	書直旨山僧性峻詩卷	불교(buddhism)	90	94%	title, term	
P21234	雨中書事	천문(astro)	57	38%	title	
P21235	雨中書事 其二	계절(season)	53	38%	title, term	
P21236	仲春初六日夜雨。有感。	천문(astro)	58	38%	title	
P21237	復用前韻	회고(reminiscence)	41	27%	term	
P21238	傷滿浦節使沈讓鄕戰歿	변새(frontier)	44	27%	term	
P21239	宿山寺	유람(travel)	86	94%	title	
P21240	縱筆	유람(travel)	38	14%	term	
P21241	縱筆 其二	천문(astro)	34	14%	term	
P21242	二月十六夜	계절(season)	65	52%	title	
P21243	釣者 俗云牽之	변새(frontier)	58	38%	term	
P21244	有感	애상(sympathy)	59	38%	title	
P21245	水次晩坐。示直卿。	회고(reminiscence)	36	14%	term	
P21246	用昨日水次韻	식물(plant)	15	17%	term	
P21247	用昨日水次韻 其二	애상(sympathy)	38	14%	term	
P21248	用昨日水次韻 其三	회방(meet)	49	27%	term	
P21249	用昨日水次韻 其四	유람(travel)	41	27%	term	
P21250	題頭流山僧煕俊詩卷	불교(buddhism)	80	94%	title	
P21251	題頭流山僧煕俊詩卷 其二	불교(buddhism)	80	94%	title	
P21252	題頭流山僧煕俊詩卷 其三	불교(buddhism)	80	94%	title	
P21253	題頭流山僧煕俊詩卷 其四	불교(buddhism)	80	94%	title	
P21254	題頭流山僧煕俊詩卷 其五	불교(buddhism)	83	94%	title, term	
P21255	和直卿韻	송별(farewell)	39	14%	term	
P21256	春寒	애상(sympathy)	57	38%	term	
P21257	和直卿韻	애상(sympathy)	50	38%	term	
P21258	和直卿韻 其二	천문(astro)	34	14%	term	
P21259	釋悶縱筆	애상(sympathy)	41	27%	term	
P21260	釋悶縱筆 其二	천문(astro)	33	14%	term	
P21261	釋悶縱筆 其三	천문(astro)	25	16%	term	
P21262	釋悶縱筆 其四	애상(sympathy)	25	16%	term	
P21263	自遣	유람(travel)	60	52%	title	
P21264	十玩堂前躑躅盛開。感嘆有作。示徐生。	건물(structure)	61	52%	title	
P21265	十玩堂前躑躅盛開。感嘆有作。示徐生。 其二	건물(structure)	61	52%	title	
P21266	客懷	한적(tranquility)	39	14%	term	
P21267	客懷 其2	강해(water)	41	27%	term	
P21268	自戲	유람(travel)	88	94%	title	
P21269	感春	계절(season)	38	14%	term	
P21270	感春 其二	애상(sympathy)	52	38%	term	
P21271	感春 其三	애상(sympathy)	54	38%	term	
P21272	感春 其四	애상(sympathy)	40	27%	term	
P21273	感春 其五	불교(buddhism)	37	14%	term	
P21274	寒食感懷。用祁皇華韻。	회고(reminiscence)	53	38%	title	
P21275	寒食感懷。用祁皇華韻。 其二	계절(season)	52	38%	title	
P21276	謝耽羅李節使大叟寄毛茵	기증(donate)	97	94%	title	
P21277	謝耽羅李節使大叟寄毛茵 其二	기증(donate)	97	94%	title	
P21278	謝耽羅李節使大叟寄毛茵 其三	기증(donate)	92	94%	title	
P21279	謝耽羅李節使大叟寄毛茵 其四	기증(donate)	97	94%	title	
P21280	述懷呈昌齡使君。依韻索贈行。	기증(donate)	97	94%	title	
P21281	述懷呈昌齡使君。依韻索贈行。 其二	기증(donate)	97	94%	title	
P21282	余欲遊伽倻山。適被朝命不果。贈導行僧性峻別。	기증(donate)	81	94%	title	
P21283	愁霖。寄地主高彥龍。	기증(donate)	97	94%	title	
P21284	戊子五月十六日。解纜萬川。回望弊廬。悵然有作。	애상(sympathy)	42	27%	term	
P21285	岐江	유람(travel)	42	27%	term	
P21286	題河進士野翁亭	건물(structure)	79	82%	title	
P21287	江行晩景	유람(travel)	53	38%	title	
P21288	舟次河濱	천문(astro)	25	16%	term	
P21289	漆津。阻雨夜泊。	애상(sympathy)	51	38%	term	
P21290	吉諫議墓林	애상(sympathy)	82	94%	title	
P21291	金烏山	산악(mountain)	62	52%	title	
P21292	雜詠	산악(mountain)	15	17%	term	
P21293	雜詠 其二	강해(water)	17	17%	term	
P21294	雜詠 其三	천문(astro)	26	16%	term	
P21295	雜詠 其四	불교(buddhism)	28	16%	term	
P21296	雜詠 其五	염정(desire)	49	27%	term	
P21297	司僕金君。構亭洛水上。請名於余。名之曰萬松。	건물(structure)	92	94%	title	
P21298	哀溺	천문(astro)	25	16%	term	
P21299	三樹亭	건물(structure)	86	94%	title	
P21300	六月八日。苦熱。	계절(season)	58	38%	title	
P21301	聞慶琴守成之追餞龍湫	한적(tranquility)	45	27%	term	
P21302	過鳥嶺	유람(travel)	78	82%	title	
P21303	六月十七日。衝雨過忠州。	유람(travel)	61	52%	title	
P21304	將抵驪江。先寄震卿使君。	기증(donate)	97	94%	title	
P21305	發金遷	유람(travel)	95	94%	title	
P21306	過神勒寺。有懷舊遊。錄奉震卿使君。	유람(travel)	75	82%	title	
P21307	大灘	애상(sympathy)	54	38%	term	
P21308	寓舍晩眺	천문(astro)	24	16%	term	
P21309	入城抵家。夜臥有感。	건물(structure)	61	52%	title	
P21310	六月廿六日。詣闕謝恩而還。有感。	애상(sympathy)	54	38%	title	
P21311	金子通將還春川。求詠其居。	한적(tranquility)	42	27%	term	
P21312	金子通將還春川。求詠其居。 其二	불교(buddhism)	47	27%	term	
P21313	衿陽途中有感	유람(travel)	93	94%	title	
P21314	憩安養川上	애상(sympathy)	44	27%	term	
P21315	紀夢	기몽(dream)	55	38%	title	
P21316	省達墓寺。阻雨信宿。	유람(travel)	83	94%	title	
P21317	敍悶	유람(travel)	41	27%	term	
P21318	回途紀懷	회고(reminiscence)	70	82%	title	
P21319	回途紀懷 其二	회고(reminiscence)	56	38%	title	
P21320	回途紀懷 其三	회고(reminiscence)	65	52%	title	
P21321	題忠州李四宰次野新居	도화(picture)	67	52%	title	
P21322	咸昌李守來慰驛亭。明日以駿馬代步。詩以爲謝。	건물(structure)	85	94%	title	
P21323	咸昌李守來慰驛亭。明日以駿馬代步。詩以爲謝。 其二	건물(structure)	80	94%	title	
P21324	咸昌李守來慰驛亭。明日以駿馬代步。詩以爲謝。 其三	건물(structure)	85	94%	title	
P21325	咸昌李守來慰驛亭。明日以駿馬代步。詩以爲謝。 其四	건물(structure)	84	94%	title	
P21326	咸昌李守來慰驛亭。明日以駿馬代步。詩以爲謝。 其五	건물(structure)	87	94%	title	
P21327	病起洛陽傳舍。將發。寄地主張大訓。	기증(donate)	66	52%	title	
P21328	臥病開寧竹軒浹二旬。敍懷投贈主守金君可悅。	기증(donate)	97	94%	title	
P21329	臥病開寧竹軒浹二旬。敍懷投贈主守金君可悅。 其二	기증(donate)	97	94%	title	
P21330	臥病開寧竹軒浹二旬。敍懷投贈主守金君可悅。 其三	기증(donate)	97	94%	title	
P21331	臥病開寧竹軒浹二旬。敍懷投贈主守金君可悅。 其四	기증(donate)	97	94%	title	
P21332	臥病開寧竹軒浹二旬。敍懷投贈主守金君可悅。 其五	기증(donate)	97	94%	title	
P21333	同年林璨。以所築廣寒亭記。示余索題。記乃林可虛所作。亭亦被火未修。	건물(structure)	79	82%	title	
P21334	同年林璨。以所築廣寒亭記。示余索題。記乃林可虛所作。亭亦被火未修。 其二	건물(structure)	79	82%	title	
P21335	主守追餞飛化院。同年金錫禹，林璨亦來會。相與款敍。至夕乃別。	송별(farewell)	97	94%	title	
P21336	寓宿星山興民閣。用壁上韻。贈半刺李虞卿。閣東西廂。有經白蓮池。	유람(travel)	81	94%	title	차운(제목 donate 무시)
P21337	次高靈軒韻	건물(structure)	56	38%	title	
P21338	追用去歲和東坡慈湖峽阻風韻。寄呈希剛公。	산악(mountain)	53	38%	title	차운(제목 donate 무시)
P21339	追用去歲和東坡慈湖峽阻風韻。寄呈希剛公。 其二	산악(mountain)	53	38%	title	차운(제목 donate 무시)
P21340	追用去歲和東坡慈湖峽阻風韻。寄呈希剛公。 其三	강해(water)	53	38%	title	차운(제목 donate 무시)
P21341	追用去歲和東坡慈湖峽阻風韻。寄呈希剛公。 其四	산악(mountain)	53	38%	title	차운(제목 donate 무시)
P21342	追用去歲和東坡慈湖峽阻風韻。寄呈希剛公。 其五	산악(mountain)	53	38%	title	차운(제목 donate 무시)
P21343	陜川東軒韻	건물(structure)	56	38%	title	
P21344	陜川東軒韻 其二	송별(farewell)	40	27%	term	
P21345	李林宗寄題續喜亭。步韻酬之。	기증(donate)	68	52%	title	
P21346	李林宗寄題續喜亭。步韻酬之。 其二	기증(donate)	68	52%	title	
P21347	晴陰	한적(tranquility)	44	27%	term	
P21348	苦熱	계절(season)	70	82%	title, term	
P21349	自遣	애상(sympathy)	54	38%	title, term	
P21350	贈學子辛馹別	기증(donate)	82	94%	title	
P21351	午夢	강해(water)	56	38%	term	
P21352	遊水庵	유람(travel)	70	82%	title	
P21353	遊水庵 其二	유람(travel)	83	94%	title	
P21354	卽見	건물(structure)	43	27%	term	
P21355	闍谿十絶	인물(person)	45	27%	term	
P21356	闍谿十絶 其二	불교(buddhism)	30	14%	term	
P21357	闍谿十絶 其三	한적(tranquility)	22	16%	term	
P21358	闍谿十絶 其四	천문(astro)	28	16%	term	
P21359	闍谿十絶 其五	송별(farewell)	23	16%	term	
P21360	闍谿十絶 其六	회방(meet)	19	17%	term	
P21361	闍谿十絶 其七	애상(sympathy)	28	16%	term	
P21362	闍谿十絶 其八	애상(sympathy)	53	38%	term	
P21363	闍谿十絶 其九	회고(reminiscence)	72	82%	term	
P21364	闍谿十絶 其十	인물(person)	45	27%	term	
P21365	釋悶。用東坡白鶴峯新居韻。	동물(animal)	52	38%	title	
P21366	釋悶。用東坡白鶴峯新居韻。 其二	변새(frontier)	40	27%	term	
P21367	鎭海公館。卽席示餞送諸君子。	송별(farewell)	89	94%	title, term	
P21368	鎭海公館。卽席示餞送諸君子。 其二	송별(farewell)	97	94%	title	
P21369	鎭海公館。卽席示餞送諸君子。 其三	송별(farewell)	97	94%	title	
P21370	鎭海公館。卽席示餞送諸君子。 其四	송별(farewell)	96	94%	title	
P21371	鎭海公館。卽席示餞送諸君子。 其五	송별(farewell)	93	94%	title, term	
P21372	寄望鼇魚子游使君	기증(donate)	85	94%	title	
P21373	寄望鼇魚子游使君 其二	기증(donate)	97	94%	title	
P21374	寄望鼇魚子游使君 其三	기증(donate)	97	94%	title	
P21375	寄望鼇魚子游使君 其四	기증(donate)	97	94%	title	
P21376	寄望鼇魚子游使君 其五	기증(donate)	97	94%	title	
P21377	寄望鼇魚子游使君 其六	기증(donate)	97	94%	title	
P21378	寄望鼇魚子游使君 其七	기증(donate)	97	94%	title	
P21379	寄望鼇魚子游使君 其八	기증(donate)	97	94%	title	
P21380	送琴東萊守盧君卿	송별(farewell)	97	94%	title	
P21381	二十日。曉起書懷。	회고(reminiscence)	58	38%	title	
P21382	二十日。曉起書懷。 其二	회고(reminiscence)	60	52%	title	
P21383	二十日。曉起書懷。 其三	회고(reminiscence)	61	52%	title	
P21384	二十日。曉起書懷。 其四	회고(reminiscence)	66	52%	title, term	
P21385	二十日。曉起書懷。 其五	회고(reminiscence)	62	52%	title	
P21386	晩景。回文。	한적(tranquility)	48	27%	term	
P21387	心遠堂書懷	회고(reminiscence)	53	38%	title	
P21388	心遠堂書懷 其二	회고(reminiscence)	54	38%	title	
P21389	不寐	애상(sympathy)	50	38%	term	
P21390	尹監司送墨。戲書爲謝。鏡之	송별(farewell)	91	94%	title	
P21391	謾書釋悶	강해(water)	15	17%	term	
P21392	謾書釋悶 其二	한적(tranquility)	19	17%	term	
P21393	謾書釋悶 其三	송별(farewell)	37	14%	term	
P21394	謾書釋悶 其四	애상(sympathy)	43	27%	term	
P21395	謾書釋悶 其五	기몽(dream)	23	16%	term	
P21396	醉後。寄朴彥胄。	기증(donate)	97	94%	title	
P21397	殘春有感	애상(sympathy)	63	52%	title	
P21398	病起將赴朝。書齋壁。	애상(sympathy)	40	27%	term	
P21399	阻雨商山。戲柬主守公紀。	천문(astro)	57	38%	title	
P21400	阻雨商山。戲柬主守公紀。 其二	천문(astro)	52	38%	title	
P21401	奉答李淵谷韻 時爲尙衣正	회방(meet)	25	16%	term	
P21402	依韻答淵谷見寄	기증(donate)	97	94%	title	
P21403	依韻答淵谷見寄 其二	기증(donate)	94	94%	title	
P21404	書通禮院契軸	유람(travel)	53	38%	term	
P21405	上元。示友人。	애상(sympathy)	44	27%	term	
P21406	戲寄李盛仲	기증(donate)	86	94%	title	
P21407	戲寄李盛仲 其二	기증(donate)	97	94%	title	
P21408	戲寄李盛仲 其三	기증(donate)	97	94%	title	
P21409	戲寄李盛仲 其四	기증(donate)	95	94%	title	
P21410	戲寄李盛仲 其五	기증(donate)	97	94%	title	
P21411	雨渡路梁	천문(astro)	54	38%	title	
P21412	悼友人	애상(sympathy)	85	94%	title	
P21413	戲自遣	유람(travel)	55	38%	title	
P21414	戲自遣 其二	유람(travel)	65	52%	title, term	
P21415	火山臺額字。代人作。	산악(mountain)	54	38%	title	
P21416	火山臺額字。代人作。 其二	산악(mountain)	50	38%	title	
P21417	火山臺額字。代人作。 其三	산악(mountain)	52	38%	title	
P21418	火山臺額字。代人作。 其四	산악(mountain)	50	38%	title	
P21419	上任訖有感	애상(sympathy)	62	52%	title, term	
P21420	上任訖有感 其二	애상(sympathy)	71	82%	title, term	
P21421	上容齋相公	건물(structure)	65	52%	title	
P21422	上容齋相公 其二	애상(sympathy)	40	27%	term	
P21423	上容齋相公 其三	건물(structure)	65	52%	title	
P21424	上容齋相公 其四	건물(structure)	61	52%	title	
P21425	上容齋相公 其五	건물(structure)	55	38%	title	
P21426	相公見和。復步韻酬上。	회방(meet)	25	16%	term	
P21427	相公見和。復步韻酬上。 其二	애상(sympathy)	23	16%	term	
P21428	相公見和。復步韻酬上。 其三	송별(farewell)	23	16%	term	
P21429	相公見和。復步韻酬上。 其四	한적(tranquility)	47	27%	term	
P21430	相公見和。復步韻酬上。 其五	한적(tranquility)	43	27%	term	
P21431	相公見和。復步韻酬上。 其六	애상(sympathy)	25	16%	term	
P21432	寄李次野	기증(donate)	93	94%	title	
P21433	寄李次野 其二	기증(donate)	97	94%	title	
P21434	重陽。柳摠戎子淵見邀。	애상(sympathy)	44	27%	term	
P21435	退息亭	건물(structure)	93	94%	title	
P21436	退息亭 其二	건물(structure)	94	94%	title	
P21437	退息亭 其三	건물(structure)	93	94%	title	
P21438	退息亭 其四	건물(structure)	94	94%	title	
P21439	退息亭 其五	건물(structure)	94	94%	title	
P21440	大暑。敍懷。	회고(reminiscence)	56	38%	title	
P21441	池亭。示客。	건물(structure)	94	94%	title	
P21442	池亭。示客。 其2	건물(structure)	95	94%	title	
P21443	奉別伯氏赴長水任	송별(farewell)	94	94%	title, term	
P21444	春興	계절(season)	45	27%	term	
P21445	春興 其二	애상(sympathy)	20	16%	term	
P21446	春興 其三	회고(reminiscence)	36	14%	term	
P21447	春興 其四	애상(sympathy)	42	27%	term	
P21448	送春有感	송별(farewell)	80	94%	title	
P21449	送春有感 其二	송별(farewell)	88	94%	title	
P21450	送春有感 其三	송별(farewell)	90	94%	title	
P21451	送春有感 其四	송별(farewell)	90	94%	title, term	
P21452	送春有感 其五	송별(farewell)	87	94%	title	
P21453	疊送春韻見志	송별(farewell)	97	94%	title	
P21454	疊送春韻見志 其二	송별(farewell)	97	94%	title	
P21455	疊送春韻見志 其三	송별(farewell)	97	94%	title	
P21456	疊送春韻見志 其四	송별(farewell)	97	94%	title	
P21457	疊送春韻見志 其五	송별(farewell)	97	94%	title	
P21458	奉酬伯氏韻	한적(tranquility)	44	27%	term	
P21459	四達堂賞蓮	건물(structure)	66	52%	title	
P21460	四達堂賞蓮 其二	건물(structure)	57	38%	title	
P21461	夜坐示心仲	회고(reminiscence)	50	38%	term	
P21462	夜坐示心仲 其二	한적(tranquility)	45	27%	term	
P21463	夜坐示心仲 其三	천문(astro)	34	14%	term	
P21464	夜坐示心仲 其四	송별(farewell)	25	16%	term	
P21465	夜坐示心仲 其五	유람(travel)	39	14%	term	
P21466	遊無量寺。奉續金成之尙書韻。	유람(travel)	71	82%	title	
P21467	遊無量寺。奉續金成之尙書韻。 其2	유람(travel)	67	52%	title	
P21468	用悅卿韻。書寮釋詩卷。	한적(tranquility)	54	38%	term	
P21469	用悅卿韻。書寮釋詩卷。 其二	불교(buddhism)	29	16%	term	
P21470	將出山。示同游慶心仲。	불교(buddhism)	46	27%	term	
P21471	將出山。示同游慶心仲。 其二	산악(mountain)	55	38%	title	
P21472	將出山。示同游慶心仲。 其三	산악(mountain)	56	38%	title	
P21473	將出山。示同游慶心仲。 其四	산악(mountain)	79	82%	title	
P21474	將出山。示同游慶心仲。 其五	애상(sympathy)	41	27%	term	
P21475	效溫，李體。錄上李使相重卿。	기타(others)	56	38%	title	
P21476	效溫，李體。錄上李使相重卿。 其二	변새(frontier)	41	27%	term	
P21477	效溫，李體。錄上李使相重卿。 其三	기타(others)	50	38%	title	
P21478	效溫，李體。錄上李使相重卿。 其四	기타(others)	58	38%	title	
P21479	寄平安李摠戎重卿	기증(donate)	97	94%	title	
P21480	寄平安李摠戎重卿 其二	기증(donate)	97	94%	title	
P21481	寄平安李摠戎重卿 其三	기증(donate)	94	94%	title	
P21482	寄平安李摠戎重卿 其四	기증(donate)	97	94%	title	
P21483	寄平安李摠戎重卿 其五	기증(donate)	93	94%	title	
P21484	寄平安李摠戎重卿 其六	기증(donate)	94	94%	title	
P21485	寄平安李摠戎重卿 其七	기증(donate)	97	94%	title	
P21486	寄平安李摠戎重卿 其八	기증(donate)	89	94%	title	
P21487	寄平安李摠戎重卿 其九	기증(donate)	97	94%	title	
P21488	寄平安李摠戎重卿 其十	기증(donate)	97	94%	title	
P21489	病中對雪。謾成五律。錄寄安分。	기증(donate)	81	94%	title	
P21490	病中對雪。謾成五律。錄寄安分。 其二	기증(donate)	83	94%	title	
P21491	病中對雪。謾成五律。錄寄安分。 其三	기증(donate)	82	94%	title	
P21492	病中對雪。謾成五律。錄寄安分。 其四	기증(donate)	84	94%	title	
P21493	病中對雪。謾成五律。錄寄安分。 其五	기증(donate)	82	94%	title	
P21494	病中有懷。寄安分。	기증(donate)	77	82%	title	
P21495	病中有懷。寄安分。 其二	기증(donate)	84	94%	title	
P21496	病中有懷。寄安分。 其三	기증(donate)	86	94%	title	
P21497	病中有懷。寄安分。 其四	기증(donate)	83	94%	title	
P21498	病中有懷。寄安分。 其五	기증(donate)	84	94%	title	
P21499	新正後三日。相視東堤有感。	애상(sympathy)	74	82%	title, term	
P21500	與伯益話。宿山寺。	유람(travel)	75	82%	title	
P21501	步韻答韓晟之	회고(reminiscence)	60	52%	term	
P21502	步韻答韓晟之 其二	애상(sympathy)	46	27%	term	
P21503	步韻答韓晟之 其三	유람(travel)	36	14%	term	
P21504	枝山夜飮。示晟之。	산악(mountain)	53	38%	title	
P21505	枝山夜飮。示晟之。 其二	산악(mountain)	70	82%	title	
P21506	答晟之	송별(farewell)	25	16%	term	
P21507	答晟之 其2	애상(sympathy)	49	27%	term	
P21508	退食堂荷花後開	건물(structure)	67	52%	title	
P21509	退食堂荷花後開 其二	건물(structure)	62	52%	title	
P21510	退食堂荷花後開 其三	건물(structure)	88	94%	title	
P21511	退食堂荷花後開 其四	건물(structure)	67	52%	title	
P21512	退食堂荷花後開 其五	건물(structure)	76	82%	title	
P21513	金學錄子英任州學。有所盻。復職將行。懊惱太甚。戲奉十絶。以解其意。	유람(travel)	56	38%	title	
P21514	金學錄子英任州學。有所盻。復職將行。懊惱太甚。戲奉十絶。以解其意。 其二	유람(travel)	61	52%	title	
P21515	金學錄子英任州學。有所盻。復職將行。懊惱太甚。戲奉十絶。以解其意。 其三	애상(sympathy)	47	27%	term	
P21516	金學錄子英任州學。有所盻。復職將行。懊惱太甚。戲奉十絶。以解其意。 其四	유람(travel)	78	82%	title	
P21517	金學錄子英任州學。有所盻。復職將行。懊惱太甚。戲奉十絶。以解其意。 其五	애상(sympathy)	45	27%	term	
P21518	金學錄子英任州學。有所盻。復職將行。懊惱太甚。戲奉十絶。以解其意。 其六	유람(travel)	70	82%	title	
P21519	金學錄子英任州學。有所盻。復職將行。懊惱太甚。戲奉十絶。以解其意。 其七	유람(travel)	71	82%	title	
P21520	金學錄子英任州學。有所盻。復職將行。懊惱太甚。戲奉十絶。以解其意。 其八	애상(sympathy)	46	27%	term	
P21521	金學錄子英任州學。有所盻。復職將行。懊惱太甚。戲奉十絶。以解其意。 其九	유람(travel)	78	82%	title	
P21522	金學錄子英任州學。有所盻。復職將行。懊惱太甚。戲奉十絶。以解其意。 其十	유람(travel)	78	82%	title	
P21523	酬晟之示韻	애상(sympathy)	52	38%	term	
P21524	酬晟之示韻 其二	계절(season)	36	14%	term	
P21525	晟之告行。詩以言別。	송별(farewell)	97	94%	title	
P21526	韓國樑裒錄拙作來示。嘉其不替先志。爲題其後。	도화(picture)	55	38%	title	
P21527	寄西海尹監司鏡之	기증(donate)	97	94%	title	
P21528	寄西海尹監司鏡之 其二	기증(donate)	97	94%	title	
P21529	寄西海尹監司鏡之 其三	기증(donate)	97	94%	title	
P21530	寄西海尹監司鏡之 其四	기증(donate)	97	94%	title	
P21531	寄西海尹監司鏡之 其五	기증(donate)	97	94%	title	
P21532	寄西海尹監司鏡之 其六	기증(donate)	93	94%	title	
P21533	初發洪州	유람(travel)	90	94%	title	
P21534	藍浦途中	유람(travel)	96	94%	title	
P21535	藍浦途中 其二	유람(travel)	96	94%	title	
P21536	發藍浦	유람(travel)	93	94%	title, term	
P21537	贈沃溝李水使公瑞 李方謫居	기증(donate)	97	94%	title	
P21538	贈沃溝李水使公瑞 李方謫居 其二	기증(donate)	97	94%	title	
P21539	次興德培風軒韻	건물(structure)	54	38%	title	
P21540	家弟雲夫構小亭於城隅。其敞豁殆過培風。請名於余。名之曰益高。而係以詩。附伯氏舍弟酬韻	건물(structure)	69	52%	title	
P21541	家弟雲夫構小亭於城隅。其敞豁殆過培風。請名於余。名之曰益高。而係以詩。附伯氏舍弟酬韻 次 子雲	건물(structure)	70	82%	title	
P21542	家弟雲夫構小亭於城隅。其敞豁殆過培風。請名於余。名之曰益高。而係以詩。附伯氏舍弟酬韻 次 雲夫	건물(structure)	70	82%	title	
P21543	到詩山。用培風韻却寄雲夫。	유람(travel)	57	38%	title	차운(제목 donate 무시)
P21544	藏春堂夜話。贈尹亨仲。歲春。泰仁宋世球堂名。	기증(donate)	97	94%	title	
P21545	藏春堂夜話。贈尹亨仲。歲春。泰仁宋世球堂名。 其二	기증(donate)	97	94%	title	
P21546	藏春堂夜話。贈尹亨仲。歲春。泰仁宋世球堂名。 其三	기증(donate)	97	94%	title	
P21547	藏春堂夜話。贈尹亨仲。歲春。泰仁宋世球堂名。 其四	기증(donate)	97	94%	title	
P21548	藏春堂夜話。贈尹亨仲。歲春。泰仁宋世球堂名。 其五	기증(donate)	97	94%	title	
P21549	寄題藏春堂	기증(donate)	85	94%	title	
P21550	寄題藏春堂 其二	기증(donate)	87	94%	title	
P21551	寄題藏春堂 次 子雲	기증(donate)	87	94%	title	
P21552	寄題藏春堂 次 子雲 其二	기증(donate)	87	94%	title	
P21553	寄題藏春堂 次 雲夫	기증(donate)	87	94%	title	
P21554	寄題藏春堂 次 雲夫 其二	기증(donate)	87	94%	title	
P21555	雲峯途中。冒雨奉別伯氏。馬上口占。	송별(farewell)	64	52%	title, term	
P21556	雲峯途中。冒雨奉別伯氏。馬上口占。 其二	송별(farewell)	63	52%	title	
P21557	雲峯途中。冒雨奉別伯氏。馬上口占。 次 子雲	송별(farewell)	64	52%	title, term	
P21558	雲峯途中。冒雨奉別伯氏。馬上口占。 次 子雲 其二	송별(farewell)	65	52%	title, term	
P21559	山陰道中	유람(travel)	63	52%	title	
P21560	山陰道中 其二	유람(travel)	59	38%	title	
P21561	大風雪後對楞伽山。呈崔監司介之。	기증(donate)	84	94%	title	
P21562	趙御史公紀。欲借寓湖陰書屋。臨發。戲寄一律。	기증(donate)	65	52%	title	
P21563	夜宿四美亭。主人索題甚苛。用進退格。爲近體詩三首。以塞其勤。	유람(travel)	61	52%	title	
P21564	夜宿四美亭。主人索題甚苛。用進退格。爲近體詩三首。以塞其勤。 其二	유람(travel)	61	52%	title	
P21565	夜宿四美亭。主人索題甚苛。用進退格。爲近體詩三首。以塞其勤。 其三	유람(travel)	61	52%	title	
P21566	過長峴 三嘉地。極高險。	유람(travel)	79	82%	title	
P21567	過長峴 三嘉地。極高險。 其二	유람(travel)	78	82%	title	
P21568	薩川道中	유람(travel)	64	52%	title	
P21569	薩川道中 其二	유람(travel)	70	82%	title	
P21570	薩川道中 其三	유람(travel)	69	52%	title	
P21571	薩川道中 其四	유람(travel)	68	52%	title	
P21572	發京日亡書篋。戲題。	유람(travel)	82	94%	title	
P21573	天壽亭五絶	건물(structure)	86	94%	title	
P21574	天壽亭五絶 其二	건물(structure)	92	94%	title	
P21575	天壽亭五絶 其三	건물(structure)	93	94%	title	
P21576	天壽亭五絶 其四	건물(structure)	83	94%	title	
P21577	天壽亭五絶 其五	건물(structure)	77	82%	title	
P21578	高麗故宮	애상(sympathy)	51	38%	term	
P21579	高麗故宮 其二	유람(travel)	46	27%	term	
P21580	金郊。次張黃門韻。	변새(frontier)	47	27%	term	
P21581	蔥秀山。用南峯徐侍讀韻。	산악(mountain)	59	38%	title	
P21582	龍泉途中夜行	유람(travel)	78	82%	title, term	악부/제영(확신↓)
P21583	阻雨洞仙。追用唐太史劍水韻。	천문(astro)	57	38%	title	
P21584	齊安館夜坐。示同行柳沅。	유람(travel)	67	52%	title	
P21585	追詠。十五日夜坐。用唐太史韻。	한적(tranquility)	38	14%	term	
P21586	寄蔡監司 幷序	기증(donate)	83	94%	title	
P21587	寄蔡監司 幷序 其二	기증(donate)	97	94%	title	
P21588	寄蔡監司 幷序 其三	기증(donate)	97	94%	title	
P21589	寄蔡監司 幷序 其四	기증(donate)	97	94%	title	
P21590	生陽館。用王黃門韻。	건물(structure)	66	52%	title	
P21591	練光亭	건물(structure)	95	94%	title	
P21592	大同館	유람(travel)	39	14%	term	
P21593	題普通院	도화(picture)	59	38%	title	
P21594	安定館。用王黃門韻。	애상(sympathy)	44	27%	term	
P21595	肅寧館。有懷潘監司公父。用祁郞中韻。	회고(reminiscence)	66	52%	title, term	
P21596	題安興新館	도화(picture)	67	52%	title	
P21597	嘉平館。用唐太史韻。	애상(sympathy)	25	16%	term	
P21598	納淸亭。用前人韻。	건물(structure)	94	94%	title	
P21599	新安館偶書	유람(travel)	58	38%	title	
P21600	雲興館。與同行李官話徐侍讀故事。仍用其韻。	유람(travel)	53	38%	title	
P21601	林畔館。用董侍講韻。	애상(sympathy)	52	38%	term	
P21602	車輦館。見盤松依舊。有感。	애상(sympathy)	55	38%	title, term	
P21603	良策館。用張舍人韻。	애상(sympathy)	54	38%	term	
P21604	九龍淵	애상(sympathy)	48	27%	term	
P21605	九龍淵 其二	애상(sympathy)	39	14%	term	
P21606	邇來不敢作詩。頻蒙嘲譴。僕豈執虛讓者。此古人所謂詩句對君難出手。公自知之。謹奉三律求敎。	유람(travel)	81	94%	title	
P21607	邇來不敢作詩。頻蒙嘲譴。僕豈執虛讓者。此古人所謂詩句對君難出手。公自知之。謹奉三律求敎。 其二	유람(travel)	66	52%	title	
P21608	邇來不敢作詩。頻蒙嘲譴。僕豈執虛讓者。此古人所謂詩句對君難出手。公自知之。謹奉三律求敎。 其三	유람(travel)	82	94%	title	
P21609	將渡江。謾錄五絶呈希中使君。兼奉同行諸公。	기증(donate)	82	94%	title	
P21610	將渡江。謾錄五絶呈希中使君。兼奉同行諸公。 其二	기증(donate)	84	94%	title	
P21611	將渡江。謾錄五絶呈希中使君。兼奉同行諸公。 其三	기증(donate)	84	94%	title	
P21612	將渡江。謾錄五絶呈希中使君。兼奉同行諸公。 其四	기증(donate)	84	94%	title	
P21613	將渡江。謾錄五絶呈希中使君。兼奉同行諸公。 其五	기증(donate)	84	94%	title	
P21614	連山逆旅	애상(sympathy)	43	27%	term	
P21615	登望京樓。周覽遼城。寄潘監司公父。	기증(donate)	86	94%	title	
P21616	答于宗文示韻	송별(farewell)	39	14%	term	
P21617	答于宗文示韻 附元韻	강해(water)	36	14%	term	
P21618	再答于宗文	강해(water)	17	17%	term	
P21619	再答于宗文 附元韻	애상(sympathy)	49	27%	term	
P21620	三汊河	불교(buddhism)	45	27%	term	
P21621	廣寧 城東有東岳廟。極宏侈。	건물(structure)	65	52%	title	
P21622	廣寧敎場 卽閱武之所。揚威。門名。	애상(sympathy)	38	14%	term	
P21623	十三山 峯有十三山故名	산악(mountain)	59	38%	title	
P21624	大凌河途中。五絶。	유람(travel)	96	94%	title	
P21625	大凌河途中。五絶。 其二	유람(travel)	96	94%	title	
P21626	大凌河途中。五絶。 其三	유람(travel)	96	94%	title	
P21627	大凌河途中。五絶。 其四	유람(travel)	96	94%	title	
P21628	大凌河途中。五絶。 其五	유람(travel)	96	94%	title	
P21629	小凌河遇雪。用唐太史韻。	천문(astro)	73	82%	title	
P21630	杏山	산악(mountain)	61	52%	title	
P21631	早發杏山	유람(travel)	88	94%	title	
P21632	連山	산악(mountain)	53	38%	title	
P21633	連山 其二	산악(mountain)	73	82%	title	
P21634	自連山夜行。過寧遠衛。抵曹莊。	유람(travel)	82	94%	title	
P21635	沙河鹽場鹽戶甚多。遼西地方。皆資用于此云。	강해(water)	15	17%	term	
P21636	沙河鹽場鹽戶甚多。遼西地方。皆資用于此云。 其二	변새(frontier)	76	82%	term	
P21637	東關解夢。效李義山。	송별(farewell)	42	27%	term	
P21638	東關田秀才惠饌。戲使荊州田家故事。書一絶。	인물(person)	50	38%	title	
P21639	信宿東關	유람(travel)	76	82%	title	
P21640	沙河戲書	식물(plant)	15	17%	term	
P21641	高嶺途中	유람(travel)	96	94%	title	
P21642	前屯衛 吾與仲遠。獨由城裏。	건물(structure)	69	52%	title	
P21643	無題。效李義山。	기타(others)	68	52%	title	
P21644	過杏林所	유람(travel)	73	82%	title	
P21645	望夫石	애상(sympathy)	41	27%	term	
P21646	自高嶺。將入關。示同行。進退格	유람(travel)	78	82%	title	
P21647	八里站途中	유람(travel)	96	94%	title	
P21648	山海關	산악(mountain)	70	82%	title	
P21649	山海關 其二	산악(mountain)	78	82%	title	
P21650	城橋步月	건물(structure)	58	38%	title	
P21651	效李義山	염정(desire)	42	27%	term	
P21652	城中酒店	건물(structure)	56	38%	title	
P21653	昌黎縣	애상(sympathy)	38	14%	term	
P21654	楡關戲書	산악(mountain)	19	17%	term	
P21655	楡關晩發。抵撫寧。用唐太史韻。	유람(travel)	95	94%	title	
P21656	撫寧縣 城外有娘娘廟。山上有韓湘彈棋臺。	건물(structure)	67	52%	title, term	
P21657	蘆峯十五夜步月。有懷龍灣閔使君希中。	회고(reminiscence)	66	52%	title	
P21658	永平府	애상(sympathy)	57	38%	term	
P21659	七家嶺多詩板。皆持憲諸公所爲。謾步其韻。以寓艶慕之意云。	건물(structure)	55	38%	title	
P21660	七家嶺早發	유람(travel)	90	94%	title	
P21661	榛子店	유람(travel)	50	38%	term	
P21662	七家途中。初見柹子。	유람(travel)	95	94%	title	
P21663	燒香的	한적(tranquility)	51	38%	term	
P21664	豐閏縣城中記所見	건물(structure)	61	52%	title	
P21665	豐閏縣城中記所見 其二	건물(structure)	80	94%	title	
P21666	豐閏縣城中記所見 其三	건물(structure)	60	52%	title	
P21667	榛店路上有標致。爲仲遠。戲占一絶。	유람(travel)	65	52%	title	
P21668	玉田城中記所見	건물(structure)	78	82%	title	
P21669	玉田城外。見燒草拾稗子。	건물(structure)	70	82%	title	
P21670	玉田縣	천문(astro)	15	17%	term	
P21671	玉田縣 其二	유람(travel)	15	17%	term	
P21672	玉田縣 其三	회방(meet)	19	17%	term	
P21673	玉田縣 其四	불교(buddhism)	60	52%	term	
P21674	薊州	변새(frontier)	53	38%	term	
P21675	三河縣	불교(buddhism)	54	38%	term	
P21676	三河縣 其二	애상(sympathy)	45	27%	term	
P21677	三河早發	유람(travel)	94	94%	title	
P21678	通州	회고(reminiscence)	51	38%	term	
P21679	晩出通州城	건물(structure)	72	82%	title	
P21680	初入北京	한적(tranquility)	39	14%	term	
P21681	見朝 是日免朝	애상(sympathy)	36	14%	term	
P21682	朝謁 是日頒曆	천문(astro)	25	16%	term	
P21683	朝天宮 宮前牌樓。榜曰蓬萊眞境。	도교(taoism)	40	27%	term	
P21684	會同館。賜下馬宴。	천문(astro)	28	16%	term	
P21685	冬至祀天	천문(astro)	34	14%	term	
P21686	慶成宴	인물(person)	45	27%	term	
P21687	滯留	변새(frontier)	51	38%	term	
P21688	不寐	애상(sympathy)	60	52%	term	
P21689	上馬宴 太監高忠。再來押筵。尙書夏公。風采端凝。不無別後之想云。	송별(farewell)	94	94%	title	
P21690	歷代帝王廟 今皇帝所營。規制極宏侈。殿東有御製碑。	회고(reminiscence)	49	27%	term	
P21691	朝謁 免朝	송별(farewell)	38	14%	term	
P21692	國子監	회고(reminiscence)	25	16%	term	
P21693	海印寺鏡光閣	불교(buddhism)	61	52%	title, term	
P21694	海印寺鏡光閣 其二	불교(buddhism)	55	38%	title	
P21695	旅況。示同行。	유람(travel)	55	38%	title	
P21696	發北京	유람(travel)	88	94%	title	
P21697	乘月過通州城中	유람(travel)	77	82%	title	
P21698	乘月過通州城中 其二	유람(travel)	79	82%	title, term	
P21699	乘月過通州城中 其三	유람(travel)	71	82%	title	
P21700	薊州獨樂寺觀音閣	불교(buddhism)	56	38%	title	
P21701	別山店關王廟後有小寺。多詩板。盧侍御雍，唐修撰皐所題。最爲警策。謾步其韻。	송별(farewell)	88	94%	title	
P21702	七家嶺。夜坐有感。	애상(sympathy)	67	52%	title, term	
P21703	楡關。用前人韻。	변새(frontier)	57	38%	term	
P21704	夢尙書夏公	회고(reminiscence)	73	82%	title	
P21705	山海關	산악(mountain)	55	38%	title	
P21706	沙河。夢林修撰大欽。浙江人。壬辰狀元。	계절(season)	36	14%	term	
P21707	紅螺山	산악(mountain)	59	38%	title	
P21708	東關抵連山。寒甚。	산악(mountain)	55	38%	title	
P21709	十三山	유람(travel)	42	27%	term	
P21710	廣寧除夜	변새(frontier)	46	27%	term	
P21711	觀㺚子	-(-)	0	0%		신호 없음
P21712	觀㺚子 其二	-(-)	0	0%		신호 없음
P21713	歲朝出城。記所見。	건물(structure)	78	82%	title	
P21714	沙嶺途中	유람(travel)	97	94%	title	
P21715	孤竹城	회고(reminiscence)	41	27%	term	
P21716	開州城 群巒削立。周匝如城郭。類天設其險。金遺孼嘗據此云。	건물(structure)	52	38%	title	
P21717	回到遼東	유람(travel)	73	82%	title	
P21718	過江次義州	유람(travel)	77	82%	title	
P21719	車輦道中	유람(travel)	76	82%	title	
P21720	重過東林城	유람(travel)	74	82%	title	
P21721	奉調安分	유람(travel)	39	14%	term	
P21722	浮碧樓。次安分韻。	건물(structure)	56	38%	title	
P21723	題梨花亭	건물(structure)	79	82%	title	
P21724	用亭韻述懷。錄奉求敎。	건물(structure)	70	82%	title	
P21725	用示韻。寄時叔	애상(sympathy)	38	14%	term	차운(제목 donate 무시)
P21726	戲集古句。奉調安分先生。	애상(sympathy)	47	27%	term	
P21727	復疊前韻	변새(frontier)	41	27%	term	
P21728	有懷錄呈安分	기증(donate)	86	94%	title	
P21729	肅川途中	유람(travel)	97	94%	title, term	
P21730	百祥樓	건물(structure)	66	52%	title	
P21731	有感夢見曺梅谿	애상(sympathy)	55	38%	title	
P21732	回文	천문(astro)	29	16%	term	
P21733	回文 其二	기몽(dream)	21	16%	term	
P21734	回文 其三	애상(sympathy)	47	27%	term	
P21735	回文 其四	계절(season)	53	38%	term	
P21736	夜來懷甚作惡。秉燭口號。謾錄求敎。	회고(reminiscence)	56	38%	title	
P21737	夜來懷甚作惡。秉燭口號。謾錄求敎。 其二	회고(reminiscence)	53	38%	title	
P21738	醉後歌	애상(sympathy)	49	27%	term	악부/제영(확신↓)
P21739	戲做六言五絶。錄奉求正。	계절(season)	38	14%	term	
P21740	戲做六言五絶。錄奉求正。 其二	변새(frontier)	15	17%	term	
P21741	戲做六言五絶。錄奉求正。 其三	애상(sympathy)	42	27%	term	
P21742	戲做六言五絶。錄奉求正。 其四	애상(sympathy)	64	52%	term	
P21743	戲做六言五絶。錄奉求正。 其五	천문(astro)	29	16%	term	
P21744	新安步月歌	애상(sympathy)	43	27%	term	악부/제영(확신↓)
P21745	酒闌不寐。以酒渴愛江淸爲韻。用寓戒酒之意。錄奉希正。	애상(sympathy)	52	38%	term	
P21746	酒闌不寐。以酒渴愛江淸爲韻。用寓戒酒之意。錄奉希正。 其二	강해(water)	15	17%	term	
P21747	酒闌不寐。以酒渴愛江淸爲韻。用寓戒酒之意。錄奉希正。 其三	한적(tranquility)	15	17%	term	
P21748	酒闌不寐。以酒渴愛江淸爲韻。用寓戒酒之意。錄奉希正。 其四	애상(sympathy)	24	16%	term	
P21749	酒闌不寐。以酒渴愛江淸爲韻。用寓戒酒之意。錄奉希正。 其五	송별(farewell)	23	16%	term	
P21750	敍悶。錄奉安分。	변새(frontier)	40	27%	term	
P21751	敍悶。錄奉安分。 其二	불교(buddhism)	40	27%	term	
P21752	疊威字韻	애상(sympathy)	40	27%	term	
P21753	疊威字韻 其二	회고(reminiscence)	25	16%	term	
P21754	復疊前韻	송별(farewell)	37	14%	term	
P21755	復疊前韻 其二	강해(water)	15	17%	term	
P21756	不寐	애상(sympathy)	40	27%	term	
P21757	譙門晩望	애상(sympathy)	49	27%	term	
P21758	詠雪	천문(astro)	72	82%	title	
P21759	用唐太史大平館醉起口占韻。錄奉安分。	천문(astro)	27	16%	term	
P21760	用唐太史大平館醉起口占韻。錄奉安分。 其二	애상(sympathy)	47	27%	term	
P21761	用唐太史大平館醉起口占韻。錄奉安分。 其三	유람(travel)	15	17%	term	
P21762	用唐太史大平館醉起口占韻。錄奉安分。 其四	유람(travel)	53	38%	term	
P21763	用唐太史大平館醉起口占韻。錄奉安分。 其五	기몽(dream)	23	16%	term	
P21764	用唐太史大平館醉起口占韻。錄奉安分。 其六	유람(travel)	15	17%	term	
P21765	遣悶	애상(sympathy)	63	52%	term	
P21766	夜讀皇華集。偶書。	애상(sympathy)	49	27%	term	
P21767	用東坡常州除夜韻	계절(season)	43	27%	term	
P21768	用東坡常州除夜韻 其二	유람(travel)	41	27%	term	
P21769	追敍兩日之歡。錄奉時翁內相。	송별(farewell)	52	38%	term	
P21770	追敍兩日之歡。錄奉時翁內相。 其二	유람(travel)	38	14%	term	
P21771	追敍兩日之歡。錄奉時翁內相。 其三	애상(sympathy)	25	16%	term	
P21772	追敍兩日之歡。錄奉時翁內相。 其四	한적(tranquility)	46	27%	term	
P21773	追敍兩日之歡。錄奉時翁內相。 其五	계절(season)	47	27%	term	
P21774	奉酬惠韻	애상(sympathy)	48	27%	term	
P21775	復疊前韻	애상(sympathy)	24	16%	term	
P21776	復疊前韻	애상(sympathy)	42	27%	term	
P21777	復疊前韻 其二	애상(sympathy)	40	27%	term	
P21778	復疊前韻	불교(buddhism)	38	14%	term	
P21779	新安守歲。醉後用祁郞中臨津韻。錄奉諸公。	유람(travel)	58	38%	title	
P21780	到雲興。柬時翁內相。	유람(travel)	68	52%	title	
P21781	雲興早發	유람(travel)	89	94%	title, term	
P21782	林畔道中	유람(travel)	71	82%	title, term	
P21783	奉別蘇尙書。來途犯夜。有懷錄奉明仲，仲初。	송별(farewell)	86	94%	title, term	
P21784	韻強。強疊前韻。發笑。	유람(travel)	83	94%	title	
P21785	用前韻效香奩。奉調安分。	염정(desire)	52	38%	title	
P21786	人日書事。錄奉伯益，明仲，仲初。	계절(season)	52	38%	term	
P21787	復疊前韻	애상(sympathy)	44	27%	term	
P21788	義順館演亭儀有感。錄奉安分，明仲，仲初。	건물(structure)	86	94%	title	
P21789	復疊前韻。錄奉同事諸公。	강해(water)	69	52%	term	
P21790	復疊前韻。呈安分。	기증(donate)	97	94%	title	
P21791	復用前韻。示仲初。	애상(sympathy)	45	27%	term	
P21792	敍懷。錄奉彥謙。	회고(reminiscence)	70	82%	title	
P21793	曉起有作。錄奉同事。	계절(season)	58	38%	title	
P21794	追用昨日二章韻	한적(tranquility)	43	27%	term	
P21795	追用昨日二章韻 其二	애상(sympathy)	28	16%	term	
P21796	謾步前韻。擬上元感事。錄奉同事。	애상(sympathy)	48	27%	term	
P21797	謾步前韻。擬上元感事。錄奉同事。 其二	천문(astro)	28	16%	term	
P21798	夜來。夢事頗怪。復步前日二韻。	애상(sympathy)	48	27%	term	
P21799	夜來。夢事頗怪。復步前日二韻。 其二	애상(sympathy)	48	27%	term	
P21800	上元晩眺	회고(reminiscence)	40	27%	term	
P21801	復疊前韻。懷舊。	회고(reminiscence)	65	52%	title, term	
P21802	夜夢。詔使壓境。	애상(sympathy)	47	27%	term	
P21803	夜夢。詔使壓境。 其二	변새(frontier)	46	27%	term	
P21804	登聚勝亭晩望	건물(structure)	95	94%	title	
P21805	登聚勝亭晩望 其二	건물(structure)	86	94%	title	
P21806	復疊前韻	애상(sympathy)	45	27%	term	
P21807	復疊前韻 其二	애상(sympathy)	25	16%	term	
P21808	復疊前韻 其三	인물(person)	50	38%	term	
P21809	義順館。用吳體。錄奉明仲，仲初。	천문(astro)	21	16%	term	
P21810	松岡奉迓迎慰之行	유람(travel)	51	38%	title	악부/제영(확신↓)
P21811	詠風。戲奉安分。	애상(sympathy)	31	14%	term	
P21812	睡起。書事謾錄。奉明仲，仲初。	애상(sympathy)	50	38%	term	
P21813	復疊前韻	애상(sympathy)	21	16%	term	
P21814	復疊前韻 其二	애상(sympathy)	24	16%	term	
P21815	演儀而還。有懷。錄示同事。	회고(reminiscence)	67	52%	title	
P21816	演儀而還。有懷。錄示同事。 其二	회고(reminiscence)	67	52%	title	
P21817	卽事。錄奉諸君。	기타(others)	75	82%	title	
P21818	龍灣。見景文留題。意若惜別者。追次其韻。	송별(farewell)	88	94%	title	
P21819	復疊前韻	천문(astro)	34	14%	term	
P21820	復疊前韻	인물(person)	49	27%	term	
P21821	復疊前韻	회고(reminiscence)	49	27%	term	
P21822	奉答寓庵次韻見寄	현달(prosper)	36	14%	term	차운(제목 donate 무시)
P21823	統軍亭。次曺梅谿韻。	건물(structure)	87	94%	title	
P21824	統軍亭。次曺梅谿韻。 其二	건물(structure)	86	94%	title	
P21825	統軍亭。次曺梅谿韻。 其三	건물(structure)	87	94%	title	
P21826	統軍亭。次曺梅谿韻。 其四	건물(structure)	87	94%	title	
P21827	復疊元韻	도교(taoism)	60	52%	term	
P21828	復疊元韻 其二	유람(travel)	58	38%	term	
P21829	復疊元韻 其三	한적(tranquility)	44	27%	term	
P21830	復疊元韻 其四	애상(sympathy)	41	27%	term	
P21831	春懷。示魚生。	회고(reminiscence)	55	38%	title	
P21832	用示魚生韻。錄奉安分。	계절(season)	15	17%	term	
P21833	戲疊昨韻。復奉安分。	한적(tranquility)	47	27%	term	
P21834	疊元韻答魚生。用扇對格。	현달(prosper)	39	14%	term	
P21835	戲用吳體。紀夢謾錄。博笑。	기몽(dream)	61	52%	title	
P21836	曉起有懷。錄奉寓庵求正。	회고(reminiscence)	60	52%	title	
P21837	演禮行	유람(travel)	52	38%	title	악부/제영(확신↓)
P21838	偶書	애상(sympathy)	66	52%	term	
P21839	奉簡遊龍淵諸君子	유람(travel)	73	82%	title	
P21840	謝致麞鮮	기증(donate)	53	38%	title	
P21841	遊龍淵。復疊前韻。	유람(travel)	78	82%	title	
P21842	龍淵紀興。錄奉同遊諸公。	유람(travel)	77	82%	title, term	
P21843	效韓子苦寒	애상(sympathy)	62	52%	title	
P21844	悼堂兄鄭受益	애상(sympathy)	72	82%	title, term	
P21845	曉臥有懷。錄奉安分。	회고(reminiscence)	60	52%	title	
P21846	戲敍旅懷。錄奉安分。	애상(sympathy)	57	38%	term	
P21847	復疊前韻	한적(tranquility)	44	27%	term	
P21848	有懷。錄奉安分，寓庵求正。	회고(reminiscence)	71	82%	title, term	
P21849	寒食書懷	계절(season)	66	52%	title, term	
P21850	復疊前韻	송별(farewell)	41	27%	term	
P21851	宿車輦館有感。示同行諸官通和。伴送回還	송별(farewell)	68	52%	title	
P21852	登百祥樓	건물(structure)	58	38%	title	
P21853	納淸亭。有懷龔，吳兩使。用雲岡韻。	건물(structure)	73	82%	title	
P21854	用雲岡簇錦溪韻	천문(astro)	78	82%	title	
P21855	曉登浮碧樓。縱觀煙雲變態。奇勝倍前。謾題六絶。	도화(picture)	55	38%	title	
P21856	曉登浮碧樓。縱觀煙雲變態。奇勝倍前。謾題六絶。 其二	도화(picture)	58	38%	title	
P21857	曉登浮碧樓。縱觀煙雲變態。奇勝倍前。謾題六絶。 其三	도화(picture)	58	38%	title	
P21858	曉登浮碧樓。縱觀煙雲變態。奇勝倍前。謾題六絶。 其四	도화(picture)	60	52%	title	
P21859	曉登浮碧樓。縱觀煙雲變態。奇勝倍前。謾題六絶。 其五	도화(picture)	61	52%	title	
P21860	曉登浮碧樓。縱觀煙雲變態。奇勝倍前。謾題六絶。 其六	도화(picture)	61	52%	title	
P21861	上山洞府。嶺壁奇峭。又有澄潭懸瀑之勝。聊作五絶。錄奉仲初。兼示地主盧彥卿。	유람(travel)	61	52%	title	
P21862	上山洞府。嶺壁奇峭。又有澄潭懸瀑之勝。聊作五絶。錄奉仲初。兼示地主盧彥卿。 其二	유람(travel)	58	38%	title	
P21863	上山洞府。嶺壁奇峭。又有澄潭懸瀑之勝。聊作五絶。錄奉仲初。兼示地主盧彥卿。 其三	유람(travel)	59	38%	title	
P21864	上山洞府。嶺壁奇峭。又有澄潭懸瀑之勝。聊作五絶。錄奉仲初。兼示地主盧彥卿。 其四	유람(travel)	63	52%	title	
P21865	上山洞府。嶺壁奇峭。又有澄潭懸瀑之勝。聊作五絶。錄奉仲初。兼示地主盧彥卿。 其五	유람(travel)	61	52%	title	
P21866	用唐太史蔥秀嶺二律韻。題平山新亭。	건물(structure)	79	82%	title	
P21867	用唐太史蔥秀嶺二律韻。題平山新亭。 其二	건물(structure)	79	82%	title	
P21868	戲詠海棠。奉呈安分寓庵博笑。	기증(donate)	97	94%	title	
P21869	次雲岡快哉亭韻	건물(structure)	84	94%	title	
P21870	奉詠希聖使君玉笛	유람(travel)	38	14%	term	
P21871	戲書龍灣錄後。通示一起同事諸人。	애상(sympathy)	23	16%	term	
P21872	奉酬申駱峯示韻 乙巳春。駱峯充儐接賜祭勑使太監郭，行人張承憲。余亦備遠迓冊封勑使張太監奉，吳太監猷。同寓龍灣。	유람(travel)	70	82%	title	
P21873	奉酬申駱峯示韻 乙巳春。駱峯充儐接賜祭勑使太監郭，行人張承憲。余亦備遠迓冊封勑使張太監奉，吳太監猷。同寓龍灣。 其二	유람(travel)	56	38%	title	
P21874	奉酬申駱峯示韻 乙巳春。駱峯充儐接賜祭勑使太監郭，行人張承憲。余亦備遠迓冊封勑使張太監奉，吳太監猷。同寓龍灣。 其三	유람(travel)	71	82%	title	
P21875	奉酬申駱峯示韻 乙巳春。駱峯充儐接賜祭勑使太監郭，行人張承憲。余亦備遠迓冊封勑使張太監奉，吳太監猷。同寓龍灣。 其四	유람(travel)	65	52%	title, term	
P21876	奉酬申駱峯示韻 乙巳春。駱峯充儐接賜祭勑使太監郭，行人張承憲。余亦備遠迓冊封勑使張太監奉，吳太監猷。同寓龍灣。 其五	유람(travel)	56	38%	title	
P21877	擬四時。回文詞。	기몽(dream)	23	16%	term	
P21878	擬四時。回文詞。 其2	기몽(dream)	24	16%	term	
P21879	擬四時。回文詞。 其3	계절(season)	24	16%	term	
P21880	擬四時。回文詞。 其4	애상(sympathy)	29	16%	term	
P21881	詠玉笛。回文。	애상(sympathy)	26	16%	term	
P21882	下元雨中。書事。	천문(astro)	55	38%	title	
P21883	下元雨中。書事。 其2	천문(astro)	53	38%	title	
P21884	贈學子曺允懼別	기증(donate)	82	94%	title	
P21885	贈學子曺允懼別 其2	기증(donate)	82	94%	title	
P21886	答崔玄風公瑾見寄	기증(donate)	97	94%	title	
P21887	答崔玄風公瑾見寄 其2	기증(donate)	93	94%	title	
P21888	答崔玄風公瑾見寄 其3	기증(donate)	97	94%	title	
P21889	答崔玄風公瑾見寄 其4	기증(donate)	97	94%	title	
P21890	答崔玄風公瑾見寄 其5	기증(donate)	97	94%	title	
P21891	答崔玄風公瑾見寄 其6	기증(donate)	97	94%	title	
P21892	答崔玄風公瑾見寄 其7	기증(donate)	97	94%	title	
P21893	答崔玄風公瑾見寄 其8	기증(donate)	97	94%	title	
P21894	答江陽許汝珍使君	애상(sympathy)	23	16%	term	
P21895	讀大明一統志	변새(frontier)	58	38%	term	
P21896	雪裏觀梅	천문(astro)	63	52%	title	
P21897	雪裏觀梅 其2	천문(astro)	61	52%	title	
P21898	示學子	애상(sympathy)	19	17%	term	
P21899	示學子 其2	변새(frontier)	49	27%	term	
P21900	寄李生煕績	기증(donate)	97	94%	title	
P21901	寄李生煕績 其2	기증(donate)	97	94%	title	
P21902	寄李生煕績 其3	기증(donate)	97	94%	title	
P21903	寄李生煕績 其4	기증(donate)	86	94%	title	
P21904	寄李生煕績 其5	기증(donate)	97	94%	title	
P21905	奉酬朴彥胄惠韻	애상(sympathy)	21	16%	term	
P21906	奉酬朴彥胄惠韻 其2	강해(water)	15	17%	term	
P21907	書詩僧鐵牛卷	불교(buddhism)	92	94%	title	
P21908	又集古句。戲書。	애상(sympathy)	49	27%	term	
P21909	又集古句。戲書。 其2	한적(tranquility)	48	27%	term	
P21910	又集古句。戲書。 其3	한적(tranquility)	36	14%	term	
P21911	又集古句。戲書。 其4	애상(sympathy)	48	27%	term	
P21912	又集古句。戲書。 其5	불교(buddhism)	21	16%	term	
P21913	釋悶	천문(astro)	32	14%	term	
P21914	奉酬慕齋贈別韻	송별(farewell)	79	82%	title	차운(제목 donate 무시)
P21915	寄敬夫寓三嘉淨襟堂	기증(donate)	87	94%	title	
P21916	卽事。示峻禪。	기타(others)	80	94%	title, term	
P21917	卽事。示峻禪。 其2	기타(others)	79	82%	title	
P21918	卽事。示峻禪。 其3	기타(others)	91	94%	title	
P21919	詠懷	회고(reminiscence)	66	52%	title	
P21920	江霧	천문(astro)	22	16%	term	
P21921	寄安挺然	기증(donate)	97	94%	title	
P21922	寄安挺然 其2	기증(donate)	90	94%	title	
P21923	謝獨峯送琴	송별(farewell)	97	94%	title	
P21924	謝獨峯送琴 其2	송별(farewell)	97	94%	title	
P21925	謝獨峯送琴 其3	송별(farewell)	96	94%	title	
P21926	謝獨峯送琴 其4	송별(farewell)	97	94%	title	
P21927	謝獨峯送琴 其5	송별(farewell)	97	94%	title	
P21928	上己。用白香山韻。	애상(sympathy)	47	27%	term	
P21929	書算命僧智雄卷	불교(buddhism)	95	94%	title	
P21930	書算命僧智雄卷 其2	불교(buddhism)	95	94%	title	
P21931	書算命僧智雄卷 其3	불교(buddhism)	95	94%	title	
P21932	書算命僧智雄卷 其4	불교(buddhism)	95	94%	title	
P21933	書算命僧智雄卷 其5	불교(buddhism)	95	94%	title	
P21934	孤悶示兩釋	한적(tranquility)	45	27%	term	
P21935	孤悶示兩釋 其2	한적(tranquility)	36	14%	term	
P21936	孤悶示兩釋 其3	애상(sympathy)	55	38%	term	
P21937	孤悶示兩釋 其4	애상(sympathy)	41	27%	term	
P21938	孤悶示兩釋 其5	유람(travel)	36	14%	term	
P21939	奉和景游龜城八絶	건물(structure)	63	52%	title	
P21940	奉和景游龜城八絶 其2	건물(structure)	64	52%	title, term	
P21941	奉和景游龜城八絶 其3	건물(structure)	56	38%	title	
P21942	奉和景游龜城八絶 其4	건물(structure)	78	82%	title	
P21943	奉和景游龜城八絶 其5	건물(structure)	60	52%	title	
P21944	奉和景游龜城八絶 其6	건물(structure)	58	38%	title	
P21945	奉和景游龜城八絶 其7	건물(structure)	53	38%	title	
P21946	奉和景游龜城八絶 其8	불교(buddhism)	53	38%	term	
P21947	奉酬灌圃韻	애상(sympathy)	52	38%	term	
P21948	奉酬灌圃韻 其2	-(-)	0	0%		신호 없음
P21949	奉酬灌圃韻 其3	애상(sympathy)	50	38%	term	
P21950	奉酬灌圃韻 其4	한적(tranquility)	36	14%	term	
P21951	奉酬灌圃韻 其5	한적(tranquility)	49	27%	term	
P21952	奉和灌圃阻雨六絶	천문(astro)	56	38%	title	
P21953	奉和灌圃阻雨六絶 其2	천문(astro)	70	82%	title	
P21954	奉和灌圃阻雨六絶 其3	천문(astro)	78	82%	title	
P21955	奉和灌圃阻雨六絶 其4	천문(astro)	65	52%	title	
P21956	奉和灌圃阻雨六絶 其5	천문(astro)	59	38%	title	
P21957	奉和灌圃阻雨六絶 其6	천문(astro)	56	38%	title	
P21958	奉酬汝珍寄示十首韻	회방(meet)	19	17%	term	차운(제목 donate 무시)
P21959	奉酬汝珍寄示十首韻 其2	애상(sympathy)	46	27%	term	차운(제목 donate 무시)
P21960	奉酬汝珍寄示十首韻 其3	회고(reminiscence)	49	27%	term	차운(제목 donate 무시)
P21961	奉酬汝珍寄示十首韻 其4	애상(sympathy)	17	17%	term	차운(제목 donate 무시)
P21962	奉酬汝珍寄示十首韻 其5	한적(tranquility)	40	27%	term	차운(제목 donate 무시)
P21963	奉酬汝珍寄示十首韻 其6	변새(frontier)	41	27%	term	차운(제목 donate 무시)
P21964	奉酬汝珍寄示十首韻 其7	애상(sympathy)	47	27%	term	차운(제목 donate 무시)
P21965	奉酬汝珍寄示十首韻 其8	애상(sympathy)	38	14%	term	차운(제목 donate 무시)
P21966	奉酬汝珍寄示十首韻 其9	불교(buddhism)	45	27%	term	차운(제목 donate 무시)
P21967	奉酬汝珍寄示十首韻 其10	유람(travel)	38	14%	term	차운(제목 donate 무시)
P21968	答汝珍見寄	기증(donate)	97	94%	title	
P21969	答汝珍見寄 其2	기증(donate)	97	94%	title	
P21970	答汝珍見寄 其3	기증(donate)	97	94%	title	
P21971	答汝珍見寄 其4	기증(donate)	94	94%	title	
P21972	示金直卿	불교(buddhism)	67	52%	term	
P21973	書學脩卷	애상(sympathy)	27	16%	term	
P21974	哭安水使 從坦	애상(sympathy)	26	16%	term	
P21975	書松堂嚴大士侍者靈祉卷	건물(structure)	67	52%	title	
P21976	九月十一日。獨坐無聊。縱筆成詠。示金直卿。	애상(sympathy)	57	38%	term	
P21977	九月十一日。獨坐無聊。縱筆成詠。示金直卿。 其2	애상(sympathy)	25	16%	term	
P21978	九月十一日。獨坐無聊。縱筆成詠。示金直卿。 其3	애상(sympathy)	23	16%	term	
P21979	九月十一日。獨坐無聊。縱筆成詠。示金直卿。 其4	한적(tranquility)	39	14%	term	
P21980	九月十一日。獨坐無聊。縱筆成詠。示金直卿。 其5	불교(buddhism)	49	27%	term	
P21981	九月十一日。獨坐無聊。縱筆成詠。示金直卿。 其6	천문(astro)	17	17%	term	
P21982	九月十一日。獨坐無聊。縱筆成詠。示金直卿。 其7	불교(buddhism)	43	27%	term	
P21983	九月十一日。獨坐無聊。縱筆成詠。示金直卿。 其8	산악(mountain)	15	17%	term	
P21984	九月十一日。獨坐無聊。縱筆成詠。示金直卿。 其9	회고(reminiscence)	36	14%	term	
P21985	九月十一日。獨坐無聊。縱筆成詠。示金直卿。 其10	회방(meet)	25	16%	term	
P21986	題居昌水亭	건물(structure)	79	82%	title	
P21987	平波臺步月	건물(structure)	56	38%	title	
P21988	心遠堂夜坐	건물(structure)	58	38%	title	
P21989	後臺夜坐	건물(structure)	56	38%	title	
P21990	後臺夜坐 其2	건물(structure)	53	38%	title	
P21991	晩望	애상(sympathy)	61	52%	term	
P21992	被朝旨赴京。題湖堂壁。	강해(water)	54	38%	title	
P21993	冥鴻曺尙書携靑玉笛二管求詠。奉題二絶。	도화(picture)	65	52%	title	
P21994	冥鴻曺尙書携靑玉笛二管求詠。奉題二絶。 其2	도화(picture)	64	52%	title, term	
P21995	過嶺十日。抵星州阻漲。寓百花軒。次姜晉川韻。	유람(travel)	76	82%	title	
P21996	過嶺十日。抵星州阻漲。寓百花軒。次姜晉川韻。 其2	유람(travel)	77	82%	title	
P21997	過嶺十日。抵星州阻漲。寓百花軒。次姜晉川韻。 其3	유람(travel)	78	82%	title	
P21998	過嶺十日。抵星州阻漲。寓百花軒。次姜晉川韻。 其4	유람(travel)	75	82%	title	
P21999	己亥八月旁死魄。澡浴東萊溫湯。乘船發湖陰。	유람(travel)	78	82%	title	
P22000	壁寺崖 咸安地	불교(buddhism)	53	38%	title	
P22001	津香渡 鼎津堙塞。不能行舟。	유람(travel)	88	94%	title	
P22002	見赴試擧子	유람(travel)	60	52%	title	
P22003	臂山 咸安地。俗傳婦人淫放。皆不安室。	산악(mountain)	81	94%	title	
P22004	長峴 宜寧地	산악(mountain)	18	17%	term	
P22005	林乙巖 咸安地	건물(structure)	56	38%	title	
P22006	阿堅淵午餉 咸安地	유람(travel)	68	52%	term	
P22007	城堂渡 宜寧地	건물(structure)	57	38%	title	
P22008	岐江 宜寧靈山界	애상(sympathy)	39	14%	term	
P22009	步月 是夜在望	한적(tranquility)	43	27%	term	
P22010	景釀臺 漆原地	건물(structure)	66	52%	title	
P22011	蔑浦 一名買浦。漆原地。	애상(sympathy)	71	82%	term	
P22012	蔑浦 一名買浦。漆原地。 其2	한적(tranquility)	62	52%	term	
P22013	林艤淵 昌原地	기몽(dream)	23	16%	term	
P22014	守山新亭密陽地。地主有約不來。	건물(structure)	87	94%	title	
P22015	覓禮雜詠密陽地	애상(sympathy)	42	27%	term	
P22016	覓禮雜詠密陽地 其2	송별(farewell)	23	16%	term	
P22017	覓禮雜詠密陽地 其3	염정(desire)	15	17%	term	
P22018	覓禮雜詠密陽地 其4	계절(season)	39	14%	term	
P22019	覓禮雜詠密陽地 其5	계절(season)	37	14%	term	
P22020	阻風投泊都要渚。金海地	한적(tranquility)	44	27%	term	
P22021	都要渚書事	유람(travel)	28	16%	term	
P22022	都要渚書事 其2	애상(sympathy)	43	27%	term	
P22023	都要渚書事 其3	회고(reminiscence)	62	52%	term	
P22024	都要渚書事 其4	염정(desire)	58	38%	term	
P22025	都要渚書事 其5	애상(sympathy)	50	38%	term	
P22026	上龍堂梁山地	건물(structure)	61	52%	title	
P22027	上龍堂梁山地 其2	건물(structure)	61	52%	title	
P22028	臨鏡臺 梁山地。崔致遠所遊處。	유람(travel)	70	82%	title	
P22029	黃山江 梁山地	산악(mountain)	56	38%	title	
P22030	黃山江 梁山地 其2	산악(mountain)	59	38%	title, term	
P22031	東院 梁山地	산악(mountain)	73	82%	title	
P22032	下龍堂梁山地	건물(structure)	59	38%	title	
P22033	杻浦 梁山地	산악(mountain)	56	38%	title	
P22034	甘同浦 東萊地	회고(reminiscence)	47	27%	term	
P22035	初入東萊城	유람(travel)	52	38%	title	
P22036	初入東萊城 其2	유람(travel)	56	38%	title, term	
P22037	初入東萊城 其3	유람(travel)	50	38%	title	
P22038	海雲臺東萊地	건물(structure)	51	38%	title	
P22039	海雲臺東萊地 其2	천문(astro)	55	38%	title	
P22040	溫井 東萊地	천문(astro)	27	16%	term	
P22041	溫井 東萊地 其2	회방(meet)	25	16%	term	
P22042	浴舍對山。鄕人又致海味。戲書二絶。	산악(mountain)	57	38%	title	
P22043	浴舍對山。鄕人又致海味。戲書二絶。 其2	인물(person)	39	14%	term	
P22044	曉義寺	불교(buddhism)	59	38%	title, term	
P22045	與仲遠展掃禾池鼻祖墓。仍合族敍飮。地主亦來會。坐間。答宋生員承緖，鄭宗人緇賢韻。	애상(sympathy)	64	52%	title	
P22046	九月二日。浴罷離溫泉。過只火峴。	유람(travel)	76	82%	title	
P22047	九月二日。浴罷離溫泉。過只火峴。 其2	유람(travel)	78	82%	title	
P22048	九月二日。浴罷離溫泉。過只火峴。 其3	유람(travel)	78	82%	title	
P22049	九月二日。浴罷離溫泉。過只火峴。 其4	유람(travel)	79	82%	title	
P22050	九月二日。浴罷離溫泉。過只火峴。 其5	유람(travel)	78	82%	title	
P22051	自杻浦舟行。抵盆城佛巖。雜記所歷。	유람(travel)	59	38%	title	
P22052	自杻浦舟行。抵盆城佛巖。雜記所歷。 其2	유람(travel)	60	52%	title	
P22053	自杻浦舟行。抵盆城佛巖。雜記所歷。 其3	유람(travel)	60	52%	title	
P22054	自杻浦舟行。抵盆城佛巖。雜記所歷。 其4	유람(travel)	58	38%	title	
P22055	過德橋。有懷魚彥深。	유람(travel)	64	52%	title	
P22056	赤梁午憩	송별(farewell)	40	27%	term	
P22057	宿自如。將過新豐。戲書。	유람(travel)	97	94%	title	
P22058	宿檜山館先君曾守此。庚午春。余以弘文館正字。請告來覲。	유람(travel)	81	94%	title	
P22059	過合浦營	유람(travel)	74	82%	title	
P22060	月影臺 崔致遠所遊處	유람(travel)	72	82%	title	
P22061	月影臺 崔致遠所遊處 其2	유람(travel)	71	82%	title	
P22062	月影臺 崔致遠所遊處 其3	유람(travel)	72	82%	title	
P22063	宿八鎭館	유람(travel)	80	94%	title	
P22064	無悶堂 鎭海村堂	건물(structure)	53	38%	title	
P22065	宿巴山館	유람(travel)	82	94%	title, term	
P22066	宿巴山館 其2	유람(travel)	75	82%	title	
P22067	春谷朝餉	애상(sympathy)	45	27%	term	
P22068	還湖陰 九月初八日	강해(water)	63	52%	title	
P22069	被徵還朝。臥病中原遇雪。感懷。	애상(sympathy)	54	38%	title	
P22070	被徵還朝。臥病中原遇雪。感懷。 其2	애상(sympathy)	60	52%	title, term	
P22071	被徵還朝。臥病中原遇雪。感懷。 其3	애상(sympathy)	56	38%	title	
P22072	被徵還朝。臥病中原遇雪。感懷。 其4	애상(sympathy)	60	52%	title, term	
P22073	被徵還朝。臥病中原遇雪。感懷。 其5	천문(astro)	53	38%	title	
P22074	早發中原	유람(travel)	95	94%	title	
P22075	書賜告錄後	한적(tranquility)	45	27%	term	
P22076	書賜告錄後 其2	애상(sympathy)	52	38%	term	
P22077	積雨暴漲。墻屋多壞。敍悶寄安分。	기증(donate)	92	94%	title	
P22078	復疊前韻	애상(sympathy)	29	16%	term	
P22079	戲題新舍壁	도화(picture)	61	52%	title	
P22080	復疊前韻。二首。	유람(travel)	39	14%	term	
P22081	復疊前韻。二首。 其2	애상(sympathy)	56	38%	term	
P22082	苦熱感懷	계절(season)	58	38%	title, term	
P22083	七夕感懷	송별(farewell)	41	27%	term	
P22084	曉臥。聞蟲聲有感。	애상(sympathy)	54	38%	title	
P22085	直舍苦雨。寄示安分。	기증(donate)	89	94%	title	
P22086	直舍苦雨。寄示安分。 其2	기증(donate)	91	94%	title	
P22087	曉起有感	애상(sympathy)	66	52%	title, term	
P22088	病起。奉寄屛巖。	기증(donate)	95	94%	title	
P22089	病起。奉寄屛巖。 其2	기증(donate)	96	94%	title	
P22090	北郊祈雨。用柳子厚黃溪禱雨韻。	천문(astro)	61	52%	title	
P22091	北郊祈雨。用柳子厚黃溪禱雨韻。 其2	천문(astro)	69	52%	title	
P22092	暮秋上旬發京。夜宿平丘傳舍。是日冒雨	유람(travel)	91	94%	title	
P22093	車踰嶺	애상(sympathy)	27	16%	term	
P22094	仇谷驛	유람(travel)	70	82%	title, term	
P22095	蠶室午憩	산악(mountain)	24	16%	term	
P22096	加平早發	유람(travel)	95	94%	title	
P22097	加平早發 其2	유람(travel)	95	94%	title	
P22098	加平早發 其3	유람(travel)	95	94%	title	
P22099	抱回遷 春川府地	애상(sympathy)	37	14%	term	
P22100	安保驛	유람(travel)	56	38%	title	
P22101	席破峴	송별(farewell)	49	27%	term	
P22102	席破峴 其2	천문(astro)	24	16%	term	
P22103	席破峴 其3	식물(plant)	36	14%	term	
P22104	自加平至春川。連日霧重。不能辨路。	유람(travel)	79	82%	title	
P22105	望淸平山	산악(mountain)	56	38%	title	
P22106	小酌昭陽亭。示從事羅晦元。	건물(structure)	94	94%	title	
P22107	春城覽古	불교(buddhism)	41	27%	term	
P22108	伏出遷 崖路水漲則人從石竇蒲伏以出	유람(travel)	55	38%	title	
P22109	富昌驛午憩	유람(travel)	61	52%	title, term	
P22110	富昌驛午憩 其2	유람(travel)	85	94%	title	
P22111	沙岾	산악(mountain)	15	17%	term	
P22112	水仁驛 楊口縣地	유람(travel)	60	52%	title	
P22113	九月十四日。宿楊口。曉雷雨。	유람(travel)	84	94%	title	
P22114	馬轉遷。六言。	애상(sympathy)	37	14%	term	
P22115	方川驛	유람(travel)	69	52%	title	
P22116	大利津 狼川縣地	애상(sympathy)	54	38%	term	
P22117	狼川曉發	유람(travel)	90	94%	title	
P22118	狼川曉發 其2	유람(travel)	88	94%	title, term	
P22119	馬峴 金化縣地	유람(travel)	17	17%	term	
P22120	新化院 臨澗水。魚隊可數。	불교(buddhism)	19	17%	term	
P22121	宿金化館	유람(travel)	95	94%	title	
P22122	通化院午憩	변새(frontier)	42	27%	term	
P22123	東州雜詠	회고(reminiscence)	36	14%	term	
P22124	東州雜詠 其2	강해(water)	49	27%	term	
P22125	東州雜詠 其3	애상(sympathy)	36	14%	term	
P22126	東州雜詠 其4	애상(sympathy)	22	16%	term	
P22127	東州雜詠 其5	애상(sympathy)	56	38%	term	
P22128	再舍金化館	애상(sympathy)	38	14%	term	
P22129	金城館夜坐	건물(structure)	56	38%	title	
P22130	昌道驛 金城縣地	애상(sympathy)	43	27%	term	
P22131	觀音轉遷	유람(travel)	24	16%	term	
P22132	觀音轉遷 其二	산악(mountain)	25	16%	term	
P22133	通溝偶書 金城屬縣	건물(structure)	65	52%	title	
P22134	通溝偶書 金城屬縣 其2	건물(structure)	53	38%	title	
P22135	自通溝抵斷髮嶺雜詠	유람(travel)	68	52%	title	
P22136	自通溝抵斷髮嶺雜詠 其2	유람(travel)	88	94%	title	
P22137	自通溝抵斷髮嶺雜詠 其3	유람(travel)	79	82%	title	
P22138	自通溝抵斷髮嶺雜詠 其4	유람(travel)	81	94%	title	
P22139	自通溝抵斷髮嶺雜詠 其5	유람(travel)	81	94%	title	
P22140	下嶺戲題 淮陽府地	도화(picture)	61	52%	title	
P22141	下嶺戲題 淮陽府地 其2	도화(picture)	61	52%	title	
P22142	下嶺戲題 淮陽府地 其3	도화(picture)	61	52%	title	
P22143	下嶺戲題 淮陽府地 其4	도화(picture)	61	52%	title	
P22144	下嶺戲題 淮陽府地 其5	도화(picture)	61	52%	title	
P22145	新院	회방(meet)	25	16%	term	
P22146	途中	유람(travel)	88	94%	title	
P22147	長安寺。次稼亭韻。	건물(structure)	81	94%	title	
P22148	又題 二首	도화(picture)	65	52%	title	
P22149	又題 二首 其2	도화(picture)	58	38%	title	
P22150	出寺途中	유람(travel)	95	94%	title	
P22151	拜岾	회고(reminiscence)	45	27%	term	
P22152	神琳寺	불교(buddhism)	78	82%	title	
P22153	天親庵	한적(tranquility)	60	52%	term	
P22154	正陽寺眞歇臺	불교(buddhism)	57	38%	title	
P22155	寓宿西寮有感	유람(travel)	83	94%	title	
P22156	廿有四日。曉雨至晩。輟行淸坐。戲示魚生。	천문(astro)	58	38%	title	
P22157	廿有四日。曉雨至晩。輟行淸坐。戲示魚生。 其2	천문(astro)	50	38%	title	
P22158	三藏寺	불교(buddhism)	71	82%	title	
P22159	修善庵	한적(tranquility)	39	14%	term	
P22160	奇奇庵	불교(buddhism)	29	16%	term	
P22161	表訓寺	불교(buddhism)	69	52%	title, term	
P22162	萬瀑洞以上紀所見	유람(travel)	56	38%	title, term	
P22163	金剛臺鶴巢	동물(animal)	50	38%	title	
P22164	觀音潭	식물(plant)	50	38%	term	
P22165	手巾崖	천문(astro)	34	14%	term	
P22166	普德窟	회고(reminiscence)	58	38%	term	
P22167	火龍潭 潭上懸瀑三級。最爲奇絶。	연회(banquet)	49	27%	term	
P22168	獅子巖	건물(structure)	85	94%	title	
P22169	摩訶衍	불교(buddhism)	27	16%	term	
P22170	余游楓岳。僧智峯，雲煕，道贏，浻允，道圓，了玄，學能，志林等從行。情實有不忘者。聊書二絶。各付一通。以爲他日面目云。	불교(buddhism)	89	94%	title	
P22171	余游楓岳。僧智峯，雲煕，道贏，浻允，道圓，了玄，學能，志林等從行。情實有不忘者。聊書二絶。各付一通。以爲他日面目云。 其二	불교(buddhism)	87	94%	title	
P22172	楓亭午憩	건물(structure)	95	94%	title	
P22173	梨嶺下小酌 高城郡地	불교(buddhism)	41	27%	term	
P22174	宿楡岾寺	유람(travel)	78	82%	title	
P22175	宿楡岾寺 其2	유람(travel)	82	94%	title	
P22176	狗峴	계절(season)	43	27%	term	
P22177	狗峴 其2	애상(sympathy)	23	16%	term	
P22178	京庫 高城郡地	건물(structure)	54	38%	title	
P22179	高城館	회고(reminiscence)	41	27%	term	
P22180	暮秋下旬有七。登四仙亭。晩泛三日浦。呈晦元同事。兼示從游諸君子。四仙。永郞，述郞，南郞，安詳。	기증(donate)	70	82%	title	
P22181	暮秋下旬有七。登四仙亭。晩泛三日浦。呈晦元同事。兼示從游諸君子。四仙。永郞，述郞，南郞，安詳。 其2	기증(donate)	70	82%	title	
P22182	復題 吳體	도화(picture)	57	38%	title	
P22183	南江	애상(sympathy)	41	27%	term	
P22184	立石	천문(astro)	38	14%	term	
P22185	太康驛亭 高城郡地	건물(structure)	87	94%	title	
P22186	凌虛臺	천문(astro)	24	16%	term	
P22187	阻雨淸澗驛亭望海 杆城郡地	건물(structure)	88	94%	title	
P22188	戲使襄陽故事	애상(sympathy)	52	38%	term	
P22189	洛山寺 襄陽府地	불교(buddhism)	63	52%	title, term	
P22190	河趙臺 本朝河崙，趙浚共遊之地。後人因以名臺云。	유람(travel)	74	82%	title, term	
P22191	洞山縣 襄陽府地	산악(mountain)	50	38%	title	
P22192	鏡浦臺	건물(structure)	85	94%	title, term	
P22193	臨瀛館詩板韻	애상(sympathy)	48	27%	term	
P22194	木界途中。用扇對格。	유람(travel)	94	94%	title, term	
P22195	宿臨溪驛 江陵府地	유람(travel)	87	94%	title	
P22196	新遷 在臨溪驛前	유람(travel)	56	38%	title, term	
P22197	詠石。口號。	회고(reminiscence)	36	14%	term	
P22198	過柳岾	유람(travel)	80	94%	title, term	
P22199	鈒峴	송별(farewell)	39	14%	term	
P22200	宿丘山。再用石磵韻。	유람(travel)	78	82%	title	
P22201	冒雨登大關嶺望海。用唐太史石門嶺韻示晦元。	천문(astro)	66	52%	title	
P22202	橫溪驛	유람(travel)	56	38%	title	
P22203	題權上舍士鈞堂。用前人韻。	건물(structure)	53	38%	title	
P22204	月精寺。書普願上人詩卷。用佔畢齋韻。	불교(buddhism)	64	52%	title	
P22205	月精寺。書普願上人詩卷。用佔畢齋韻。 其2	불교(buddhism)	64	52%	title	
P22206	月精寺。奉和容齋韻。在五臺山	불교(buddhism)	55	38%	title, term	
P22207	金剛淵 漢江之源	강해(water)	88	94%	title	
P22208	大和途中遇雪	유람(travel)	87	94%	title, term	
P22209	寓平昌。用鄭三峯韻。	송별(farewell)	37	14%	term	
P22210	夢游三日浦	천문(astro)	36	14%	term	
P22211	奉寄江陵具使君天老	기증(donate)	97	94%	title	
P22212	奉寄江陵具使君天老 其2	기증(donate)	97	94%	title	
P22213	宿酒泉縣	유람(travel)	95	94%	title	
P22214	入嶺西。無日不憶海上之勝。洩之以詩。	회고(reminiscence)	59	38%	title	
P22215	原州詠古	회고(reminiscence)	77	82%	term	
P22216	驪江道中	유람(travel)	58	38%	title	
P22217	神勒寺	불교(buddhism)	70	82%	title	
P22218	淸心樓	건물(structure)	62	52%	title	
P22219	淸心樓 其2	건물(structure)	56	38%	title	
P22220	廣陵早發 廣陵廣州號	유람(travel)	95	94%	title	
P22221	書雲卿金剛錄後[洪彦弼]	천문(astro)	53	38%	title	
P22222	蒙示關東錄。乃有洪相國題跋。且喩以繼續天地之大譽之者。雖見誚。亦不可不贊。敢書一律于後。[申光漢]	도화(picture)	66	52%	title	
P22223	仰和左相韻[成世昌]	산악(mountain)	17	17%	term	
P22224	春盡日有懷。錄奉季任寅長。	회고(reminiscence)	67	52%	title	
P22225	復疊前韻	송별(farewell)	43	27%	term	
P22226	復疊前韻	기몽(dream)	23	16%	term	
P22227	罷考廷試。復疊前韻二首寄松岡。	기증(donate)	97	94%	title	
P22228	罷考廷試。復疊前韻二首寄松岡。 其2	기증(donate)	97	94%	title	
P22229	考試出。有懷錄奉松岡。	회고(reminiscence)	63	52%	title, term	
P22230	燈夕感舊。錄奉松岡。	계절(season)	73	82%	title, term	
P22231	燈夕感舊。錄奉松岡。 其2	계절(season)	56	38%	title	
P22232	復疊前韻	애상(sympathy)	23	16%	term	
P22233	復疊前韻 其2	애상(sympathy)	38	14%	term	
P22234	罷侍啓覆。有懷錄奉松岡。	회고(reminiscence)	67	52%	title	
P22235	寄慶心仲	기증(donate)	97	94%	title	
P22236	寄慶心仲 其2	기증(donate)	97	94%	title	
P22237	哭尙生鵬南	송별(farewell)	28	16%	term	
P22238	哭尙生鵬南 其2	애상(sympathy)	49	27%	term	
P22239	哭尙生鵬南 其3	계절(season)	15	17%	term	
P22240	登蠶頭峯	애상(sympathy)	22	16%	term	
P22241	送李夢錫員外赴湖南幙	송별(farewell)	89	94%	title	
P22242	哭伯兄鄭江西	애상(sympathy)	51	38%	term	
P22243	哭伯兄鄭江西 其2	애상(sympathy)	25	16%	term	
P22244	哭伯兄鄭江西 其3	한적(tranquility)	47	27%	term	
P22245	送南伯順尹完山	송별(farewell)	97	94%	title	
P22246	送南伯順尹完山 其2	송별(farewell)	97	94%	title	
P22247	送南伯順尹完山 其3	송별(farewell)	95	94%	title	
P22248	送南伯順尹完山 其4	송별(farewell)	92	94%	title	
P22249	送季雅出按嶺南	송별(farewell)	97	94%	title	
P22250	送季雅出按嶺南 其2	송별(farewell)	95	94%	title	
P22251	初夏	회고(reminiscence)	56	38%	title	
P22252	效龔雲岡小詞	애상(sympathy)	40	27%	term	
P22253	答仲初見寄韻	기증(donate)	97	94%	title	
P22254	奉步宋知樞欽之觀水亭韻	건물(structure)	94	94%	title	
P22255	次龔雲岡草書四幅韻 詩乃自作	유람(travel)	59	38%	title	
P22256	次龔雲岡草書四幅韻 詩乃自作 其2	유람(travel)	62	52%	title	
P22257	次龔雲岡草書四幅韻 詩乃自作 其3	유람(travel)	56	38%	title	
P22258	次龔雲岡草書四幅韻 詩乃自作 其4	유람(travel)	60	52%	title	
P22259	追用東岡踏靑韻	유람(travel)	42	27%	term	
P22260	送長吉還龍灘舊業	송별(farewell)	97	94%	title	
P22261	鳳凰城	변새(frontier)	51	38%	term	
P22262	登遼東望京樓。用駝村史巡按韻。史名褒善	건물(structure)	56	38%	title	
P22263	登遼東望京樓。用駝村史巡按韻。史名褒善 其2	건물(structure)	58	38%	title	
P22264	發廣寧。遇游擊將軍提兵赴徵。	유람(travel)	94	94%	title	
P22265	通州	송별(farewell)	43	27%	term	
P22266	朝天宮演禮	불교(buddhism)	38	14%	term	
P22267	還到廣寧有感	유람(travel)	64	52%	title	
P22268	宿碧蹄有懷。錄奉松岡使相，仲初，士重同事。	유람(travel)	79	82%	title	
P22269	開城道中紀懷。錄奉同事。	유람(travel)	58	38%	title	
P22270	奉酬松岡靑石紀行韻	유람(travel)	75	82%	title	
P22271	發興義	유람(travel)	92	94%	title	
P22272	觀蔥秀碑有感。錄呈同事。	기증(donate)	95	94%	title	
P22273	安城館。次金太僕韻。	건물(structure)	59	38%	title	
P22274	龍泉館。夜讀雲岡詩。呈諸同事。	기증(donate)	89	94%	title	
P22275	龍泉館。夜讀雲岡詩。呈諸同事。 其2	기증(donate)	89	94%	title	
P22276	劍水館。步唐太史韻。	애상(sympathy)	54	38%	term	
P22277	追次鳳山館金太僕韻	천문(astro)	44	27%	term	
P22278	齊安館。酬奉松岡。所盻在黃州	애상(sympathy)	26	16%	term	
P22279	悼江太醫宇 蘇州人。爲太醫院判。善算命。	애상(sympathy)	92	94%	title	
P22280	悼江太醫宇 蘇州人。爲太醫院判。善算命。 其2	애상(sympathy)	93	94%	title, term	
P22281	打凌過浿江抵大同。追用生陽王黃門韻。	강해(water)	70	82%	title	
P22282	次松岡示兩從事韻	변새(frontier)	44	27%	term	
P22283	遇雪。用禁體。呈松岡，駱村，汲古。	기증(donate)	89	94%	title	
P22284	酬示禁體韻。聯篇皆佳。不勝斂衽。復疊元韻。	불교(buddhism)	21	16%	term	
P22285	次安定館張中書韻	애상(sympathy)	41	27%	term	
P22286	用百祥樓唐太史韻。示同事諸公。	건물(structure)	54	38%	title, term	
P22287	用百祥樓唐太史韻。示同事諸公。 其2	건물(structure)	66	52%	title	
P22288	自安興抵嘉平。有懷錄奉同事。	회고(reminiscence)	56	38%	title, term	
P22289	嘉平館。次金太僕韻。	천문(astro)	21	16%	term	
P22290	嘉平館。次金太僕韻。 其2	한적(tranquility)	39	14%	term	
P22291	嘉平館。有懷唐太史。仍用其韻。	회고(reminiscence)	61	52%	title	
P22292	用石門嶺韻	송별(farewell)	36	14%	term	
P22293	用度嶺董侍講韻	변새(frontier)	32	14%	term	
P22294	納淸亭。用唐太史韻。	건물(structure)	92	94%	title	
P22295	次龔雲岡新安館東有石如人狀韻	애상(sympathy)	52	38%	term	
P22296	連日抱病。有懷錄奉同事。	회고(reminiscence)	56	38%	title	
P22297	次龔雲岡同盧河韻	천문(astro)	56	38%	title	
P22298	林畔館曉起。用董圭峯韻。	변새(frontier)	44	27%	term	
P22299	林畔館。次祁郞中韻。	변새(frontier)	62	52%	term	
P22300	次龔雲岡韻	애상(sympathy)	41	27%	term	
P22301	良策館。次龔雲岡韻。	천문(astro)	52	38%	title	
P22302	良策館。次龔雲岡韻。 其2	천문(astro)	85	94%	title	
P22303	苦痰逆。不能安臥。欲具辭聊作徘諧。錄奉松岡。	애상(sympathy)	22	16%	term	
P22304	復疊前韻	애상(sympathy)	49	27%	term	
P22305	奉謝醇之治具見慰初度	한적(tranquility)	41	27%	term	
P22306	報章復至。依韻酬奉。	송별(farewell)	39	14%	term	
P22307	詠雪三律。錄奉忍齋，晩翠，松岡，駱村，汲古，止齋，鐵津，道契，三休，地主博笑。	천문(astro)	64	52%	title, term	
P22308	詠雪三律。錄奉忍齋，晩翠，松岡，駱村，汲古，止齋，鐵津，道契，三休，地主博笑。 其2	천문(astro)	64	52%	title	
P22309	詠雪三律。錄奉忍齋，晩翠，松岡，駱村，汲古，止齋，鐵津，道契，三休，地主博笑。 其3	천문(astro)	55	38%	title	
P22310	依韻錄奉忍齋	건물(structure)	56	38%	title	
P22311	立春日有懷。錄奉同行諸公寅老。	계절(season)	60	52%	title	
P22312	次汲古統軍亭韻	건물(structure)	88	94%	title	
P22313	奉酬松岡除夕韻	변새(frontier)	39	14%	term	
P22314	奉酬松岡除夕韻 其2	애상(sympathy)	29	16%	term	
P22315	次汲古元日韻	애상(sympathy)	57	38%	term	
P22316	同事諸君。約賦一詩。爲異日攬舊之本。屬余首簡。僭書八韻。	기증(donate)	53	38%	title	
P22317	車輦早發。用半山韻錄奉同事。	유람(travel)	86	94%	title	
P22318	過蒙推許。復疊前韻博笑。	유람(travel)	74	82%	title, term	
P22319	過猪灘。用唐太史韻。	유람(travel)	61	52%	title	
P22320	送華使渡江。自江上逃酒。直抵所串館。詩以謝醇之地主。	송별(farewell)	84	94%	title, term	
P22321	過古津江	유람(travel)	80	94%	title, term	
P22322	納淸亭感舊	건물(structure)	87	94%	title	
P22323	安興道中	유람(travel)	66	52%	title	
P22324	遊酒巖作徘戲。二首。	유람(travel)	72	82%	title	
P22325	遊酒巖作徘戲。二首。 其2	유람(travel)	72	82%	title	
P22326	書金生 驥 詩卷	불교(buddhism)	47	27%	term	
P22327	書金生 驥 詩卷 其2	회방(meet)	25	16%	term	
P22328	送浩源赴錦城	송별(farewell)	88	94%	title	
P22329	申參判 瑛 母氏挽	애상(sympathy)	96	94%	title	
P22330	寄朴養叔	기증(donate)	97	94%	title	
P22331	贈楓岳僧性和	기증(donate)	88	94%	title	
P22332	贈楓岳僧性和 其二	기증(donate)	88	94%	title	
P22333	贈楓岳僧性和 其三	기증(donate)	88	94%	title	
P22334	贈楓岳僧性和 其四	기증(donate)	88	94%	title	
P22335	贈楓岳僧性和 其五	기증(donate)	87	94%	title	
P22336	尙判書夫人挽	애상(sympathy)	96	94%	title	
P22337	趙結城 佑 挽	애상(sympathy)	93	94%	title, term	
P22338	送仁甫寅長出按嶺南	송별(farewell)	97	94%	title	
P22339	送仁甫寅長出按嶺南 其二	송별(farewell)	97	94%	title	
P22340	送仁甫寅長出按嶺南 其三	송별(farewell)	97	94%	title	
P22341	題祔廟廳契軸	도화(picture)	67	52%	title	
P22342	題南宮契軸	도화(picture)	66	52%	title	
P22343	安陽城挺然 挽	애상(sympathy)	93	94%	title	
P22344	寄朴養叔	기증(donate)	94	94%	title	
P22345	寄季雅	기증(donate)	97	94%	title	
P22346	復疊前韻	회고(reminiscence)	58	38%	term	
P22347	復疊前韻 其二	계절(season)	24	16%	term	
P22348	季雅見酬。復疊前韻。	천문(astro)	25	16%	term	
P22349	季雅見酬。復疊前韻。 其二	계절(season)	39	14%	term	
P22350	復疊前韻	회고(reminiscence)	47	27%	term	
P22351	復疊前韻 其二	애상(sympathy)	30	14%	term	
P22352	送淑夫寅長出按西海	송별(farewell)	97	94%	title	
P22353	送淑夫寅長出按西海 其二	송별(farewell)	97	94%	title	
P22354	權參判 纘 母氏挽	애상(sympathy)	96	94%	title	
P22355	和南浦韻	송별(farewell)	39	14%	term	
P22356	題平市契軸	도화(picture)	83	94%	title	
P22357	送仲溫按關東	송별(farewell)	97	94%	title	
P22358	送仲溫按關東 其二	송별(farewell)	96	94%	title, term	
P22359	書性峻詩卷	산악(mountain)	51	38%	term	
P22360	書性峻詩卷 其二	한적(tranquility)	36	14%	term	
P22361	書性峻詩卷 其三	동물(animal)	15	17%	term	
P22362	哭利川倅李伯雅 有溫	한적(tranquility)	49	27%	term	
P22363	哭利川倅李伯雅 有溫 其二	송별(farewell)	19	17%	term	
P22364	哭利川倅李伯雅 有溫 其三	애상(sympathy)	49	27%	term	
P22365	題韓山館 時舍弟作宰	도화(picture)	54	38%	title	
P22366	夜渡白馬江	유람(travel)	55	38%	title	
P22367	送汝溫出按關西	송별(farewell)	97	94%	title	
P22368	送汝溫出按關西 其二	송별(farewell)	97	94%	title, term	
P22369	送汝溫出按關西 其三	송별(farewell)	97	94%	title, term	
P22370	尹領相 鏡之 挽	애상(sympathy)	96	94%	title, term	
P22371	題周景游淸涼錄後	도화(picture)	67	52%	title	
P22372	題周景游淸涼錄後 其二	도화(picture)	88	94%	title	
P22373	題周景游淸涼錄後 其三	도화(picture)	61	52%	title	
P22374	題周景游淸涼錄後 其四	도화(picture)	67	52%	title	
P22375	題周景游淸涼錄後 其五	도화(picture)	67	52%	title	
P22376	賀季雅買新第	회방(meet)	25	16%	term	
P22377	賀季雅買新第 其二	애상(sympathy)	50	38%	term	
P22378	題金吾契軸	도화(picture)	67	52%	title	
P22379	題銀臺契軸	도화(picture)	61	52%	title	
P22380	己酉元朝。臥病感懷。	회고(reminiscence)	55	38%	title	
P22381	題豐儲倉契軸	도화(picture)	66	52%	title	
P22382	城西得梅一本。移蒔階前。書二絶自遣。	애상(sympathy)	54	38%	title, term	
P22383	城西得梅一本。移蒔階前。書二絶自遣。 其二	유람(travel)	55	38%	title	
P22384	送景明寅長出按湖西	송별(farewell)	89	94%	title	
P22385	哭金景參僉樞	한적(tranquility)	49	27%	term	
P22386	送金鎭海 世良	송별(farewell)	97	94%	title	
P22387	送金鎭海 世良 其二	송별(farewell)	97	94%	title, term	
P22388	戊申臘月丙午。司馬恩門宴席上口號。	계절(season)	77	82%	title, term	
P22389	星牧曹仲慶所居三詠	애상(sympathy)	33	14%	term	
P22390	星牧曹仲慶所居三詠 其二	천문(astro)	22	16%	term	
P22391	星牧曹仲慶所居三詠 其三	한적(tranquility)	47	27%	term	
P22392	金參判 萬鈞 挽	애상(sympathy)	96	94%	title	
P22393	崔知事 演 挽	애상(sympathy)	96	94%	title	
P22394	送尹亨仲赴古阜	송별(farewell)	96	94%	title	
P22395	送尹亨仲赴古阜 其二	송별(farewell)	95	94%	title	
P22396	送尹亨仲赴古阜 其三	송별(farewell)	97	94%	title	
P22397	送尹亨仲赴古阜 其四	송별(farewell)	95	94%	title	
P22398	李校理 長吉 挽	애상(sympathy)	96	94%	title	
P22399	題司饔院契軸	도화(picture)	67	52%	title	
P22400	韓僉知 承權 挽	애상(sympathy)	96	94%	title	
P22401	韓僉知 承權 挽 其二	애상(sympathy)	96	94%	title	
P22402	送士容按嶺南	송별(farewell)	97	94%	title	
P22403	洪領相 子美 挽	애상(sympathy)	96	94%	title, term	
P22404	題司僕寺契軸	도화(picture)	61	52%	title	
P22405	書懷。戲奉尙冢宰起夫。	회고(reminiscence)	67	52%	title	
P22406	書懷。戲奉尙冢宰起夫。 其二	회고(reminiscence)	67	52%	title	
P22407	書懷。戲奉尙冢宰起夫。 其三	회고(reminiscence)	89	94%	title, term	
P22408	書懷。戲奉尙冢宰起夫。 其四	회고(reminiscence)	67	52%	title	
P22409	戲詠白蓮 成廟朝。勑使鄭同獻種。	회고(reminiscence)	17	17%	term	
P22410	書懷。寄李南浦季雅。	기증(donate)	85	94%	title	
P22411	鄭監司 仁甫 挽	애상(sympathy)	96	94%	title	
P22412	春盡日有感	애상(sympathy)	65	52%	title, term	
P22413	與起夫，士經，伯順，子由，顯之。登大平樓避暑。成小集。	건물(structure)	52	38%	title	
P22414	士經見和。復疊前韻。	유람(travel)	65	52%	title, term	
P22415	送景游按西海	송별(farewell)	97	94%	title	
P22416	題季珍所藏畫蘭	도화(picture)	70	82%	title	
P22417	題季珍所藏畫蘭 其二	도화(picture)	90	94%	title	
P22418	送淑夫按湖南	송별(farewell)	89	94%	title, term	
P22419	送淑夫按湖南 其二	송별(farewell)	89	94%	title	
P22420	送淑夫按湖南 其三	송별(farewell)	90	94%	title, term	
P22421	元日書事 以病未與賜宴	회고(reminiscence)	49	27%	term	
P22422	元日書事 以病未與賜宴 其二	한적(tranquility)	60	52%	term	
P22423	蔡判書 孝仲 挽	애상(sympathy)	93	94%	title, term	
P22424	送車敬叔通判赴黃州	송별(farewell)	97	94%	title	
P22425	送車敬叔通判赴黃州 其二	송별(farewell)	96	94%	title, term	
P22426	送車敬叔通判赴黃州 其三	송별(farewell)	94	94%	title	
P22427	送許都事 漢佐 赴關西	송별(farewell)	90	94%	title	
P22428	送許都事 漢佐 赴關西 其二	송별(farewell)	92	94%	title	
P22429	送許都事 漢佐 赴關西 其三	송별(farewell)	92	94%	title	
P22430	題金二相叔藝短屛小景	도화(picture)	65	52%	title	
P22431	金副正子順挽	애상(sympathy)	96	94%	title	
P22432	沈參判 彥之 夫人挽	애상(sympathy)	96	94%	title	
P22433	安佐郞妻氏挽	애상(sympathy)	96	94%	title	
P22434	臥病在告。聞授敦寧。戲書。	회방(meet)	36	14%	term	
P22435	送敬夫寅長出守潭陽	송별(farewell)	97	94%	title	
P22436	送敬夫寅長出守潭陽 其二	송별(farewell)	97	94%	title	
P22437	送敬夫寅長出守潭陽 其三	송별(farewell)	85	94%	title, term	
P22438	奉寄叔春儤直昌慶	기증(donate)	97	94%	title	
P22439	燈夕。同社僧性峻告還。詩以言別。	송별(farewell)	68	52%	title	
P22440	碧蹄道中	유람(travel)	56	38%	title	
P22441	早發坡州	유람(travel)	95	94%	title	
P22442	臨津感舊	회고(reminiscence)	45	27%	term	
P22443	游朴淵	현달(prosper)	38	14%	term	
P22444	游朴淵 其二	유람(travel)	23	16%	term	
P22445	游朴淵 其三	변새(frontier)	38	14%	term	
P22446	游朴淵 其四	회방(meet)	18	17%	term	
P22447	游朴淵 其五	회고(reminiscence)	50	38%	term	
P22448	紫霞洞	유람(travel)	58	38%	title	
P22449	花潭	한적(tranquility)	38	14%	term	
P22450	鄕僧玄學。旣同遊朴淵姑母潭。又追至紫霞洞花潭。臨別。索詩堅懇。戲集古句。書贈五絶。	기증(donate)	82	94%	title	
P22451	鄕僧玄學。旣同遊朴淵姑母潭。又追至紫霞洞花潭。臨別。索詩堅懇。戲集古句。書贈五絶。 其二	기증(donate)	82	94%	title	
P22452	鄕僧玄學。旣同遊朴淵姑母潭。又追至紫霞洞花潭。臨別。索詩堅懇。戲集古句。書贈五絶。 其三	기증(donate)	82	94%	title	
P22453	鄕僧玄學。旣同遊朴淵姑母潭。又追至紫霞洞花潭。臨別。索詩堅懇。戲集古句。書贈五絶。 其四	기증(donate)	82	94%	title	
P22454	鄕僧玄學。旣同遊朴淵姑母潭。又追至紫霞洞花潭。臨別。索詩堅懇。戲集古句。書贈五絶。 其五	기증(donate)	82	94%	title	
P22455	雜記松京舊游。集句五絶。	송별(farewell)	41	27%	term	
P22456	雜記松京舊游。集句五絶。 其二	한적(tranquility)	36	14%	term	
P22457	雜記松京舊游。集句五絶。 其三	한적(tranquility)	39	14%	term	
P22458	雜記松京舊游。集句五絶。 其四	송별(farewell)	58	38%	term	
P22459	雜記松京舊游。集句五絶。 其五	한적(tranquility)	36	14%	term	
P22460	哭金參判子由	애상(sympathy)	32	14%	term	
P22461	送李都事世琳佐湖西幕	송별(farewell)	89	94%	title, term	
P22462	送武伯賀聖節	송별(farewell)	97	94%	title, term	
P22463	洗草宴。飮乾卒爵。歸途。雜記所歷。	송별(farewell)	74	82%	title	
P22464	洗草宴。飮乾卒爵。歸途。雜記所歷。 其二	송별(farewell)	90	94%	title	
P22465	洗草宴。飮乾卒爵。歸途。雜記所歷。 其三	송별(farewell)	66	52%	title	
P22466	洗草宴。飮乾卒爵。歸途。雜記所歷。 其四	송별(farewell)	74	82%	title	
P22467	洗草宴。飮乾卒爵。歸途。雜記所歷。 其五	송별(farewell)	76	82%	title	
P22468	題薇垣契會圖	도화(picture)	63	52%	title	
P22469	庚戌庚申夜。示兒曹。	애상(sympathy)	63	52%	term	
P22470	送任亨之按西海	송별(farewell)	97	94%	title, term	
P22471	送任亨之按西海 其二	송별(farewell)	97	94%	title	
P22472	京畿迎詔諸官契會圖	도화(picture)	64	52%	title	
P22473	題讀書堂契軸	건물(structure)	53	38%	title	
P22474	哭閔二相 希中	산악(mountain)	17	17%	term	
P22475	謝大觀餉醮酒	기증(donate)	58	38%	title	
P22476	謝大觀餉醮酒 其二	기증(donate)	65	52%	title	
P22477	哭宋監司 汝溫	송별(farewell)	45	27%	term	
P22478	戲自遣	애상(sympathy)	53	38%	title, term	
P22479	戲自遣 其二	유람(travel)	61	52%	title	
P22480	惜花	애상(sympathy)	47	27%	term	
P22481	惜花 其二	애상(sympathy)	57	38%	term	
P22482	聞笛。示鄭生 和。	애상(sympathy)	62	52%	term	
P22483	哭尹亨仲 衢	염정(desire)	45	27%	term	
P22484	送應明按嶺南	송별(farewell)	96	94%	title, term	
P22485	牧丹盛開。戲示朴生。	애상(sympathy)	49	27%	term	
P22486	題薇垣契軸	도화(picture)	67	52%	title	
P22487	三淸齋舍。示朴生。	건물(structure)	65	52%	title	
P22488	題亡友太綏小畫 李不害寫	도화(picture)	85	94%	title	
P22489	題亡友太綏小畫 李不害寫 其二	도화(picture)	74	82%	title	
P22490	依韻答觀物詠白蓮	계절(season)	20	16%	term	
P22491	題典艦司稧圖	도화(picture)	90	94%	title	
P22492	病中有懷。寄韓諫議。	기증(donate)	86	94%	title	
P22493	病中有懷。寄韓諫議。 其二	기증(donate)	86	94%	title	
P22494	病中有懷。寄韓諫議。 其三	기증(donate)	86	94%	title	
P22495	病中有懷。寄韓諫議。 其四	기증(donate)	87	94%	title	
P22496	病中有懷。寄韓諫議。 其五	기증(donate)	79	82%	title	
P22497	題朴僉知映翠亭	건물(structure)	79	82%	title	
P22498	辛亥初秋。與尹汝沃，尹彥平，宋獻叔，柳叔春，沈士容，林沖擧，慶彥晦諸寅老。游漢江。	강해(water)	61	52%	title	
P22499	辛亥初秋。與尹汝沃，尹彥平，宋獻叔，柳叔春，沈士容，林沖擧，慶彥晦諸寅老。游漢江。 其二	강해(water)	64	52%	title, term	
P22500	辛亥初秋。與尹汝沃，尹彥平，宋獻叔，柳叔春，沈士容，林沖擧，慶彥晦諸寅老。游漢江。 其三	강해(water)	60	52%	title	
P22501	書庚稧錄後	천문(astro)	28	16%	term	
P22502	送李書狀赴燕京 銘	송별(farewell)	96	94%	title	
P22503	送晦伯出按關西	송별(farewell)	97	94%	title, term	
P22504	送晦伯出按關西 其二	송별(farewell)	97	94%	title	
P22505	送朴養叔赴朔北戎幙	송별(farewell)	97	94%	title	
P22506	重陽感懷 辛亥	회고(reminiscence)	64	52%	title	
P22507	宴靑陵第	산악(mountain)	38	14%	term	
P22508	宴淸原第	회고(reminiscence)	38	14%	term	
P22509	書同庚稧會圖	도화(picture)	55	38%	title	
P22510	南宮夜飮。示士容寅長。	현달(prosper)	49	27%	term	
P22511	壬子正朝	불교(buddhism)	38	14%	term	
P22512	送毅仲按西海	송별(farewell)	97	94%	title, term	
P22513	送毅仲按西海 其二	송별(farewell)	89	94%	title	
P22514	早行記懷	유람(travel)	52	38%	title	
P22515	早行記懷 其二	유람(travel)	50	38%	title	
P22516	早行記懷 其三	유람(travel)	57	38%	title, term	
P22517	早行記懷 其四	회고(reminiscence)	57	38%	title, term	
P22518	早行記懷 其五	유람(travel)	50	38%	title	
P22519	暮春旣望後四日。同戶判鄭子仁，參判南伯順，參議李道盛，僚伯沈參判士容，李參議殷卿。陪領相沈公孟容。三宰任公士經 提調。議太常祀。供于大平樓。小酌間。沈相先辭出。余輩懽飮至夕。是日。大風以雨。及暝稍霽。仍紀小絶云。	천문(astro)	53	38%	title	
P22520	暮春下旬有六國工許億奉 大笒，李佐 腰鼓，鄭義堅 伽倻琴 等。不期來謁。俾就家園。縱奏其技。又使家婢。助以歌舞。眞一場戲劇。聊記一律云。	계절(season)	50	38%	title	
P22521	暮春下旬八日。同庚張河原子房，金亞卿仁卿，宋同樞伯圭，金僉樞錫之。邀余脩稧于城東先蠶壇迤西溪上。晡時遇雨。沾服不散。堅坐至夕。聊記二律。用博諸公一笑。	천문(astro)	65	52%	title	
P22522	暮春下旬八日。同庚張河原子房，金亞卿仁卿，宋同樞伯圭，金僉樞錫之。邀余脩稧于城東先蠶壇迤西溪上。晡時遇雨。沾服不散。堅坐至夕。聊記二律。用博諸公一笑。 其二	천문(astro)	68	52%	title	
P22523	題光牧林沖擧歸來堂	송별(farewell)	61	52%	title	
P22524	家園送春	송별(farewell)	85	94%	title, term	
P22525	牡丹盛開。忽憶去年同賞。示朴生君實。	회고(reminiscence)	76	82%	title	
P22526	日本躑躅	애상(sympathy)	25	16%	term	
P22527	張河原子房初度日。邀諸庚老歡飮。酒半。出玉笛。令侍兒捻數調。戲題一絶博笑。	도화(picture)	65	52%	title, term	
P22528	哭堂弟鄭江華敬仲	건물(structure)	66	52%	title	
P22529	哭豐城李公	건물(structure)	58	38%	title	
P22530	季夏下旬。同張河原子房，金亞卿仁卿，宋僉樞伯圭。避暑濟川亭小酌。是日。庚丈金錫之。赴全羅左水營。	건물(structure)	86	94%	title	
P22531	七夕感懷	회고(reminiscence)	52	38%	title	
P22532	送樞卿出按嶺南	송별(farewell)	97	94%	title	
P22533	中元夜月蝕	애상(sympathy)	32	14%	term	
P22534	不寐	애상(sympathy)	41	27%	term	
P22535	南參判 世健 挽	애상(sympathy)	82	94%	title	
P22536	送退之按關西	송별(farewell)	97	94%	title	
P22537	送退之按關西 其二	송별(farewell)	97	94%	title	
P22538	依韻答大樹見寄	기증(donate)	97	94%	title	
P22539	書金吾郞稧軸 癸丑	계절(season)	36	14%	term	
P22540	許億奉弄大笒。戲書。	천문(astro)	17	17%	term	
P22541	許億奉弄大笒。戲書。 其二	애상(sympathy)	56	38%	term	
P22542	許億奉弄大笒。戲書。 其三	한적(tranquility)	50	38%	term	
P22543	春興三絶。寄李堂後。	기증(donate)	87	94%	title	
P22544	春興三絶。寄李堂後。 其二	기증(donate)	87	94%	title	
P22545	春興三絶。寄李堂後。 其三	기증(donate)	87	94%	title	
P22546	哭宋判書獻叔	애상(sympathy)	58	38%	term	
P22547	送金夢瑞充書狀賀聖節	송별(farewell)	97	94%	title	
P22548	爲尙左相題靈川子畫竹	도화(picture)	82	94%	title	
P22549	罷審宣陵。晩發。	유람(travel)	96	94%	title, term	
P22550	早發樂生	유람(travel)	84	94%	title, term	
P22551	早發樂生 其二	유람(travel)	95	94%	title	
P22552	陽智途中	유람(travel)	82	94%	title	
P22553	陽智途中 其二	유람(travel)	96	94%	title	
P22554	利川道中	유람(travel)	72	82%	title	
P22555	利川詠松。示主倅可仲。	애상(sympathy)	27	16%	term	
P22556	信宿淸心樓。步稼亭韻。	유람(travel)	60	52%	title	
P22557	信宿淸心樓。步稼亭韻。 其二	유람(travel)	61	52%	title, term	
P22558	信宿淸心樓。步稼亭韻。 其三	유람(travel)	60	52%	title	
P22559	普通途中	유람(travel)	96	94%	title	
P22560	普通途中 其二	유람(travel)	96	94%	title	
P22561	楊根夜坐。卽事示同事。	기타(others)	72	82%	title	
P22562	哭金叔藝二相	애상(sympathy)	30	14%	term	
P22563	哭申牧使元亮	계절(season)	17	17%	term	
P22564	哭申牧使元亮 其二	유람(travel)	39	14%	term	
P22565	哭申牧使元亮 其三	송별(farewell)	40	27%	term	
P22566	哭申牧使元亮 其四	인물(person)	60	52%	term	
P22567	癸丑孟冬下旬。石川同曹，朴二太常來訪。	회방(meet)	79	82%	title	
P22568	癸丑孟冬下旬。石川同曹，朴二太常來訪。 其二	회방(meet)	78	82%	title	
P22569	奉酬石川韻	애상(sympathy)	50	38%	term	
P22570	奉酬石川韻 其2	애상(sympathy)	39	14%	term	
P22571	奉酬石川韻 其3	애상(sympathy)	64	52%	term	
P22572	奉酬石川韻 其4	송별(farewell)	22	16%	term	
P22573	孟冬下旬有七。石川復携善卿，養叔二太常來。續前會。	한적(tranquility)	43	27%	term	
P22574	孟冬下旬有七。石川復携善卿，養叔二太常來。續前會。 其二	천문(astro)	32	14%	term	
P22575	孟冬下旬有七。石川復携善卿，養叔二太常來。續前會。 其三	애상(sympathy)	51	38%	term	
P22576	孟冬下旬有七。石川復携善卿，養叔二太常來。續前會。 其四	애상(sympathy)	54	38%	term	
P22577	孟冬下旬有七。石川復携善卿，養叔二太常來。續前會。 其五	기타(others)	38	14%	term	
P22578	孟冬下旬有七。石川復携善卿，養叔二太常來。續前會。 其六	유람(travel)	38	14%	term	
P22579	仲冬四日。曺太常邀餞石川按關東。養叔亦來會。	애상(sympathy)	46	27%	term	
P22580	仲冬四日。曺太常邀餞石川按關東。養叔亦來會。 其二	송별(farewell)	39	14%	term	
P22581	仲冬四日。曺太常邀餞石川按關東。養叔亦來會。 其三	송별(farewell)	42	27%	term	
P22582	仲冬四日。曺太常邀餞石川按關東。養叔亦來會。 其四	한적(tranquility)	36	14%	term	
P22583	仲冬四日。曺太常邀餞石川按關東。養叔亦來會。 其五	애상(sympathy)	51	38%	term	
P22584	仲冬四日。曺太常邀餞石川按關東。養叔亦來會。 其六	송별(farewell)	40	27%	term	
P22585	同善卿，養叔餞石川。互唱更酬。夜分乃散。	송별(farewell)	44	27%	term	
P22586	同善卿，養叔餞石川。互唱更酬。夜分乃散。 其2	유람(travel)	23	16%	term	
P22587	同善卿，養叔餞石川。互唱更酬。夜分乃散。 其3	송별(farewell)	52	38%	term	
P22588	同善卿，養叔餞石川。互唱更酬。夜分乃散。 其4	애상(sympathy)	44	27%	term	
P22589	同善卿，養叔餞石川。互唱更酬。夜分乃散。 其5	회고(reminiscence)	36	14%	term	
P22590	同善卿，養叔餞石川。互唱更酬。夜分乃散。 其6	애상(sympathy)	19	17%	term	
P22591	同善卿，養叔餞石川。互唱更酬。夜分乃散。 其7	애상(sympathy)	53	38%	term	
P22592	同善卿，養叔餞石川。互唱更酬。夜分乃散。 其8	애상(sympathy)	51	38%	term	
P22593	同善卿，養叔餞石川。互唱更酬。夜分乃散。 其9	송별(farewell)	45	27%	term	
P22594	同善卿，養叔餞石川。互唱更酬。夜分乃散。 其10	유람(travel)	23	16%	term	
P22595	同善卿，養叔餞石川。互唱更酬。夜分乃散。 其11	도교(taoism)	62	52%	term	
P22596	同善卿，養叔餞石川。互唱更酬。夜分乃散。 其12	계절(season)	39	14%	term	
P22597	同善卿，養叔餞石川。互唱更酬。夜分乃散。 其13	회고(reminiscence)	25	16%	term	
P22598	送大樹按關東	송별(farewell)	97	94%	title	
P22599	送大樹按關東 其二	송별(farewell)	97	94%	title	
P22600	養叔來訪。夜坐感舊。	회고(reminiscence)	46	27%	term	
P22601	倒用前韻	송별(farewell)	39	14%	term	
P22602	倒用前韻 其二	송별(farewell)	29	16%	term	
P22603	淸和朏後二日夜。用東坡韻。與養叔同賦。	불교(buddhism)	44	27%	term	
P22604	復疊前韻	변새(frontier)	36	14%	term	
P22605	酬朴和叔示韻	애상(sympathy)	22	16%	term	
P22606	初夏。用張宛丘韻。	회고(reminiscence)	60	52%	title	
P22607	初夏。用張宛丘韻。 其二	회고(reminiscence)	52	38%	title	
P22608	復用張宛丘韻寄吉元	계절(season)	39	14%	term	차운(제목 donate 무시)
P22609	吉元依韻見和。復疊前韻博笑。	한적(tranquility)	43	27%	term	
P22610	吉元依韻見和。復疊前韻博笑。 其二	송별(farewell)	22	16%	term	
P22611	在春曹演樂。吉元和章適至。復步前韻。	인물(person)	40	27%	term	
P22612	復疊前韻	송별(farewell)	39	14%	term	
P22613	書禮郞契軸	유람(travel)	32	14%	term	
P22614	擬書倭使詩軸	애상(sympathy)	41	27%	term	
P22615	書鍾磬廳契軸	유람(travel)	15	17%	term	
P22616	新川石堰告成。中廟祀陵回鑾。晡時駐蹕。出御題扶桑日出。令扈駕文官立製以進。居首賜物	도화(picture)	81	94%	title	
P22617	濟川亭應製。渤海三山。居首賜物	건물(structure)	79	82%	title	악부/제영(확신↓)
P22618	十八學士夜宴圖 七言排律二十韻	도화(picture)	55	38%	title	
P22619	洞庭暮秋五言排律二十韻	계절(season)	54	38%	title	
P22620	登柳州城樓	건물(structure)	67	52%	title	
P22621	錢塘晩望	회고(reminiscence)	43	27%	term	
P22622	華淸賞月	계절(season)	54	38%	term	
P22623	齊山登高	산악(mountain)	67	52%	title	
P22624	瑤池曲宴五言排律十韻	애상(sympathy)	44	27%	term	
P22625	金陵懷古七言排律十韻	회고(reminiscence)	84	94%	title, term	
P22626	滕王閣 七言排律二十韻。居首。賜增秩。	강해(water)	44	27%	term	
P22627	慶會樓。武臣觀射。居優賜物	건물(structure)	78	82%	title	
P22628	閱武盤松。扈駕有作。是日有雨	천문(astro)	73	82%	title	
P22629	慶會樓觀射 居首賜馬	건물(structure)	56	38%	title	
P22630	廣陵觀燈七言排律三十韻	불교(buddhism)	54	38%	term	
P22631	扈駕濟川亭。觀水戰。	건물(structure)	80	94%	title	
P22632	東郊觀稼	송별(farewell)	32	14%	term	
P22633	慶會樓觀射	건물(structure)	58	38%	title	
P22634	扈駕新川石堤 庚子	산악(mountain)	17	17%	term	
P22635	慶會樓下庭試	애상(sympathy)	44	27%	term	
P22636	慶會樓下庭試 其二	건물(structure)	56	38%	title	
P22637	秋日。駐蹕望遠亭。應製。	건물(structure)	78	82%	title	악부/제영(확신↓)
P22638	慶會樓觀射。應製。	건물(structure)	50	38%	title	악부/제영(확신↓)
P22639	慶會樓觀射。應製。 其2	건물(structure)	62	52%	title	악부/제영(확신↓)
P22640	慶會樓觀射。應製。 其3	건물(structure)	51	38%	title	악부/제영(확신↓)
P22641	慶會樓觀射。應製。 其4	건물(structure)	53	38%	title	악부/제영(확신↓)
P22642	慶會樓觀射。應製。 其5	건물(structure)	52	38%	title, term	악부/제영(확신↓)
P22643	慶會樓觀射。應製。 其6	건물(structure)	62	52%	title	악부/제영(확신↓)
P22644	慕華館。應製。	송별(farewell)	30	14%	term	악부/제영(확신↓)
P22645	慕華館。應製。 其二	변새(frontier)	43	27%	term	악부/제영(확신↓)
P22646	慕華館。應製。 其三	천문(astro)	52	38%	term	악부/제영(확신↓)
P22647	漢陽宮闕圖	애상(sympathy)	46	27%	term	
P22648	擬西郊扈駕。應製。	송별(farewell)	17	17%	term	악부/제영(확신↓)
P22649	寓直景福宮 假將	애상(sympathy)	47	27%	term	
P22650	復疊前韻	한적(tranquility)	42	27%	term	
P22651	感懷	회고(reminiscence)	61	52%	title	
P22652	答申棐卿通判	애상(sympathy)	46	27%	term	
P22653	答申棐卿通判 其二	건물(structure)	45	27%	term	
P22654	題遯齋詩稿後	도화(picture)	61	52%	title	
P22655	題遯齋詩稿後 其二	도화(picture)	60	52%	title	
P22656	戲效香山體。錄奉恩逸。	애상(sympathy)	52	38%	term	
P22657	戲效香山體。錄奉恩逸。 其二	회고(reminiscence)	45	27%	term	
P22658	戲效香山體。錄奉恩逸。 其三	강해(water)	41	27%	term	
P22659	題春坊契軸	도화(picture)	67	52%	title	
P22660	送沈孟容出按嶺南	송별(farewell)	95	94%	title	
P22661	送金呈瑞充謝恩赴燕	기증(donate)	63	52%	title	
P22662	書李濟叟畫竹大僕契軸	도화(picture)	61	52%	title	
P22663	訓鍊院踏月	계절(season)	39	14%	term	
P22664	戲示柳耳孫	애상(sympathy)	41	27%	term	
P22665	送國弼按嶺南	송별(farewell)	97	94%	title, term	
P22666	送國弼按嶺南 其二	송별(farewell)	97	94%	title	
P22667	與南仲同試漢吏學科	애상(sympathy)	50	38%	term	
P22668	寄河濟翁	기증(donate)	96	94%	title	
P22669	送靑松琴仲材使君	송별(farewell)	97	94%	title	
P22670	奉寄遯齋醮昭格眞殿	기증(donate)	94	94%	title	
P22671	送金叔胤出宰知禮	송별(farewell)	97	94%	title	
P22672	謝子序和詩幷寄海味	기증(donate)	97	94%	title	
P22673	題春坊契軸	도화(picture)	88	94%	title	
P22674	送許彥寬出宰雲峯	송별(farewell)	97	94%	title	
P22675	寄李伯益	기증(donate)	97	94%	title	
P22676	慕華池。得雨而還。有感。	천문(astro)	60	52%	title, term	
P22677	與盛仲野酌城南	건물(structure)	82	94%	title	
P22678	與盛仲野酌城南 其二	건물(structure)	67	52%	title	
P22679	甲辰中秋望夜。同寅諸公。邀餞訓鍊院。明日。詩以爲謝。時余將赴燕。	유람(travel)	55	38%	title	
P22680	夜讀皇華集	계절(season)	15	17%	term	
P22681	夜讀皇華集 盛仲家夜集 恩逸	애상(sympathy)	45	27%	term	
P22682	夜讀皇華集 盛仲家夜集 恩逸 其二	애상(sympathy)	49	27%	term	
P22683	夜讀皇華集 盛仲家夜集 恩逸 其三	건물(structure)	78	82%	title	
P22684	夜讀皇華集 盛仲家夜集 恩逸 其四	건물(structure)	71	82%	title	
P22685	次韻	유람(travel)	26	16%	term	
P22686	次韻 其二	한적(tranquility)	38	14%	term	
P22687	次韻 其三	회고(reminiscence)	66	52%	term	
P22688	次韻 其四	유람(travel)	19	17%	term	
P22689	南仲第夜集	계절(season)	47	27%	term	
P22690	南仲第夜集 其二	인물(person)	60	52%	term	
P22691	濟叟携酒來問。伯益，謹夫，大容亦與席。明日。詩以爲謝。	한적(tranquility)	41	27%	term	
P22692	飮罷盛仲第。望月而還。	애상(sympathy)	40	27%	term	
P22693	盛仲見邀賞月。戲贈。	기증(donate)	97	94%	title	
P22694	盛仲見邀賞月。戲贈。 其二	기증(donate)	97	94%	title	
P22695	悼趙公紀	애상(sympathy)	74	82%	title, term	
P22696	奉寄挺然。乞菊栽。	기증(donate)	97	94%	title	
P22697	奉寄挺然。乞菊栽。 其二	기증(donate)	97	94%	title	
P22698	奉寄挺然。乞菊栽。 其三	기증(donate)	96	94%	title	
P22699	奉寄挺然。乞菊栽。 其四	기증(donate)	97	94%	title	
P22700	奉寄挺然。乞菊栽。 其五	기증(donate)	97	94%	title	
P22701	依韻答西海趙季任監司	인물(person)	45	27%	term	
P22702	依韻答西海趙季任監司 其二	애상(sympathy)	37	14%	term	
P22703	依韻答西海趙季任監司 其三	애상(sympathy)	41	27%	term	
P22704	依韻答西海趙季任監司 其四	유람(travel)	38	14%	term	
P22705	依韻答西海趙季任監司 其五	애상(sympathy)	24	16%	term	
P22706	題兵曹郞署契軸	도화(picture)	67	52%	title	
P22707	送人出宰安西	송별(farewell)	97	94%	title	
P22708	題刑曹郞署契軸	도화(picture)	67	52%	title	
P22709	題戶曹郞署契軸	도화(picture)	69	52%	title	
P22710	送淸源赴忠州	송별(farewell)	96	94%	title	
P22711	送李嘉仲赴晉州	송별(farewell)	97	94%	title	
P22712	送李嘉仲赴晉州 其二	송별(farewell)	97	94%	title	
P22713	送李嘉仲赴晉州 其三	송별(farewell)	97	94%	title, term	
P22714	送梁大春赴龍潭	송별(farewell)	97	94%	title	
P22715	送梁大春赴龍潭 其二	송별(farewell)	96	94%	title	
P22716	送梁大春赴龍潭 其三	송별(farewell)	97	94%	title	
P22717	送人出宰嶺南	송별(farewell)	97	94%	title	
P22718	送人出宰嶺南 其二	송별(farewell)	97	94%	title	
P22719	題夏官郞署契軸	도화(picture)	56	38%	title	
P22720	送汝溫賀聖節	송별(farewell)	96	94%	title, term	
P22721	送汝溫賀聖節 其二	송별(farewell)	97	94%	title	
P22722	送汝溫賀聖節 其三	송별(farewell)	97	94%	title, term	
P22723	奉寄汝溫	기증(donate)	97	94%	title	
P22724	奉寄汝溫 其2	기증(donate)	97	94%	title	
P22725	蔡監司母氏挽	애상(sympathy)	96	94%	title	
P22726	蔡監司母氏挽 其二	애상(sympathy)	96	94%	title	
P22727	送景遇按嶺南	송별(farewell)	97	94%	title	
P22728	送景遇按嶺南 其二	송별(farewell)	97	94%	title, term	
P22729	自遣	유람(travel)	58	38%	title	
P22730	秋宮怨。夢中作。	계절(season)	65	52%	title	
P22731	冥鴻曹知樞。請老不諧。請告而歸。舟次東湖。詩以追餞。	송별(farewell)	62	52%	title	
P22732	簡安分李伯益	애상(sympathy)	49	27%	term	
P22733	酬柳下示韻 此下至書友人契軸二十二首。出昔年雜稿。	회고(reminiscence)	46	27%	term	
P22734	用十二辰體。寄遠辱堂。	기증(donate)	87	94%	title	
P22735	哭李盛仲	애상(sympathy)	46	27%	term	
P22736	送榮期赴大同察訪	송별(farewell)	96	94%	title	
P22737	送榮期赴大同察訪 其二	송별(farewell)	97	94%	title	
P22738	送榮期赴大同察訪 其三	송별(farewell)	96	94%	title	
P22739	送人作郡	송별(farewell)	97	94%	title	
P22740	書普文詩卷	회고(reminiscence)	36	14%	term	
P22741	書普文詩卷 其二	불교(buddhism)	21	16%	term	
P22742	書普文詩卷 其三	불교(buddhism)	21	16%	term	
P22743	書普文詩卷 其四	송별(farewell)	36	14%	term	
P22744	書普文詩卷 其五	강해(water)	15	17%	term	
P22745	奉酬眉叟示韻	염정(desire)	15	17%	term	
P22746	奉酬眉叟示韻 其二	계절(season)	22	16%	term	
P22747	齒脫。戲寄元亮。	기증(donate)	97	94%	title	
P22748	送申元亮赴泰山 崔孤雲曾守此	송별(farewell)	92	94%	title	
P22749	送申元亮赴泰山 崔孤雲曾守此 其二	송별(farewell)	96	94%	title	
P22750	送申元亮赴泰山 崔孤雲曾守此 其三	송별(farewell)	96	94%	title	
P22751	書夏官諸郞契軸	회고(reminiscence)	51	38%	title	
P22752	送西海按使	송별(farewell)	97	94%	title, term	
P22753	送西海按使 其二	송별(farewell)	89	94%	title, term	
P22754	書友人契軸	산악(mountain)	19	17%	term	
P22755	書金自修畫軸	유람(travel)	53	38%	title	
P22756	書金自修畫軸 其二	유람(travel)	54	38%	title	
P22757	次龔吳天使韻 己亥華薛來。余爲製述官作。	천문(astro)	38	14%	term	
P22758	次龔吳天使韻 己亥華薛來。余爲製述官作。 其二	변새(frontier)	62	52%	term	
P22759	次龔吳天使韻 己亥華薛來。余爲製述官作。 其三	천문(astro)	24	16%	term	
P22760	次龔吳天使韻 己亥華薛來。余爲製述官作。 其四	회고(reminiscence)	38	14%	term	
P22761	良策韻	애상(sympathy)	25	16%	term	
P22762	良策韻 其二	기타(others)	40	27%	term	
P22763	良策韻 其三	회방(meet)	17	17%	term	
P22764	良策韻 其四	회방(meet)	25	16%	term	
P22765	龔使謁廟韻	회고(reminiscence)	45	27%	term	
P22766	吳使謁廟韻	천문(astro)	30	14%	term	
P22767	次上使韻	강해(water)	15	17%	term	
P22768	次副使韻	유람(travel)	15	17%	term	
P22769	唐使有月登大平樓韻	애상(sympathy)	44	27%	term	
P22770	唐使登大平樓。和壁間韻。	건물(structure)	56	38%	title	
P22771	唐使登漢江樓韻	강해(water)	62	52%	title	
P22772	唐使登漢江樓韻 其二	강해(water)	61	52%	title	
P22773	史使登大平樓韻	변새(frontier)	42	27%	term	
P22774	史使遊漢江樓韻	유람(travel)	61	52%	title	
P22775	龔使登龍頭峯韻	송별(farewell)	15	17%	term	
P22776	龔使泛楊花。觀捕魚韻。	유람(travel)	79	82%	title, term	
P22777	吳使望遠亭韻	건물(structure)	94	94%	title	
P22778	吳使登龍頭峯韻	강해(water)	37	14%	term	
P22779	龔使重遊漢江韻	유람(travel)	64	52%	title	
P22780	吳使大平樓韻	유람(travel)	44	27%	term	
P22781	吳使碧蹄阻雨韻	천문(astro)	55	38%	title	
P22782	龔使將發碧蹄阻雨韻	유람(travel)	92	94%	title, term	
P22783	龔使和碧蹄史鹿野韻	한적(tranquility)	39	14%	term	
P22784	題保寧客館	도화(picture)	58	38%	title	
P22785	黃鶴樓	동물(animal)	55	38%	title, term	
P22786	姑蘇臺	건물(structure)	58	38%	title	
P22787	洞庭秋月	계절(season)	61	52%	title	
P22788	西山霽雪	천문(astro)	66	52%	title	
P22789	哭具子雲 渰	천문(astro)	59	38%	title	
P22790	追書安恂之典艦契軸	강해(water)	25	16%	term	
P22791	題捕魚圖四絶	도화(picture)	74	82%	title	
P22792	題捕魚圖四絶 其二	도화(picture)	76	82%	title	
P22793	題捕魚圖四絶 其三	도화(picture)	74	82%	title	
P22794	題捕魚圖四絶 其四	도화(picture)	74	82%	title	
P22795	題小景屛	도화(picture)	88	94%	title	
P22796	題小景屛 其二	도화(picture)	76	82%	title	
P22797	題小景屛 其三	도화(picture)	67	52%	title	
P22798	題小景屛 其四	도화(picture)	72	82%	title	
P22799	題小景屛 其五	도화(picture)	60	52%	title	
P22800	題小景屛 其六	도화(picture)	67	52%	title	
P22801	書花原正詩稿後	한적(tranquility)	45	27%	term	
P22802	追書伊川君魂殿契軸	애상(sympathy)	41	27%	term	
P22803	步擁翠堂韻 沈公叔平。以蘇退休韻索題。	건물(structure)	54	38%	title	
P22804	步擁翠堂韻 沈公叔平。以蘇退休韻索題。 其二	건물(structure)	53	38%	title	
P22805	碁	한적(tranquility)	72	82%	title	
P22806	書	천문(astro)	25	16%	term	
P22807	太公釣魚	한적(tranquility)	61	52%	title	
P22808	爲寄佳筆。小詩奉謝西湖老先生。今尙右相	기증(donate)	88	94%	title	
P22809	寄謝金生繡梅	기증(donate)	97	94%	title	
P22810	送公叔赴成川	송별(farewell)	97	94%	title, term	
P22811	送嘉仲赴忠州	송별(farewell)	94	94%	title	
P22812	送嘉仲赴忠州 其二	송별(farewell)	97	94%	title	
P22813	送嘉仲赴忠州 其三	송별(farewell)	95	94%	title	
P22814	送昌邦赴全州	송별(farewell)	96	94%	title	
P22815	送昌邦赴全州 其二	송별(farewell)	97	94%	title	
P22816	題甲辰赴燕契會圖	도화(picture)	65	52%	title	
P22817	奉和申參贊漢之見寄	회고(reminiscence)	20	16%	term	차운(제목 donate 무시)
P22818	奉和申參贊漢之見寄 其二	송별(farewell)	41	27%	term	차운(제목 donate 무시)
P22819	和申參贊漢之詠荷珠韻	애상(sympathy)	42	27%	term	
P22820	和申參贊漢之詠荷珠韻 其二	애상(sympathy)	42	27%	term	
P22821	題尹領相短屛	도화(picture)	81	94%	title	
P22822	題尹領相短屛 其二	도화(picture)	81	94%	title	
P22823	題尹領相短屛 其三	도화(picture)	77	82%	title	
P22824	題尹領相短屛 其四	도화(picture)	82	94%	title	
P22825	送吉元學士差祭棘城	송별(farewell)	96	94%	title	
P22826	送吉元學士差祭棘城 其二	송별(farewell)	97	94%	title	
P22827	送吉元學士差祭棘城 其三	송별(farewell)	97	94%	title, term	
P22828	題甲辰赴燕契會圖	도화(picture)	68	52%	title	
P22829	題甲辰赴燕契會圖 其二	도화(picture)	57	38%	title	
P22830	題甲辰赴燕契會圖 其三	도화(picture)	63	52%	title	
P22831	送彥禮年兄賀千秋	송별(farewell)	97	94%	title	
P22832	送彥禮年兄賀千秋 其二	송별(farewell)	97	94%	title	
P22833	送彥禮年兄賀千秋 其三	송별(farewell)	97	94%	title	
P22834	病寓東郭李相第。有感。	애상(sympathy)	63	52%	title	
P22835	將還城中。書壁。	건물(structure)	54	38%	title	
P22836	奉調安分	식물(plant)	15	17%	term	
P22837	六月二日。移寓鄭右相佸第。	한적(tranquility)	45	27%	term	
P22838	六月二日。移寓鄭右相佸第。 其二	회방(meet)	17	17%	term	
P22839	普濟院。與友人納涼。	애상(sympathy)	50	38%	term	
P22840	奉調安分。督和昨詩。	계절(season)	21	16%	term	
P22841	琴妓上林春來訪	염정(desire)	59	38%	title	
P22842	奉調安分	애상(sympathy)	32	14%	term	
P22843	栗樹	회방(meet)	52	38%	term	
P22844	題濟叟畫竹	도화(picture)	79	82%	title	
P22845	題濟叟畫竹 其二	도화(picture)	92	94%	title	
P22846	題濟叟畫竹 其三	도화(picture)	82	94%	title	
P22847	題濟叟畫竹 其四	도화(picture)	92	94%	title	
P22848	送宋子綏由左鴻臚赴滿浦	송별(farewell)	97	94%	title	
P22849	九月廿六日。受假營葬舅氏于長湍。過延曙驛亭。	건물(structure)	65	52%	title	
P22850	宿碧蹄館	유람(travel)	95	94%	title	
P22851	到臨津挐舟泝流。用唐紫陽韻。	유람(travel)	77	82%	title	
P22852	到臨津挐舟泝流。用唐紫陽韻。 其二	유람(travel)	84	94%	title	
P22853	長浦廢離宮	회고(reminiscence)	50	38%	term	
P22854	九月晦日。還到高浪浦開船。至長浦觀離宮故址。是行往回。皆遭逆風云。	유람(travel)	75	82%	title	
P22855	遙望江面。石稜橫亘。熟視乃群雁也。	유람(travel)	19	17%	term	
P22856	向夕泊臨津。有懷龔雲岡。	유람(travel)	65	52%	title	
P22857	重過惠陰嶺。有懷李安分。	유람(travel)	68	52%	title	
P22858	哭鄭上舍希儉	애상(sympathy)	23	16%	term	
P22859	題納灝堂	건물(structure)	55	38%	title	
P22860	題納灝堂 其二	건물(structure)	54	38%	title	
P22861	題眞休堂	건물(structure)	53	38%	title	
P22862	明春。又訪眞休。	계절(season)	39	14%	term	
P22863	題槐院長房契軸	도화(picture)	67	52%	title	
P22864	題秋官郞署契軸	도화(picture)	59	38%	title	
P22865	題太僕契軸	도화(picture)	81	94%	title	
P22866	送武伯出按嶺南	송별(farewell)	97	94%	title	
P22867	送武伯出按嶺南 其二	송별(farewell)	97	94%	title	
P22868	答安分惠杮韻	강해(water)	15	17%	term	
P22869	答安分惠杮韻 其二	변새(frontier)	58	38%	term	
P22870	送權君瑩赴金海	송별(farewell)	95	94%	title, term	
P22871	送權君瑩赴金海 其二	송별(farewell)	96	94%	title	
P22872	題蔡挺之山齋	도화(picture)	65	52%	title, term	
P22873	壬寅二月旬有四日。在隷曹。逢大雪有作。錄似安分先生。	천문(astro)	64	52%	title	
P22874	送道原出按湖西	송별(farewell)	89	94%	title	
P22875	送重吉赴靜州	송별(farewell)	97	94%	title	
P22876	題申氏山水圖	도화(picture)	68	52%	title	
P22877	題申氏山水圖 其二	도화(picture)	68	52%	title	
P22878	送季珍使君赴商州	송별(farewell)	90	94%	title	
P22879	送季珍使君赴商州 其二	송별(farewell)	96	94%	title	
P22880	送景明寅長出按黃海	송별(farewell)	97	94%	title	
P22881	送守初寅長充奏聞朝京	송별(farewell)	97	94%	title, term	
P22882	題兵曹契會圖	도화(picture)	69	52%	title	
P22883	送應明寅長出按關東	송별(farewell)	95	94%	title	
P22884	送應明寅長出按關東 其二	송별(farewell)	97	94%	title	
P22885	送敬夫地主出宰昇平	송별(farewell)	97	94%	title	
P22886	送敬夫地主出宰昇平 其二	송별(farewell)	97	94%	title, term	
P22887	送敬夫地主出宰昇平 其三	송별(farewell)	97	94%	title	
P22888	史院有懷。錄奉安分。	회고(reminiscence)	70	82%	title	
P22889	奉和義牧金醇之惠韻	변새(frontier)	39	14%	term	
P22890	奉和義牧金醇之惠韻 其二	불교(buddhism)	48	27%	term	
P22891	奉和義牧金醇之惠韻 其三	변새(frontier)	40	27%	term	
P22892	送金浩源充冬至副使朝燕	송별(farewell)	97	94%	title	
P22893	送金浩源充冬至副使朝燕 其二	송별(farewell)	97	94%	title	
P22894	同沈三宰孟容，金判書叔藝，沈參議士容。觀儀賓光川第池谷畫。	도화(picture)	73	82%	title	
P22895	書張序班四維詩卷	한적(tranquility)	47	27%	term	
P22896	書張序班四維詩卷 其二	애상(sympathy)	52	38%	term	
P22897	哭具彥善上舍	회방(meet)	17	17%	term	
P22898	哭具彥善上舍 其二	회고(reminiscence)	51	38%	term	
P22899	鈍庵寄送杭州西湖圖，雪擁藍關圖，商山四皓圖，玉堂春曉梅花圖索詠。雜記一律博笑。	송별(farewell)	64	52%	title	
P22900	哭鄭卓卿都正	송별(farewell)	29	16%	term	
P22901	哭李伯益	회고(reminiscence)	37	14%	term	
P22902	哭李伯益 其二	불교(buddhism)	36	14%	term	
P22903	哭李伯益 其三	한적(tranquility)	47	27%	term	
P22904	哭李伯益 其四	애상(sympathy)	23	16%	term	
P22905	哭李伯益 其五	송별(farewell)	24	16%	term	
P22906	哭洪參議母氏挽	애상(sympathy)	96	94%	title	
P22907	哭張子剛母氏挽	애상(sympathy)	96	94%	title	
P22908	哭朴昌邦	애상(sympathy)	45	27%	term	
P22909	送冥鴻曺億之寅老請告還鄕	송별(farewell)	97	94%	title	
P22910	送冥鴻曺億之寅老請告還鄕 其二	송별(farewell)	97	94%	title	
P22911	送冥鴻曺億之寅老請告還鄕 其三	송별(farewell)	97	94%	title	
P22912	送冥鴻曺億之寅老請告還鄕 其四	송별(farewell)	97	94%	title, term	
P22913	送冥鴻曺億之寅老請告還鄕 其五	송별(farewell)	97	94%	title	
P22914	送冥鴻曺億之寅老請告還鄕 其六	송별(farewell)	97	94%	title, term	
P22915	送冥鴻曺億之寅老請告還鄕 其七	송별(farewell)	97	94%	title	
P22916	送冥鴻曺億之寅老請告還鄕 其八	송별(farewell)	97	94%	title, term	
P22917	送許彥寬宰三嘉	송별(farewell)	97	94%	title	
P22918	送許彥寬宰三嘉 其二	송별(farewell)	95	94%	title	
P22919	題樂山堂	건물(structure)	54	38%	title	
P22920	彥規，南仲。登駱峯踏靑見招。	유람(travel)	36	14%	term	
P22921	訪南仲路梁別墅	송별(farewell)	90	94%	title	
P22922	題許司寇小屛。四絶。	도화(picture)	81	94%	title	
P22923	題許司寇小屛。四絶。 其二	도화(picture)	59	38%	title	
P22924	題許司寇小屛。四絶。 其三	도화(picture)	67	52%	title	
P22925	題許司寇小屛。四絶。 其四	도화(picture)	61	52%	title	
P22926	題畫竹	도화(picture)	76	82%	title	
P22927	題畫竹 其二	도화(picture)	92	94%	title	
P22928	題畫竹 其三	도화(picture)	72	82%	title	
P22929	答朴仲初見寄韻時宰寧越	기증(donate)	97	94%	title	
P22930	答朴仲初見寄韻時宰寧越 其二	기증(donate)	97	94%	title	
P22931	答朴仲初見寄韻時宰寧越 其三	기증(donate)	90	94%	title	
P22932	寄南宮弼之	기증(donate)	94	94%	title	
P22933	謝貸瓦	유람(travel)	42	27%	term	
P22934	書金吾郞契軸	유람(travel)	36	14%	term	
P22935	送仲初按西海	송별(farewell)	97	94%	title	
P22936	送仲初按西海 其二	송별(farewell)	97	94%	title, term	
P22937	送叔春赴西閫	송별(farewell)	89	94%	title	
P22938	送叔春赴西閫 其二	송별(farewell)	97	94%	title	
P22939	奉題尙左相雪景圖	도화(picture)	59	38%	title	
P22940	奉題尙左相雪景圖 其二	도화(picture)	60	52%	title	
P22941	酬林石川見寄韻	회고(reminiscence)	52	38%	term	차운(제목 donate 무시)
P22942	酬林石川見寄韻 其二	한적(tranquility)	39	14%	term	차운(제목 donate 무시)
P22943	普濟院點軍	애상(sympathy)	47	27%	term	
P22944	病中悼亡	애상(sympathy)	93	94%	title	
P22945	守歲。示子姪。	애상(sympathy)	22	16%	term	
P22946	步韻答尹上舍卓然	인물(person)	58	38%	term	
P22947	書薇垣契軸	회방(meet)	39	14%	term	
P22948	哭金同知仁卿	애상(sympathy)	42	27%	term	
P22949	哭申靈城	인물(person)	41	27%	term	
P22950	書繕修契軸	현달(prosper)	41	27%	term	
P22951	哭李知樞棐仲 公壽八十九	회고(reminiscence)	55	38%	term	
P22952	哭李知樞棐仲 公壽八十九 其二	송별(farewell)	36	14%	term	
P22953	送人按關東	송별(farewell)	97	94%	title	
P22954	送人按關東 其二	송별(farewell)	97	94%	title	
P22955	解兵曹。戲書。	송별(farewell)	58	38%	term	
P22956	題畫	도화(picture)	79	82%	title	
P22957	題畫 其二	도화(picture)	77	82%	title	
P22958	三月下旬。松岡邀余及退之，伯高，吉元。登眺後麓。	현달(prosper)	50	38%	term	
P22959	送黃使君仲擧赴丹陽	송별(farewell)	96	94%	title, term	
P22960	送黃使君仲擧赴丹陽 其二	송별(farewell)	96	94%	title	
P22961	送黃使君仲擧赴丹陽 其三	송별(farewell)	96	94%	title	
P22962	送黃使君仲擧赴丹陽 其四	송별(farewell)	97	94%	title	
P22963	送黃使君仲擧赴丹陽 其五	송별(farewell)	97	94%	title	
P22964	書軍籍郞廳契軸	천문(astro)	26	16%	term	
P22965	李安岳挽 有慶	애상(sympathy)	96	94%	title, term	
P22966	書銀臺契軸	건물(structure)	55	38%	title	
P22967	書戰船契軸	산악(mountain)	25	16%	term	
P22968	書經筵官賜宴圖	유람(travel)	52	38%	title	
P22969	送人摠戎南道	송별(farewell)	97	94%	title	
P22970	書癸丑年契軸	애상(sympathy)	24	16%	term	
P22971	初度劇飮。翌朝。奉和退之宗伯。	한적(tranquility)	46	27%	term	
P22972	初度劇飮。翌朝。奉和退之宗伯。 其二	유람(travel)	38	14%	term	
P22973	書諫院契軸	식물(plant)	15	17%	term	
P22974	書平安諸官迎詔圖	도화(picture)	55	38%	title	
P22975	哭任三宰士經	회고(reminiscence)	51	38%	term	
P22976	惜春。作蝶戀花一闋。錄奉松岡。	도화(picture)	58	38%	term	
P22977	惜春。作蝶戀花一闋。錄奉松岡。 其二	애상(sympathy)	57	38%	term	
P22978	松岡見和。復疊前韻。	애상(sympathy)	23	16%	term	
P22979	松岡見和。復疊前韻。 其二	애상(sympathy)	51	38%	term	
P22980	效點綘脣。錄奉松岡。	기타(others)	56	38%	title	
P22981	牡丹盛開。戲效玉樓春。呈松岡。	기증(donate)	97	94%	title	
P22982	牡丹盛開。戲效玉樓春。呈松岡。 其二	기증(donate)	97	94%	title	
P22983	效水調歌頭。呈松岡。	기증(donate)	90	94%	title	
P22984	效水調歌頭。呈松岡。 其二	기증(donate)	92	94%	title	
P22985	夜酌。示養叔。	회고(reminiscence)	23	16%	term	
P22986	夜酌。示養叔。 其二	-(-)	0	0%		신호 없음
P22987	夜酌。示養叔。 其三	송별(farewell)	32	14%	term	
P22988	夜酌。示養叔。 其四	불교(buddhism)	69	52%	term	
P22989	夜酌。示養叔。 其五	애상(sympathy)	50	38%	term	
P22990	夜酌。示養叔。 其六	애상(sympathy)	50	38%	term	
P22991	夜酌。示養叔。 其七	식물(plant)	15	17%	term	
P22992	夜酌。示養叔。 其八	애상(sympathy)	15	17%	term	
P22993	夜酌。示養叔。 其九	애상(sympathy)	43	27%	term	
P22994	夜酌。示養叔。 其十	애상(sympathy)	27	16%	term	
P22995	元日書事。寄石川。時求補外	기증(donate)	97	94%	title	
P22996	東莊晩眺	산악(mountain)	25	16%	term	
P22997	東莊晩眺 其二	불교(buddhism)	36	14%	term	
P22998	同松岡避暑鄭濯之水軒。索題甚苛。塞以一絶。	도화(picture)	61	52%	title	
P22999	東皐言志	유람(travel)	40	27%	term	
P23000	東皐言志 其二	송별(farewell)	38	14%	term	
P23001	題世年契軸	도화(picture)	57	38%	title	
P23002	人日有感	애상(sympathy)	57	38%	title	
P23003	哭趙三宰季任	애상(sympathy)	51	38%	term	
P23004	哭沈領相孟容	회고(reminiscence)	42	27%	term	
P23005	聞儺有感	애상(sympathy)	60	52%	title, term	
P23006	人日	-(-)	0	0%		신호 없음
P23007	八月初吉。宿中隱堂。	유람(travel)	81	94%	title, term	
P23008	皐莊言志	한적(tranquility)	39	14%	term	
P23009	解兵曹。敍懷。	회고(reminiscence)	58	38%	title	
P23010	奉謝太常安大寶饋母酒	기증(donate)	70	82%	title	
P23011	村莊卽事	기타(others)	78	82%	title	
P23012	復疊前韻。錄奉大寶。	기몽(dream)	32	14%	term	
P23013	元夕寄人	기증(donate)	94	94%	title	
P23014	氷泉亭。用申大用韻。	건물(structure)	87	94%	title	
P23015	初赴耆老宴	유람(travel)	62	52%	title	
P23016	內集示兩兒	염정(desire)	38	14%	term	
P23017	題人伽倻琴	도화(picture)	76	82%	title	
P23018	題人伽倻琴 其二	도화(picture)	59	38%	title	
P23019	送安君晦還湖南幙府	송별(farewell)	89	94%	title	
P23020	送安君晦還湖南幙府 其二	송별(farewell)	89	94%	title, term	
P23021	送安君晦還湖南幙府 其三	송별(farewell)	89	94%	title	
P23022	送安君晦還湖南幙府 其四	송별(farewell)	88	94%	title	
P23023	送安君晦還湖南幙府 其五	송별(farewell)	89	94%	title	
P23024	靑陵府院君夫人挽	애상(sympathy)	96	94%	title	
P23025	晩眺有感	애상(sympathy)	63	52%	title	
P23026	送子任赴陟州	송별(farewell)	89	94%	title	
P23027	送子任赴陟州 其二	송별(farewell)	89	94%	title, term	
P23028	送子任赴陟州 其三	송별(farewell)	88	94%	title	
P23029	東莊言志	천문(astro)	21	16%	term	
P23030	因釋慧遠行。寄贈申祥原 濩。	기증(donate)	97	94%	title	
P23031	因釋慧遠行。寄贈申祥原 濩。 其二	기증(donate)	97	94%	title	
P23032	六月旬有三日。大風以雨。入夜遂霽。明日早起。用進退格紀所見。	천문(astro)	50	38%	title	
P23033	寄養叔同遊重興	기증(donate)	79	82%	title	
P23034	效秦淮海桃源憶故人小詞	회고(reminiscence)	58	38%	title	
P23035	效秦淮海桃源憶故人小詞 其二	회고(reminiscence)	61	52%	title	
P23036	書桃源畫	도화(picture)	54	38%	title	
P23037	哭安左相	유람(travel)	25	16%	term	
P23038	哭安左相 其二	변새(frontier)	45	27%	term	
P23039	釋悶	변새(frontier)	38	14%	term	
P23040	早起紀懷	회고(reminiscence)	70	82%	title	
P23041	紀懷	회고(reminiscence)	58	38%	title	
P23042	村況	천문(astro)	52	38%	term	
P23043	六月十四夜見月	천문(astro)	26	16%	term	
P23044	病起	변새(frontier)	52	38%	term	
P23045	申知事潤甫挽	애상(sympathy)	96	94%	title	
P23046	箭郊晩眺。示同遊寅老。	유람(travel)	72	82%	title	
P23047	箭郊晩眺。示同遊寅老。 其二	유람(travel)	73	82%	title	
P23048	箭郊晩眺。示同遊寅老。 其三	유람(travel)	75	82%	title	
P23049	誹諧五絶	천문(astro)	34	14%	term	
P23050	誹諧五絶 其二	강해(water)	15	17%	term	
P23051	誹諧五絶 其三	-(-)	0	0%		신호 없음
P23052	誹諧五絶 其四	유람(travel)	17	17%	term	
P23053	誹諧五絶 其五	애상(sympathy)	58	38%	term	
P23054	送朴僉使赴滿浦 啓賢	송별(farewell)	92	94%	title	
P23055	受告浴疾。言志。	천문(astro)	25	16%	term	
P23056	效踏莎行調	유람(travel)	53	38%	title	
P23057	步黃柳下示韻	애상(sympathy)	56	38%	term	
P23058	步黃柳下示韻 其二	애상(sympathy)	28	16%	term	
P23059	暮春旬有九日。內集家園。書五絶示兒輩。	계절(season)	62	52%	title	
P23060	暮春旬有九日。內集家園。書五絶示兒輩。 其二	계절(season)	61	52%	title	
P23061	暮春旬有九日。內集家園。書五絶示兒輩。 其三	계절(season)	58	38%	title	
P23062	暮春旬有九日。內集家園。書五絶示兒輩。 其四	계절(season)	61	52%	title	
P23063	暮春旬有九日。內集家園。書五絶示兒輩。 其五	계절(season)	61	52%	title	
P23064	哭張河原子房	애상(sympathy)	44	27%	term	
P23065	雨中。詣闕謝恩。	천문(astro)	58	38%	title	
P23066	己未除夜。示子姪。	회고(reminiscence)	39	14%	term	
P23067	李正郞妻氏挽	애상(sympathy)	96	94%	title	
P23068	哭權判書繼祖	계절(season)	15	17%	term	
P23069	新笛成。試捻戲書。	애상(sympathy)	45	27%	term	
P23070	與人夜飮	회고(reminiscence)	41	27%	term	
P23071	書李醴泉愿雙障 金禔畫	도화(picture)	67	52%	title	
P23072	書李醴泉愿雙障 金禔畫 其二	도화(picture)	67	52%	title	
P23073	春盡日郊行	유람(travel)	55	38%	title, term	악부/제영(확신↓)
P23074	奉題沈右相小景短屛六絶	회고(reminiscence)	44	27%	term	
P23075	奉題沈右相小景短屛六絶 其二	도화(picture)	61	52%	title	
P23076	奉題沈右相小景短屛六絶 其三	도화(picture)	62	52%	title	
P23077	奉題沈右相小景短屛六絶 其四	도화(picture)	53	38%	title	
P23078	奉題沈右相小景短屛六絶 其五	도화(picture)	81	94%	title	
P23079	奉題沈右相小景短屛六絶 其六	도화(picture)	67	52%	title	
P23080	哭鄭太常德老	불교(buddhism)	39	14%	term	
P23081	牡丹將謝。步義山韻二首。	기증(donate)	52	38%	title	
P23082	牡丹將謝。步義山韻二首。 其二	애상(sympathy)	52	38%	term	
P23083	辛酉後五月旬有三日。沈三宰彥之邀諸耆老設讌于麻浦別墅。明日謾錄。	송별(farewell)	97	94%	title	
P23084	辛酉後五月旬有三日。沈三宰彥之邀諸耆老設讌于麻浦別墅。明日謾錄。 其二	송별(farewell)	97	94%	title	
P23085	辛酉後五月旬有三日。沈三宰彥之邀諸耆老設讌于麻浦別墅。明日謾錄。 其三	송별(farewell)	88	94%	title	
P23086	辛酉後五月旬有三日。沈三宰彥之邀諸耆老設讌于麻浦別墅。明日謾錄。 其四	송별(farewell)	97	94%	title	
P23087	辛酉後五月旬有三日。沈三宰彥之邀諸耆老設讌于麻浦別墅。明日謾錄。 其五	송별(farewell)	97	94%	title	
P23088	苦雨書事	천문(astro)	68	52%	title, term	
P23089	病不作重陽。示兒輩。	애상(sympathy)	30	14%	term	
P23090	寄題夢齎亭 吉元所扁	기증(donate)	68	52%	title	
P23091	新歲言志	애상(sympathy)	29	16%	term	
P23092	哭蘇退休	송별(farewell)	40	27%	term	
P23093	哭蘇退休 其二	송별(farewell)	43	27%	term	
P23094	東郊秋夕	계절(season)	51	38%	title	
P23095	新歲言志	회방(meet)	18	17%	term	
P23096	送李仲悟尹完山	송별(farewell)	97	94%	title	
P23097	送李仲悟尹完山 其二	송별(farewell)	97	94%	title	
P23098	送李仲悟尹完山 其三	송별(farewell)	83	94%	title	
P23099	戲示柳生	천문(astro)	23	16%	term	
P23100	又示柳生	회방(meet)	54	38%	term	
P23101	中宗大王遷陵挽詞	애상(sympathy)	83	94%	title, term	
P23102	暮春感事	계절(season)	73	82%	title, term	
P23103	暮春初四。大雪。紀所見。	천문(astro)	65	52%	title, term	
P23104	餞春五律。效香山。	회고(reminiscence)	42	27%	term	
P23105	餞春五律。效香山。 其二	애상(sympathy)	57	38%	term	
P23106	餞春五律。效香山。 其三	산악(mountain)	50	38%	title	
P23107	餞春五律。效香山。 其四	산악(mountain)	50	38%	title	
P23108	餞春五律。效香山。 其五	산악(mountain)	53	38%	title	
P23109	鄭副正景虛挽	애상(sympathy)	96	94%	title, term	
P23110	記見示兒曹	변새(frontier)	53	38%	term	
P23111	秋夜憶湖陰	강해(water)	53	38%	title	
P23112	示柳生	애상(sympathy)	41	27%	term	
P23113	寄李安分	기증(donate)	93	94%	title	
P23114	寄李安分 其二	기증(donate)	97	94%	title	
P23115	復疊前韻	현달(prosper)	44	27%	term	
P23116	復疊前韻 其二	애상(sympathy)	24	16%	term	
P23117	酬漢濱見寄	기증(donate)	97	94%	title	
P23118	酬漢濱見寄 其二	기증(donate)	95	94%	title	
P23119	酬漢濱見寄 其三	기증(donate)	97	94%	title	
P23120	酬漢濱見寄 其四	기증(donate)	87	94%	title	
P23121	書杜城畫屛。與蕃仲同賦。	도화(picture)	61	52%	title	
P23122	書杜城畫屛。與蕃仲同賦。 其二	도화(picture)	59	38%	title	
P23123	用蘇贊成韻。書申濆餘金詩卷。	송별(farewell)	21	16%	term	
P23124	寄西湖尙起夫尙書	기증(donate)	87	94%	title	
P23125	寄西湖尙起夫尙書 其二	기증(donate)	84	94%	title	
P23126	柳生屬疾甚危。余方有南行。索留詩甚懇。書五絶以塞其意。	유람(travel)	65	52%	title, term	
P23127	柳生屬疾甚危。余方有南行。索留詩甚懇。書五絶以塞其意。 其二	유람(travel)	56	38%	title	
P23128	柳生屬疾甚危。余方有南行。索留詩甚懇。書五絶以塞其意。 其三	회고(reminiscence)	52	38%	term	
P23129	柳生屬疾甚危。余方有南行。索留詩甚懇。書五絶以塞其意。 其四	유람(travel)	55	38%	title	
P23130	柳生屬疾甚危。余方有南行。索留詩甚懇。書五絶以塞其意。 其五	유람(travel)	58	38%	title	
P23131	送仁卿赴錦城	송별(farewell)	89	94%	title	
P23132	送季雅按朔北	송별(farewell)	97	94%	title, term	
P23133	送季雅按朔北 其二	송별(farewell)	97	94%	title	
P23134	送人牧耽羅	송별(farewell)	97	94%	title	
P23135	尙衣諸官契軸	애상(sympathy)	26	16%	term	
P23136	書兵曹郞舍契軸	송별(farewell)	36	14%	term	
P23137	送人按咸鏡	송별(farewell)	93	94%	title	
P23138	書觀象諸官契軸	회방(meet)	52	38%	term	
P23139	上山奉和蕃仲韻	산악(mountain)	52	38%	title	
P23140	行到肅寧。有懷前夕之遊。錄奉博笑。	유람(travel)	73	82%	title, term	
P23141	奉酬什。復疊前韻。	애상(sympathy)	45	27%	term	
P23142	復疊上山韻	산악(mountain)	52	38%	title	
P23143	通和蕃仲示韻	회고(reminiscence)	43	27%	term	
P23144	通和蕃仲示韻 其二	유람(travel)	22	16%	term	
P23145	通和蕃仲示韻 其三	한적(tranquility)	52	38%	term	
P23146	重遊浮碧。謾錄一律博笑。	유람(travel)	83	94%	title, term	
P23147	途中懷仰。聊奉五絶。蕃仲時判吏曹	유람(travel)	95	94%	title	
P23148	途中懷仰。聊奉五絶。蕃仲時判吏曹 其二	유람(travel)	95	94%	title	
P23149	途中懷仰。聊奉五絶。蕃仲時判吏曹 其三	유람(travel)	95	94%	title	
P23150	途中懷仰。聊奉五絶。蕃仲時判吏曹 其四	유람(travel)	95	94%	title	
P23151	途中懷仰。聊奉五絶。蕃仲時判吏曹 其五	유람(travel)	88	94%	title	
P23152	題西游錄後	도화(picture)	81	94%	title	
P23153	送人佐關東幕	송별(farewell)	97	94%	title	
P23154	次舍弟興德韻 五首	애상(sympathy)	56	38%	term	
P23155	次舍弟興德韻 五首 其二	애상(sympathy)	59	38%	term	
P23156	次舍弟興德韻 五首 其三	한적(tranquility)	46	27%	term	
P23157	次舍弟興德韻 五首 其四	회고(reminiscence)	47	27%	term	
P23158	次舍弟興德韻 五首 其五	인물(person)	39	14%	term	
P23159	寄南仲	기증(donate)	97	94%	title	
P23160	丁二相 嘉仲 挽	애상(sympathy)	96	94%	title	
P23161	鄭參判 仁甫 挽	애상(sympathy)	96	94%	title	
P23162	步韻酬遯齋	건물(structure)	55	38%	title	
P23163	步韻酬遯齋 其二	건물(structure)	78	82%	title	
P23164	朴承旨 仲初 母氏挽	애상(sympathy)	90	94%	title	
P23165	南知樞 仲柔 挽	애상(sympathy)	96	94%	title, term	
P23166	孔大憲 瑞麟 夫人挽	애상(sympathy)	96	94%	title	
P23167	哭趙三宰 元紀	산악(mountain)	17	17%	term	
P23168	淸和初吉。出城南。訪遯齋都憲。明日奉寄。	기증(donate)	83	94%	title	
P23169	淸和初吉。出城南。訪遯齋都憲。明日奉寄。 其二	기증(donate)	83	94%	title	
P23170	遯齋見酬。復疊前韻。	건물(structure)	65	52%	title	
P23171	遯齋見酬。復疊前韻。 其二	애상(sympathy)	43	27%	term	
P23172	復酬遯齋依韻見寄	건물(structure)	61	52%	title	차운(제목 donate 무시)
P23173	復酬遯齋依韻見寄 其二	회고(reminiscence)	44	27%	term	차운(제목 donate 무시)
P23174	安分丈人。偶見酬唱之什。步韻見寄。復疊奉答。	기증(donate)	97	94%	title	
P23175	安分丈人。偶見酬唱之什。步韻見寄。復疊奉答。 其二	기증(donate)	97	94%	title	
P23176	再答依韻見寄	기증(donate)	93	94%	title	
P23177	再答依韻見寄 其二	기증(donate)	97	94%	title	
P23178	三答依韻見寄	기증(donate)	97	94%	title	
P23179	三答依韻見寄 其二	기증(donate)	80	94%	title	
P23180	四答依韻見寄	기증(donate)	97	94%	title	
P23181	四答依韻見寄 其二	기증(donate)	97	94%	title	
P23182	五答依韻見寄	기증(donate)	97	94%	title	
P23183	五答依韻見寄 其二	기증(donate)	84	94%	title	
P23184	喜雨。用前韻。	천문(astro)	83	94%	title	
P23185	喜雨。用前韻。 其二	천문(astro)	74	82%	title	
P23186	寓直乍晴。復用前韻。	한적(tranquility)	23	16%	term	
P23187	寓直乍晴。復用前韻。 其二	유람(travel)	50	38%	term	
P23188	奉答安分酬韻	애상(sympathy)	29	16%	term	
P23189	奉答安分酬韻 其二	강해(water)	46	27%	term	
P23190	奉題工曹尹判書屛	도화(picture)	54	38%	title	
P23191	奉題工曹尹判書屛 其二	도화(picture)	59	38%	title	
P23192	奉題工曹尹判書屛 其三	도화(picture)	67	52%	title	
P23193	奉題工曹尹判書屛 其四	도화(picture)	66	52%	title	
P23194	奉題工曹尹判書屛 其五	도화(picture)	54	38%	title	
P23195	奉題工曹尹判書屛 其六	도화(picture)	67	52%	title	
P23196	奉題工曹尹判書屛 其七	도화(picture)	67	52%	title	
P23197	奉題工曹尹判書屛 其八	도화(picture)	62	52%	title	
P23198	送林通判士遂還鼇山	송별(farewell)	96	94%	title	
P23199	送林通判士遂還鼇山 其二	송별(farewell)	97	94%	title	
P23200	送林通判士遂還鼇山 其三	송별(farewell)	90	94%	title	
P23201	送林通判士遂還鼇山 其四	송별(farewell)	97	94%	title	
P23202	次愼希白別墅韻	송별(farewell)	97	94%	title	
P23203	次愼希白別墅韻 其二	송별(farewell)	97	94%	title	
P23204	次愼希白別墅韻 其三	송별(farewell)	97	94%	title	
P23205	次愼希白別墅韻 其四	송별(farewell)	97	94%	title	
P23206	次愼希白別墅韻 其五	송별(farewell)	97	94%	title	
P23207	次愼希白別墅韻 其六	송별(farewell)	97	94%	title	
P23208	贈權生應仁	기증(donate)	97	94%	title	
P23209	贈權生應仁 其二	기증(donate)	97	94%	title	
P23210	任司成 楨 挽	애상(sympathy)	82	94%	title	
P23211	任司成 楨 挽 其二	애상(sympathy)	90	94%	title	
P23212	任司成 楨 挽 其三	애상(sympathy)	96	94%	title	
P23213	西原別席。溫甫屬孝仲挑我倡酬。	송별(farewell)	96	94%	title	
P23214	西原別席。溫甫屬孝仲挑我倡酬。 其二	송별(farewell)	97	94%	title	
P23215	西原別席。溫甫屬孝仲挑我倡酬。 其三	송별(farewell)	97	94%	title	
P23216	西原別席。溫甫屬孝仲挑我倡酬。 其四	송별(farewell)	94	94%	title, term	
P23217	西原別席。溫甫屬孝仲挑我倡酬。 其五	송별(farewell)	97	94%	title	
P23218	西原別席。溫甫屬孝仲挑我倡酬。 其六	송별(farewell)	97	94%	title, term	
P23219	西原別席。溫甫屬孝仲挑我倡酬。 其七	송별(farewell)	97	94%	title	
P23220	還至公山。步前韻。寄孝仲。	기증(donate)	96	94%	title	
P23221	還至公山。步前韻。寄孝仲。 其二	기증(donate)	95	94%	title	
P23222	還至公山。步前韻。寄孝仲。 其三	기증(donate)	96	94%	title	
P23223	還至公山。步前韻。寄孝仲。 其四	기증(donate)	94	94%	title	
P23224	還至公山。步前韻。寄孝仲。 其五	기증(donate)	90	94%	title	
P23225	苦寒有感	애상(sympathy)	70	82%	title	
P23226	苦寒有感 其二	애상(sympathy)	90	94%	title, term	
P23227	夜臥釋悶	애상(sympathy)	49	27%	term	
P23228	復疊前韻	한적(tranquility)	38	14%	term	
P23229	復疊前韻 其二	도교(taoism)	39	14%	term	
P23230	復疊前韻 其三	애상(sympathy)	48	27%	term	
P23231	復疊前韻 其四	한적(tranquility)	47	27%	term	
P23232	復疊前韻 其五	애상(sympathy)	41	27%	term	
P23233	復疊前韻 其六	애상(sympathy)	22	16%	term	
P23234	再酬栗里韻	애상(sympathy)	53	38%	term	
P23235	再酬栗里韻 其二	강해(water)	47	27%	term	
P23236	再酬栗里韻 其三	유람(travel)	49	27%	term	
P23237	又酬見寄韻	애상(sympathy)	31	14%	term	차운(제목 donate 무시)
P23238	又酬見寄韻 其二	회고(reminiscence)	45	27%	term	차운(제목 donate 무시)
P23239	又酬見寄韻 其三	회고(reminiscence)	37	14%	term	차운(제목 donate 무시)
P23240	人日書事 五首	애상(sympathy)	43	27%	term	
P23241	人日書事 五首 其二	한적(tranquility)	60	52%	term	
P23242	人日書事 五首 其三	애상(sympathy)	43	27%	term	
P23243	人日書事 五首 其四	애상(sympathy)	43	27%	term	
P23244	人日書事 五首 其五	유람(travel)	38	14%	term	
P23245	偶書遣懷 二首	애상(sympathy)	57	38%	title	
P23246	偶書遣懷 二首 其二	애상(sympathy)	60	52%	title	
P23247	酬友人見贈韻	회고(reminiscence)	36	14%	term	차운(제목 donate 무시)
P23248	酬友人見贈韻 其二	애상(sympathy)	21	16%	term	차운(제목 donate 무시)
P23249	雨中巡園有懷	회고(reminiscence)	55	38%	title	
P23250	雨中巡園有懷 其二	회고(reminiscence)	55	38%	title	
P23251	雨中巡園有懷 其三	회고(reminiscence)	67	52%	title, term	
P23252	雨中巡園有懷 其四	회고(reminiscence)	60	52%	title	
P23253	雨中巡園有懷 其五	애상(sympathy)	44	27%	term	
P23254	雨中巡園有懷 其六	회고(reminiscence)	56	38%	title	
P23255	雨中巡園有懷 其七	회고(reminiscence)	53	38%	title	
P23256	雨中巡園有懷 其八	회고(reminiscence)	56	38%	title	
P23257	衿陽道上	애상(sympathy)	54	38%	term	
P23258	得書有感	애상(sympathy)	69	52%	title, term	
P23259	家人送餠酒。備我生辰。	송별(farewell)	97	94%	title	
P23260	松泉途中	유람(travel)	97	94%	title, term	
P23261	謾成	애상(sympathy)	60	52%	term	
P23262	寒食臥病	계절(season)	56	38%	title	
P23263	七夕感懷	애상(sympathy)	45	27%	term	
P23264	七夕感懷 其二	회고(reminiscence)	51	38%	title	
P23265	七夕感懷 其三	회고(reminiscence)	53	38%	title	
P23266	江亭餞客	건물(structure)	74	82%	title	
P23267	沙汀翫月	천문(astro)	38	14%	term	
P23268	淸和朔朝紀懷	애상(sympathy)	50	38%	term	
P23269	淸和朔朝紀懷 其二	회고(reminiscence)	53	38%	title	
P23270	淸和朔朝紀懷 其三	회고(reminiscence)	53	38%	title	
P23271	淸和朔朝紀懷 其四	한적(tranquility)	41	27%	term	
P23272	淸和朔朝紀懷 其五	회고(reminiscence)	56	38%	title	
P23273	卽景	강해(water)	57	38%	term	
P23274	有感	애상(sympathy)	58	38%	title	
P23275	有感 其二	애상(sympathy)	60	52%	title, term	
P23276	初夏書事	회고(reminiscence)	51	38%	title	
P23277	急雨	천문(astro)	66	52%	title	
P23278	偶興	한적(tranquility)	38	14%	term	
P23279	偶興 其二	계절(season)	16	17%	term	
P23280	酬容齋惠韻	건물(structure)	70	82%	title	
P23281	酬容齋惠韻 其二	건물(structure)	65	52%	title	
P23282	酬宋都憲示韻	회방(meet)	25	16%	term	
P23283	禧陵挽詞 遷陵	애상(sympathy)	97	94%	title	
P23284	次郭山金孝女詩韻 辛巳。詔使唐皐，史道。時爲從事官。	산악(mountain)	70	82%	title	
P23285	次郭山金孝女詩韻 辛巳。詔使唐皐，史道。時爲從事官。 其二	산악(mountain)	85	94%	title	
P23286	次郭山金孝女詩韻 辛巳。詔使唐皐，史道。時爲從事官。 其三	산악(mountain)	56	38%	title	
P23287	次郭山金孝女詩韻 辛巳。詔使唐皐，史道。時爲從事官。 其四	산악(mountain)	78	82%	title	
P23288	次郭山金孝女詩韻 辛巳。詔使唐皐，史道。時爲從事官。 其五	산악(mountain)	70	82%	title	
P23289	次郭山金孝女詩韻 辛巳。詔使唐皐，史道。時爲從事官。 其六	산악(mountain)	56	38%	title	
P23290	次郭山金孝女詩韻 辛巳。詔使唐皐，史道。時爲從事官。 其七	산악(mountain)	55	38%	title	
P23291	次蔥秀山韻	산악(mountain)	63	52%	title, term	
P23292	次夜宿大平館醉起口占韻	유람(travel)	95	94%	title	
P23293	次夜宿大平館醉起口占韻 其二	유람(travel)	95	94%	title	
P23294	次夜宿大平館醉起口占韻 其三	유람(travel)	95	94%	title	
P23295	次夜宿大平館醉起口占韻 其四	유람(travel)	87	94%	title	
P23296	次夜宿大平館醉起口占韻 其五	유람(travel)	93	94%	title	
P23297	次夜宿大平館醉起口占韻 其六	유람(travel)	95	94%	title	
P23298	次金郊步月韻	송별(farewell)	41	27%	term	
P23299	次副使韻	인물(person)	36	14%	term	
P23300	伏覩途中諸作通錄見示。不勝榮幸。誦味之餘。猥奉短章。用表揄揚。丁酉。詔使龔用卿，吳希孟。時爲遠接使。	유람(travel)	96	94%	title	
P23301	伏覩途中諸作通錄見示。不勝榮幸。誦味之餘。猥奉短章。用表揄揚。丁酉。詔使龔用卿，吳希孟。時爲遠接使。 其二	유람(travel)	96	94%	title	
P23302	次入漢城喜晴 正使韻	유람(travel)	51	38%	title	
P23303	次入漢城喜晴 正使韻 其2	유람(travel)	50	38%	title	
P23304	次入漢城喜晴 副使韻	유람(travel)	52	38%	title	
P23305	次入漢城喜晴 副使韻 其2	유람(travel)	52	38%	title	
P23306	次謁宣聖廟 正使韻	인물(person)	38	14%	term	
P23307	次謁宣聖廟 副使韻	인물(person)	51	38%	term	
P23308	次遊漢江 正使韻	유람(travel)	67	52%	title, term	
P23309	次遊漢江 正使韻 其二	유람(travel)	68	52%	title, term	
P23310	次遊漢江 副使韻	유람(travel)	65	52%	title	
P23311	次遊漢江 副使韻 其二	유람(travel)	65	52%	title	
P23312	次宴慶會樓 正使韻	건물(structure)	51	38%	title	
P23313	次宴慶會樓 副使韻	건물(structure)	58	38%	title	
P23314	次宴慶會樓 副使韻 其2	계절(season)	42	27%	term	
P23315	次宴慶會樓 副使韻 其3	건물(structure)	71	82%	title	
P23316	次宴慶會樓 副使韻 其4	건물(structure)	53	38%	title	
P23317	次宴慶會樓 副使韻 其5	건물(structure)	56	38%	title	
P23318	次宴慶會樓 副使韻 其6	건물(structure)	51	38%	title	
P23319	次宴慶會樓 副使韻 其7	건물(structure)	85	94%	title	
P23320	次宴慶會樓 副使韻 其8	건물(structure)	56	38%	title	
P23321	次宴慶會樓 副使韻 其9	건물(structure)	70	82%	title	
P23322	次宴勤政殿 正使韻	천문(astro)	23	16%	term	
P23323	次宴勤政殿 副使韻	애상(sympathy)	51	38%	term	
P23324	次登龍頭峯 正使韻	산악(mountain)	17	17%	term	
P23325	次泛楊花渡觀捕魚 正使韻	유람(travel)	66	52%	title	
P23326	次望遠亭 副使韻	건물(structure)	94	94%	title	
P23327	次再遊漢江 正使韻	유람(travel)	64	52%	title	
P23328	次再遊漢江 正使韻 其2	유람(travel)	64	52%	title	
P23329	次遊楊花渡 副使韻	유람(travel)	82	94%	title	
P23330	次大平樓 副使韻	천문(astro)	25	16%	term	
P23331	次大平館用唐新庵韻 正使韻	천문(astro)	46	27%	term	
P23332	次大平館用唐新庵韻 正使韻 其二	식물(plant)	62	52%	term	
P23333	次大平館用唐新庵韻 正使韻 其三	애상(sympathy)	43	27%	term	
P23334	次大平館用唐新庵韻 正使韻 其四	유람(travel)	23	16%	term	
P23335	次大平館用唐新庵韻 正使韻 其五	유람(travel)	62	52%	term	
P23336	次大平館用唐新庵韻 正使韻 其六	계절(season)	15	17%	term	
P23337	次出漢城戲作。回文體。正使韻	계절(season)	42	27%	term	
P23338	次出漢城戲作。回文體。正使韻 其二	변새(frontier)	48	27%	term	
P23339	次慕華館送別正使韻	송별(farewell)	97	94%	title, term	
P23340	次慕華館送別副使韻	송별(farewell)	97	94%	title	
P23341	次設祖慕華館 副使韻	송별(farewell)	47	27%	term	
P23342	次效東坡體 正使韻	기타(others)	58	38%	title	
P23343	次效東坡體 正使韻 其二	기타(others)	58	38%	title	
P23344	次效東坡體 正使韻 其三	기타(others)	70	82%	title	
P23345	次效東坡體 副使韻	기타(others)	53	38%	title	
P23346	次碧蹄館道中遇雨 副使韻	천문(astro)	54	38%	title	
P23347	次碧蹄別金國相正使韻	송별(farewell)	97	94%	title	
P23348	次碧蹄館西二石將軍正使韻	인물(person)	47	27%	term	
P23349	次碧蹄館西二石將軍正使韻 其二	변새(frontier)	55	38%	term	
P23350	次碧蹄館西二石將軍副使韻	송별(farewell)	15	17%	term	
P23351	次坡州館 正使韻	애상(sympathy)	44	27%	term	
P23352	次過坡州館見衆芳搖落副使韻	유람(travel)	79	82%	title	
P23353	次滴翠亭 副使韻	건물(structure)	93	94%	title	
P23354	次重渡臨津江 正使韻	유람(travel)	58	38%	title	
P23355	次重泛臨津江 副使韻	유람(travel)	66	52%	title	
P23356	次重泛臨津江 副使韻 其二	유람(travel)	59	38%	title	
P23357	次晩渡臨津江 副使韻	송별(farewell)	42	27%	term	
P23358	次重渡臨津江縱魚歌副使韻	유람(travel)	58	38%	title	
P23359	次臨津江口號 副使韻	천문(astro)	27	16%	term	
P23360	次東坡館翫月正使韻	강해(water)	52	38%	term	
P23361	次重過東坡館 副使韻	유람(travel)	82	94%	title	
P23362	次東坡道中用雲岡韻。回文體。副使韻	유람(travel)	60	52%	title	
P23363	次吹笛亭 副使韻	건물(structure)	95	94%	title	
P23364	次吹笛橋 副使韻	애상(sympathy)	48	27%	term	
P23365	次重入開城大平館 正使韻	유람(travel)	52	38%	title	
P23366	次開城十絶 副使韻	건물(structure)	53	38%	title	
P23367	次開城十絶 副使韻 其二	건물(structure)	70	82%	title	
P23368	次開城十絶 副使韻 其三	건물(structure)	52	38%	title	
P23369	次開城十絶 副使韻 其四	건물(structure)	55	38%	title	
P23370	次開城十絶 副使韻 其五	건물(structure)	55	38%	title	
P23371	次開城十絶 副使韻 其六	건물(structure)	56	38%	title	
P23372	次開城十絶 副使韻 其七	건물(structure)	58	38%	title	
P23373	次開城十絶 副使韻 其八	회고(reminiscence)	41	27%	term	
P23374	次開城十絶 副使韻 其九	건물(structure)	55	38%	title	
P23375	次開城十絶 副使韻 其十	애상(sympathy)	43	27%	term	
P23376	次觀高麗故宮正使韻	건물(structure)	58	38%	title	
P23377	次觀高麗故宮正使韻 其二	건물(structure)	56	38%	title	
P23378	次觀高麗故宮正使韻 其三	건물(structure)	71	82%	title	
P23379	次登高麗故址副使韻	계절(season)	38	14%	term	
P23380	次見溪上籠魚 副使韻	한적(tranquility)	52	38%	term	
P23381	次金郊道中口號正使韻	유람(travel)	60	52%	title	
P23382	次金郊道中口號正使韻 其二	유람(travel)	88	94%	title	
P23383	次吾助川 副使韻	강해(water)	64	52%	term	
P23384	次過脫彌嶺 副使韻	유람(travel)	69	52%	title	
P23385	次重宿興義館 正使韻	유람(travel)	82	94%	title, term	
P23386	次重宿興義館 副使韻	유람(travel)	95	94%	title	
P23387	次過猪灘 副使韻	유람(travel)	74	82%	title, term	
P23388	次過金巖口號正使韻	유람(travel)	76	82%	title	
P23389	次過金巖口號副使韻	유람(travel)	78	82%	title, term	
P23390	次過金巖口號副使韻 其二	유람(travel)	77	82%	title	
P23391	次望寶山副使韻	산악(mountain)	53	38%	title	
P23392	次望寶山副使韻 其二	산악(mountain)	56	38%	title	
P23393	次宿寶山館 正使韻	유람(travel)	87	94%	title, term	
P23394	次寶山道中副使韻	유람(travel)	60	52%	title	
P23395	次重遊蔥秀山 副使韻	유람(travel)	67	52%	title, term	
P23396	次安城道中副使韻	유람(travel)	60	52%	title	
P23397	次龍泉道中題屛風巖 副使韻	유람(travel)	53	38%	title	
P23398	次重過龍泉 正使韻	유람(travel)	72	82%	title	
P23399	次重過龍泉 正使韻 其二	유람(travel)	71	82%	title	
P23400	次過劍水口占 正使韻	유람(travel)	78	82%	title	
P23401	次過劍水口占 正使韻 其二	유람(travel)	64	52%	title	
P23402	次過劍水口占 正使韻 其三	유람(travel)	78	82%	title	
P23403	次鳳山洞仙館 正使韻	산악(mountain)	59	38%	title, term	
P23404	次棲鳳亭 副使韻	건물(structure)	93	94%	title	
P23405	次黃州道中望海 正使韻	유람(travel)	59	38%	title	
P23406	次重過齊安館 正使韻	유람(travel)	76	82%	title	
P23407	次齊安館別金參判 正使韻	송별(farewell)	97	94%	title	
P23408	次齊安館別金參判 副使韻	송별(farewell)	97	94%	title	
P23409	次貯福院 王使韻	애상(sympathy)	39	14%	term	
P23410	次重過生陽館正使韻	유람(travel)	79	82%	title	
P23411	次平壤城東途中 正使韻	유람(travel)	95	94%	title, term	
P23412	次平壤城東途中 正使韻 其二	유람(travel)	95	94%	title	
P23413	次重泛大同江 正使韻	유람(travel)	84	94%	title	
P23414	次登浮碧樓 正使韻	건물(structure)	55	38%	title	
P23415	次登浮碧樓 正使韻 其2	건물(structure)	60	52%	title	
P23416	次登浮碧樓 正使韻 其3	계절(season)	40	27%	term	
P23417	次登浮碧樓 正使韻 其4	건물(structure)	56	38%	title	
P23418	次登浮碧樓 正使韻 其5	건물(structure)	60	52%	title, term	
P23419	次題牧丹峯 正使韻	도화(picture)	60	52%	title	
P23420	次浮碧樓副使韻	변새(frontier)	41	27%	term	
P23421	次牡丹峯 副使韻	애상(sympathy)	37	14%	term	
P23422	次登詠歸樓 正使韻	송별(farewell)	69	52%	title	
P23423	次先月亭 正使韻	건물(structure)	93	94%	title	
P23424	次先月亭 正使韻 其二	건물(structure)	87	94%	title	
P23425	次先月亭 正使韻 其三	건물(structure)	94	94%	title	
P23426	次練光亭 副使韻	건물(structure)	86	94%	title	
P23427	次重登風月樓 副使韻	천문(astro)	24	16%	term	
P23428	次重過安定館 正使韻	유람(travel)	81	94%	title	
P23429	次重過安定館 副使韻	유람(travel)	81	94%	title	
P23430	次登肅寧館樓 正使韻	애상(sympathy)	48	27%	term	
P23431	次肅寧館 副使韻	변새(frontier)	45	27%	term	
P23432	次重登百祥樓 正使韻	건물(structure)	54	38%	title	
P23433	次送春十絶 副使韻	송별(farewell)	96	94%	title	
P23434	次送春十絶 副使韻 其二	송별(farewell)	97	94%	title	
P23435	次送春十絶 副使韻 其三	송별(farewell)	97	94%	title	
P23436	次送春十絶 副使韻 其四	송별(farewell)	94	94%	title	
P23437	次送春十絶 副使韻 其五	송별(farewell)	97	94%	title	
P23438	次送春十絶 副使韻 其六	송별(farewell)	85	94%	title, term	
P23439	次送春十絶 副使韻 其七	송별(farewell)	97	94%	title	
P23440	次送春十絶 副使韻 其八	송별(farewell)	97	94%	title	
P23441	次送春十絶 副使韻 其九	송별(farewell)	97	94%	title	
P23442	次送春十絶 副使韻 其十	송별(farewell)	95	94%	title	
P23443	次重泛淸川江 正使韻	유람(travel)	88	94%	title	
P23444	次重泛淸川江 正使韻 其二	유람(travel)	58	38%	title	
P23445	次嘉平館齊山亭 正使韻	건물(structure)	84	94%	title	
P23446	次齊山亭觀射 副使韻	건물(structure)	80	94%	title	
P23447	次重過納淸亭 副使韻	건물(structure)	65	52%	title	
P23448	次重過郭山孝女副使韻	유람(travel)	73	82%	title	
P23449	次重過林畔館見水田正使韻	유람(travel)	81	94%	title	
P23450	次重過所串館卽事正使韻	유람(travel)	68	52%	title, term	
P23451	奉別正使大人	송별(farewell)	97	94%	title	
P23452	奉別正使大人 其二	송별(farewell)	97	94%	title	
P23453	奉別副使大人	송별(farewell)	97	94%	title	
P23454	奉別副使大人 其二	송별(farewell)	93	94%	title	
P23455	次江之水 正使韻	송별(farewell)	49	27%	term	
P23456	次遊漢江 己亥。詔使華察，薛廷寵。時以宰樞參遊觀。	유람(travel)	64	52%	title	
P23457	次遊漢江 己亥。詔使華察，薛廷寵。時以宰樞參遊觀。 其二	유람(travel)	66	52%	title, term	
P23458	次遊漢江 副使韻	유람(travel)	65	52%	title	
P23459	次遊漢江 副使韻 其二	유람(travel)	64	52%	title	
P23460	次楊花渡阻風正使韻	유람(travel)	73	82%	title	
P23461	次楊花渡阻風正使韻 其二	유람(travel)	73	82%	title	
P23462	次遊楊花渡不至副使韻	유람(travel)	76	82%	title	
P23463	次寄別同遊漢江諸君正使韻	송별(farewell)	64	52%	title, term	
P23464	次寄別同遊漢江諸君副使韻	송별(farewell)	63	52%	title	
P23465	次立春 丙午。弔祭使王鶴。時爲遠接使。	변새(frontier)	46	27%	term	
P23466	次義順館	송별(farewell)	52	38%	term	
P23467	次發林畔館	유람(travel)	95	94%	title	
P23468	次嘉平道中	유람(travel)	68	52%	title	
P23469	次嘉平道中 其二	유람(travel)	78	82%	title	
P23470	次嘉平道中 其三	유람(travel)	66	52%	title	
P23471	次控江亭	건물(structure)	90	94%	title	
P23472	次過箕子廟	유람(travel)	70	82%	title	
P23473	次入平壤府	애상(sympathy)	46	27%	term	
P23474	次渡大同江	유람(travel)	52	38%	title	
P23475	次黃州	계절(season)	36	14%	term	
P23476	次過鳳山	유람(travel)	77	82%	title	
P23477	次蔥秀山	산악(mountain)	56	38%	title	
P23478	次晩至寶山館	산악(mountain)	59	38%	title	
P23479	次月	애상(sympathy)	23	16%	term	
P23480	次金巖道中	유람(travel)	61	52%	title	
P23481	次金巖道中 其二	유람(travel)	61	52%	title	
P23482	次金郊道中	유람(travel)	75	82%	title, term	
P23483	次發開城府	유람(travel)	90	94%	title	
P23484	次漢城迎詔	건물(structure)	63	52%	title	
P23485	次登大平樓	건물(structure)	56	38%	title	
P23486	次遊漢江	유람(travel)	63	52%	title	
P23487	次遊漢江 其二	유람(travel)	64	52%	title	
P23488	次重登大平樓六絶	건물(structure)	71	82%	title	
P23489	次重登大平樓六絶 其二	건물(structure)	53	38%	title	
P23490	次重登大平樓六絶 其三	건물(structure)	70	82%	title	
P23491	次重登大平樓六絶 其四	건물(structure)	61	52%	title	
P23492	次重登大平樓六絶 其五	건물(structure)	63	52%	title, term	
P23493	次重登大平樓六絶 其六	건물(structure)	73	82%	title, term	
P23494	次鄙句。不足以辱淸敎	한적(tranquility)	24	16%	term	
P23495	次鄙句。不足以辱淸敎 其二	회방(meet)	52	38%	term	
P23496	次渡臨津江	유람(travel)	56	38%	title	
P23497	次渡臨津江 其二	유람(travel)	60	52%	title	
P23498	次蔥秀山小酌	산악(mountain)	56	38%	title	
P23499	次夜燕廣遠樓	건물(structure)	53	38%	title	
P23500	次至大同江見柳	강해(water)	15	17%	term	
P23501	次泛大同江	유람(travel)	71	82%	title	
P23502	次登練光亭	건물(structure)	95	94%	title	
P23503	次登浮碧樓	건물(structure)	60	52%	title	
P23504	次早登快哉亭	건물(structure)	94	94%	title	
P23505	次謁箕子墓	애상(sympathy)	58	38%	title	
P23506	次登百祥樓	건물(structure)	67	52%	title	
P23507	次定州遇雨	천문(astro)	60	52%	title	
P23508	別詩 五首○用漢江，大平，蔥秀，百祥韻。	송별(farewell)	88	94%	title	
P23509	別詩 五首○用漢江，大平，蔥秀，百祥韻。 其二	송별(farewell)	89	94%	title, term	
P23510	別詩 五首○用漢江，大平，蔥秀，百祥韻。 其三	송별(farewell)	87	94%	title	
P23511	別詩 五首○用漢江，大平，蔥秀，百祥韻。 其四	송별(farewell)	88	94%	title	
P23512	別詩 五首○用漢江，大平，蔥秀，百祥韻。 其五	송별(farewell)	88	94%	title	
P23513	忍齋[唐皐]	건물(structure)	65	52%	title	
P23514	十玩堂[唐皐]	건물(structure)	61	52%	title	
P23515	忍齋[史道]	건물(structure)	70	82%	title	
P23516	十玩堂[史道]	건물(structure)	57	38%	title	